ㄊㄞˊ-ㄨㄢ-ㄧˋ-ㄉㄚˋ	臺灣藝大	-6.60980192	names
ㄊㄞˊ-ㄨㄢ-ㄧˋ-ㄉㄚˋ	台灣藝大	-6.60980292	names
ㄙ-ㄌㄧˋ-ㄓㄨㄥ-ㄒㄧㄣˋ-ㄍㄠ-ㄓㄨㄥ	私立忠信高中	-5.74707439	names
ㄙ-ㄌㄧˋ-ㄓㄨㄥ-ㄒㄧㄣˋ-ㄍㄠ-ㄓㄨㄥ	私立中信高中	-5.74707539	names
ㄖˋ-ㄔㄨ-ㄔㄚˊ-ㄊㄞˋ	日出茶太	-6.60980192	names
ㄉㄚˋ-ㄩㄢˋ-ㄗˇ	大苑子	-7.04116568	names
ㄓㄣ-ㄓㄨˇ-ㄉㄢ	珍煮丹	-7.04116568	names
ㄐㄧㄚˇ-ㄨㄣˊ-ㄑㄧㄥ	甲文青	-7.04116568	names
ㄧ-ㄈㄤ-ㄕㄨㄟˇ-ㄍㄨㄛˇ-ㄔㄚˊ	一芳水果茶	-6.17843815	names
ㄧˋ-ㄈㄤ-ㄕㄨㄟˇ-ㄍㄨㄛˇ-ㄔㄚˊ	一芳水果茶	-6.67843815	names
ㄙㄢ-ㄒㄧㄣˋ-ㄕㄤ-ㄧㄝˋ-ㄧㄣˊ-ㄏㄤˊ	三信商業銀行	-5.74707439	names
ㄙㄢ-ㄈㄣ-ㄔㄨㄣ-ㄙㄜˋ	三分春色	-6.60980192	names
ㄕㄤˋ-ㄏㄞˇ-ㄕㄤ-ㄧㄝˋ-ㄔㄨˊ-ㄒㄩˋ-ㄧㄣˊ-ㄏㄤˊ	上海商業儲蓄銀行	-5.74707439	names
ㄐㄧㄥ-ㄔㄥˊ-ㄕㄤ-ㄧㄝˋ-ㄧㄣˊ-ㄏㄤˊ	京城商業銀行	-5.74707439	names
ㄩㄢˊ-ㄉㄚˋ-ㄕㄤ-ㄧㄝˋ-ㄧㄣˊ-ㄏㄤˊ	元大商業銀行	-5.74707439	names
ㄑㄩㄢˊ-ㄍㄨㄛˊ-ㄐㄧㄚ-ㄧㄡˊ-ㄓㄢˋ	全國加油站	-6.17843815	names
ㄑㄩㄢˊ-ㄍㄨㄛˊ-ㄉㄧㄢˋ-ㄗˇ	全國電子	-6.60980192	names
ㄅㄚ-ㄧㄠˋ-ㄏㄢˋ-ㄔㄚˊ	八曜和茶	-6.60980192	names
ㄊㄞˊ-ㄓㄨㄥ-ㄕㄤ-ㄧㄝˋ-ㄧㄣˊ-ㄏㄤˊ	台中商業銀行	-5.74707439	names
ㄊㄞˊ-ㄅㄟˇ-ㄈㄨˋ-ㄅㄤ-ㄕㄤ-ㄧㄝˋ-ㄧㄣˊ-ㄏㄤˊ	台北富邦商業銀行	-5.74707439	names
ㄊㄞˊ-ㄨㄢ-ㄓㄨㄥ-ㄧㄡˊ	台灣中油	-6.60980192	names
ㄏㄜˊ-ㄗㄨㄛˋ-ㄐㄧㄣ-ㄎㄨˋ-ㄕㄤ-ㄧㄝˋ-ㄧㄣˊ-ㄏㄤˊ	合作金庫商業銀行	-5.74707439	names
ㄢ-ㄊㄞˋ-ㄕㄤ-ㄧㄝˋ-ㄧㄣˊ-ㄏㄤˊ	安泰商業銀行	-5.74707439	names
ㄓㄤ-ㄏㄨㄚˋ-ㄕㄤ-ㄧㄝˋ-ㄧㄣˊ-ㄏㄤˊ	彰化商業銀行	-5.74707439	names
ㄇㄛˊ-ㄙ-ㄏㄢˋ-ㄅㄠˇ	摩斯漢堡	-6.60980192	names
ㄔㄨㄣ-ㄕㄨㄟˇ-ㄊㄤˊ-ㄖㄣˊ-ㄨㄣˊ-ㄔㄚˊ-ㄍㄨㄢˇ	春水堂人文茶館	-5.74707439	names
ㄅㄢˇ-ㄒㄧㄣˋ-ㄕㄤ-ㄧㄝˋ-ㄧㄣˊ-ㄏㄤˊ	板信商業銀行	-5.74707439	names
ㄑㄧㄥ-ㄒㄧㄣ-ㄈㄨˊ-ㄑㄩㄢˊ	清心福全	-6.60980192	names
ㄩˋ-ㄕㄢ-ㄕㄤ-ㄧㄝˋ-ㄧㄣˊ-ㄏㄤˊ	玉山商業銀行	-5.74707439	names
ㄉㄧˋ-ㄧ-ㄕㄤ-ㄧㄝˋ-ㄧㄣˊ-ㄏㄤˊ	第一商業銀行	-5.74707439	names
ㄌㄧㄢˊ-ㄅㄤ-ㄕㄤ-ㄧㄝˋ-ㄧㄣˊ-ㄏㄤˊ	聯邦商業銀行	-5.74707439	names
ㄊㄞˊ-ㄨㄢ-ㄓㄨㄥ-ㄒㄧㄠˇ-ㄑㄧˋ-ㄧㄝˋ-ㄧㄣˊ-ㄏㄤˊ	臺灣中小企業銀行	-5.74707439	names
ㄊㄞˊ-ㄨㄢ-ㄧㄣˊ-ㄏㄤˊ	臺灣銀行	-6.60980192	names
ㄔㄚˊ-ㄓ-ㄇㄛˊ-ㄕㄡˇ	茶之魔手	-6.60980192	names
ㄏㄨㄚˊ-ㄋㄢˊ-ㄕㄤ-ㄧㄝˋ-ㄧㄣˊ-ㄏㄤˊ	華南商業銀行	-5.74707439	names
ㄏㄨㄚˊ-ㄊㄞˋ-ㄕㄤ-ㄧㄝˋ-ㄧㄣˊ-ㄏㄤˊ	華泰商業銀行	-5.74707439	names
ㄌㄨˋ-ㄧˋ-ㄕㄚ-ㄎㄚ-ㄈㄟ	路易莎咖啡	-6.17843815	names
ㄇㄧˊ-ㄎㄜˋ-ㄒㄧㄚˋ	迷客夏	-7.04116568	names
ㄩㄢˇ-ㄉㄨㄥ-ㄍㄨㄛˊ-ㄐㄧˋ-ㄕㄤ-ㄧㄝˋ-ㄧㄣˊ-ㄏㄤˊ	遠東國際商業銀行	-5.74707439	names
ㄑㄧㄢˊ-ㄉㄨ-ㄕㄨㄚ-ㄕㄨㄚ-ㄍㄨㄛ	錢都涮涮鍋	-6.17843815	names
ㄍㄠ-ㄒㄩㄥˊ-ㄧㄣˊ-ㄏㄤˊ	高雄銀行	-6.60980192	names
ㄇㄚˊ-ㄍㄨˇ-ㄔㄚˊ-ㄈㄤ	麻古茶坊	-6.60980192	names
ㄧ-ㄈㄥ-ㄊㄤˊ	一風堂	-7.04116568	names
ㄧˋ-ㄈㄥ-ㄊㄤˊ	一風堂	-7.54116568	names
ㄓㄨㄥ-ㄒㄧㄣˋ-ㄎㄜ-ㄐㄧˋ-ㄉㄚˋ-ㄒㄩㄝˊ	中信科技大學	-5.74707439	names
ㄓㄨㄥ-ㄒㄧㄣˋ-ㄐㄧㄣ-ㄖㄨㄥˊ-ㄍㄨㄢˇ-ㄌㄧˇ-ㄒㄩㄝˊ-ㄩㄢˋ	中信金融管理學院	-5.74707439	names
ㄓㄨㄥ-ㄍㄨㄛˊ-ㄒㄧㄣˋ-ㄊㄨㄛ-ㄕㄤ-ㄧㄝˋ-ㄧㄣˊ-ㄏㄤˊ	中國信託商業銀行	-5.74707439	names
ㄨㄢˊ-ㄗㄨㄛˋ-ㄕˊ-ㄔㄚˊ	丸作食茶	-6.60980192	names
ㄧㄚˇ-ㄉㄨㄥ-ㄎㄜ-ㄐㄧˋ-ㄉㄚˋ-ㄒㄩㄝˊ	亞東科技大學	-5.74707439	names
ㄅㄛˊ-ㄌㄤˇ-ㄎㄚ-ㄈㄟ-ㄍㄨㄢˇ	伯朗咖啡館	-6.17843815	names
ㄓㄠˋ-ㄈㄥ-ㄍㄨㄛˊ-ㄐㄧˋ-ㄕㄤ-ㄧㄝˋ-ㄧㄣˊ-ㄏㄤˊ	兆豐國際商業銀行	-5.74707439	names
ㄌㄧㄡˋ-ㄐㄧㄠˇ-ㄍㄨㄛˊ-ㄐㄧˋ	六角國際	-6.60980192	names
ㄎㄞˇ-ㄐㄧ-ㄕㄤ-ㄧㄝˋ-ㄧㄣˊ-ㄏㄤˊ	凱基商業銀行	-5.74707439	names
ㄑㄧㄢ-ㄧㄝˋ-ㄏㄨㄛˇ-ㄍㄨㄛ	千葉火鍋	-6.60980192	names
ㄊㄞˊ-ㄙㄨˋ-ㄕˊ-ㄏㄨㄚˋ	台塑石化	-6.60980192	names
ㄊㄞˊ-ㄒㄧㄣ-ㄍㄨㄛˊ-ㄐㄧˋ-ㄕㄤ-ㄧㄝˋ-ㄧㄣˊ-ㄏㄤˊ	台新國際商業銀行	-5.74707439	names
ㄊㄞˊ-ㄍㄤ-ㄎㄜ-ㄐㄧˋ-ㄉㄚˋ-ㄒㄩㄝˊ	台鋼科技大學	-5.74707439	names
ㄙˋ-ㄏㄞˇ-ㄧㄡˊ-ㄌㄨㄥˊ	四海遊龍	-6.60980192	names
ㄍㄨㄛˊ-ㄊㄞˋ-ㄕˋ-ㄏㄨㄚˊ-ㄕㄤ-ㄧㄝˋ-ㄧㄣˊ-ㄏㄤˊ	國泰世華商業銀行	-5.74707439	names
ㄉㄚˋ-ㄊㄨㄥˊ-ㄉㄚˋ-ㄒㄩㄝˊ	大同大學	-6.60980192	names
ㄉㄚˋ-ㄒㄧ-ㄧㄤˊ-ㄧㄣˇ-ㄌㄧㄠˋ	大西洋飲料	-6.17843815	names
ㄉㄚˋ-ㄅㄢˇ-ㄨㄤˊ-ㄐㄧㄤ	大阪王將	-6.60980192	names
ㄊㄧㄢ-ㄖㄣˊ-ㄔㄚˊ-ㄧㄝˋ	天仁茶業	-6.60980192	names
ㄙㄨㄣ-ㄉㄨㄥ-ㄅㄠˇ-ㄊㄞˊ-ㄕˋ-ㄋㄧㄡˊ-ㄆㄞˊ-ㄐㄧㄠˋ-ㄈㄨˋ	孫東寶台式牛排教父	-5.74707439	names
ㄏㄨㄥˊ-ㄍㄨㄛˊ-ㄉㄜˊ-ㄌㄧㄣˊ-ㄎㄜ-ㄐㄧˋ-ㄉㄚˋ-ㄒㄩㄝˊ	宏國德霖科技大學	-5.74707439	names
ㄎㄜˋ-ㄇㄟˇ-ㄉㄨㄛ-ㄎㄚ-ㄈㄟ	客美多咖啡	-6.17843815	names
ㄕㄢ-ㄑㄧˊ-ㄇㄧㄢˋ-ㄅㄠ	山崎麵包	-6.60980192	names
ㄉㄜˊ-ㄎㄜˋ-ㄕˋ	德克士	-7.04116568	names
ㄎㄨㄞˋ-ㄌㄜˋ-ㄋㄧㄥˊ-ㄇㄥˊ	快樂檸檬	-6.60980192	names
ㄌㄚ-ㄧㄚˇ-ㄏㄢˋ-ㄅㄠˇ	拉亞漢堡	-6.60980192	names
ㄇㄧㄣˇ-ㄕˊ-ㄎㄜ-ㄐㄧˋ-ㄉㄚˋ-ㄒㄩㄝˊ	敏實科技大學	-5.74707439	names
ㄗㄠˇ-ㄢ-ㄇㄟˇ-ㄓ-ㄔㄥˊ	早安美芝城	-6.17843815	names
ㄇㄧㄥˊ-ㄓˋ-ㄎㄜ-ㄐㄧˋ-ㄉㄚˋ-ㄒㄩㄝˊ	明志科技大學	-5.74707439	names
ㄒㄧㄥ-ㄓㄢˇ-ㄧㄣˊ-ㄏㄤˊ	星展銀行	-6.60980192	names
ㄈㄥ-ㄎㄤ-ㄔㄠ-ㄕˋ	楓康超市	-6.60980192	names
ㄩㄥˇ-ㄈㄥ-ㄕㄤ-ㄧㄝˋ-ㄧㄣˊ-ㄏㄤˊ	永豐商業銀行	-5.74707439	names
ㄊㄞˋ-ㄕㄢ-ㄑㄧˋ-ㄧㄝˋ	泰山企業	-6.60980192	names
ㄓㄚ-ㄉㄚˇ-ㄍㄨㄛˊ-ㄐㄧˋ-ㄕㄤ-ㄧㄝˋ-ㄧㄣˊ-ㄏㄤˊ	渣打國際商業銀行	-5.74707439	names
ㄓㄥ-ㄒㄧㄢ	爭鮮	-7.17149945	names
ㄨㄤˊ-ㄆㄧㄣˇ	王品	-7.17149945	names
ㄖㄨㄟˋ-ㄒㄧㄥ-ㄕㄤ-ㄧㄝˋ-ㄧㄣˊ-ㄏㄤˊ	瑞興商業銀行	-5.74707439	names
ㄨㄚˇ-ㄔㄥˊ-ㄊㄞˋ-ㄊㄨㄥˇ	瓦城泰統	-6.60980192	names
ㄓㄨˊ-ㄐㄧㄢ-ㄒㄧㄥˋ-ㄈㄨˊ-ㄍㄨㄛ-ㄨˋ	築間幸福鍋物	-5.74707439	names
ㄓㄨˊ-ㄐㄧㄢ-ㄘㄢ-ㄧㄣˇ	築間餐飲	-6.60980192	names
ㄊㄨㄥˇ-ㄧ-ㄑㄧˋ-ㄧㄝˋ	統一企業	-6.60980192	names
ㄐㄧˋ-ㄍㄨㄤ-ㄒㄧㄤ-ㄒㄧㄤ-ㄐㄧ	繼光香香雞	-6.17843815	names
ㄆㄤˋ-ㄌㄠˇ-ㄉㄧㄝ-ㄇㄟˇ-ㄕˋ-ㄓㄚˋ-ㄐㄧ	胖老爹美式炸雞	-5.74707439	names
ㄊㄞˊ-ㄨㄢ-ㄊㄨˇ-ㄉㄧˋ-ㄧㄣˊ-ㄏㄤˊ	臺灣土地銀行	-5.74707439	names
ㄊㄞˊ-ㄨㄢ-ㄒㄧㄣ-ㄍㄨㄤ-ㄕㄤ-ㄧㄝˋ-ㄧㄣˊ-ㄏㄤˊ	臺灣新光商業銀行	-5.74707439	names
ㄙㄚˋ-ㄌㄧˋ-ㄧㄚˇ	薩莉亞	-7.04116568	names
ㄒㄩˇ-ㄌㄧㄡˊ-ㄕㄢ	許留山	-7.04116568	names
ㄍㄨㄟˋ-ㄗㄨˊ-ㄕˋ-ㄐㄧㄚ	貴族世家	-6.60980192	names
ㄉㄚˊ-ㄇㄟˇ-ㄌㄜˋ-ㄆㄧ-ㄙㄚˋ	達美樂披薩	-6.17843815	names
ㄔㄤˊ-ㄍㄥ-ㄉㄚˋ-ㄒㄩㄝˊ	長庚大學	-6.60980192	names
ㄔㄤˊ-ㄍㄥ-ㄎㄜ-ㄐㄧˋ-ㄉㄚˋ-ㄒㄩㄝˊ	長庚科技大學	-5.74707439	names
ㄊㄠˊ-ㄅㄢˇ-ㄨ	陶板屋	-7.04116568	names
ㄧㄤˊ-ㄒㄧㄣˋ-ㄕㄤ-ㄧㄝˋ-ㄧㄣˊ-ㄏㄤˊ	陽信商業銀行	-5.74707439	names
ㄐㄧㄠˇ-ㄗ˙-ㄉㄜ˙-ㄨㄤˊ-ㄐㄧㄤ	餃子的王將	-6.17843815	names
ㄇㄞˋ-ㄨㄟˋ-ㄉㄥ	麥味登	-7.04116568	names
ㄧ-ㄓ-ㄒㄩㄢ	一之軒	-7.04116568	names
ㄧˋ-ㄓ-ㄒㄩㄢ	一之軒	-7.54116568	names
ㄧ-ㄎㄚˇ-ㄊㄨㄥ-ㄆㄧㄠˋ-ㄓㄥˋ	一卡通票證	-6.17843815	names
ㄧˋ-ㄎㄚˇ-ㄊㄨㄥ-ㄆㄧㄠˋ-ㄓㄥˋ	一卡通票證	-6.67843815	names
ㄧ-ㄇㄨˋ-ㄖˋ	一沐日	-7.04116568	names
ㄧˊ-ㄇㄨˋ-ㄖˋ	一沐日	-7.54116568	names
ㄧ-ㄈㄨˊ-ㄊㄤˊ	一福堂	-7.04116568	names
ㄧˋ-ㄈㄨˊ-ㄊㄤˊ	一福堂	-7.54116568	names
ㄉㄧㄥ-ㄉㄧㄥ-ㄧㄠˋ-ㄐㄩˊ	丁丁藥局	-6.60980192	names
ㄑㄧ-ㄉㄚˋ-ㄍㄨㄥ-ㄕㄤ-ㄊㄨㄢˊ-ㄊㄧˇ	七大工商團體	-5.74707439	names
ㄙㄢ-ㄐㄧㄥˇ-ㄘㄢ-ㄧㄣˇ	三井餐飲	-6.60980192	names
ㄙㄢ-ㄕㄤ-ㄑㄧˋ-ㄧㄝˋ	三商企業	-6.60980192	names
ㄙㄢ-ㄕㄤ-ㄓㄚˋ-ㄐㄧ	三商炸雞	-6.60980192	names
ㄙㄢ-ㄕㄤ-ㄘㄢ-ㄧㄣˇ	三商餐飲	-6.60980192	names
ㄙㄢ-ㄇㄚ-ㄔㄡˋ-ㄔㄡˋ-ㄍㄨㄛ	三媽臭臭鍋	-6.17843815	names
ㄙㄢ-ㄈㄚ-ㄉㄧˋ-ㄔㄢˇ	三發地產	-6.60980192	names
ㄙㄢ-ㄓㄨˊ-ㄗ-ㄒㄩㄣˋ	三竹資訊	-6.60980192	names
ㄙㄢ-ㄅㄟˋ-ㄉㄜˊ-ㄕㄨˋ-ㄨㄟˋ-ㄨㄣˊ-ㄔㄨㄤˋ	三貝德數位文創	-5.74707439	names
ㄙㄢ-ㄧㄤˊ-ㄍㄨㄥ-ㄧㄝˋ	三陽工業	-6.60980192	names
ㄕㄤˋ-ㄉㄠˇ-ㄐㄧㄚ-ㄅㄟˋ-ㄉㄧㄢˋ	上島珈琲店	-6.17843815	names
ㄕㄤˋ-ㄏㄨㄚˊ-ㄔㄤˋ-ㄆㄧㄢˋ	上華唱片	-6.60980192	names
ㄕㄤˋ-ㄧㄣˊ-ㄎㄜ-ㄐㄧˋ	上銀科技	-6.60980192	names
ㄕˋ-ㄐㄧㄝˋ-ㄐㄧㄢˋ-ㄕㄣ-ㄐㄩˋ-ㄌㄜˋ-ㄅㄨˋ	世界健身俱樂部	-5.74707439	names
ㄕˋ-ㄐㄧㄝˋ-ㄒㄧㄢ-ㄐㄧㄣˋ	世界先進	-6.60980192	names
ㄓㄨㄥ-ㄒㄧㄣˋ-ㄍㄨㄛˊ-ㄐㄧˋ-ㄕˊ-ㄧㄢˋ-ㄐㄧㄠˋ-ㄩˋ-ㄐㄧ-ㄍㄡˋ	中信國際實驗教育機構	-5.74707439	names
ㄓㄨㄥ-ㄒㄧㄣˋ-ㄏㄨㄢˊ-ㄐㄧㄥˋ-ㄐㄧˋ-ㄕㄨˋ	中信環境技術	-5.74707439	names
ㄓㄨㄥ-ㄍㄨㄛˊ-ㄖㄣˊ-ㄗㄠˋ-ㄒㄧㄢ-ㄨㄟˊ	中國人造纖維	-5.74707439	names
ㄓㄨㄥ-ㄍㄨㄛˊ-ㄒㄧㄣˋ-ㄊㄨㄛ-ㄐㄧㄣ-ㄖㄨㄥˊ-ㄎㄨㄥˋ-ㄍㄨˇ	中國信託金融控股	-5.74707439	names
ㄓㄨㄥ-ㄍㄨㄛˊ-ㄏㄨㄚˋ-ㄒㄩㄝˊ-ㄓˋ-ㄧㄠˋ	中國化學製藥	-5.74707439	names
ㄓㄨㄥ-ㄍㄨㄛˊ-ㄊㄞˋ-ㄕㄢ-ㄎㄜ-ㄐㄧˋ-ㄐㄧˊ-ㄊㄨㄢˊ-ㄎㄨㄥˋ-ㄍㄨˇ	中國泰山科技集團控股	-5.74707439	names
ㄓㄨㄥ-ㄍㄨㄛˊ-ㄕˊ-ㄧㄡˊ-ㄏㄨㄚˋ-ㄒㄩㄝˊ-ㄍㄨㄥ-ㄧㄝˋ-ㄎㄞ-ㄈㄚ	中國石油化學工業開發	-5.74707439	names
ㄓㄨㄥ-ㄍㄨㄛˊ-ㄏㄤˊ-ㄩㄣˋ	中國航運	-6.60980192	names
ㄓㄨㄥ-ㄍㄨㄛˊ-ㄧ-ㄧㄠˋ-ㄉㄚˋ-ㄒㄩㄝˊ	中國醫藥大學	-5.74707439	names
ㄓㄨㄥ-ㄍㄨㄛˊ-ㄍㄤ-ㄊㄧㄝˇ	中國鋼鐵	-6.60980192	names
ㄓㄨㄥ-ㄍㄨㄛˊ-ㄉㄧㄢˋ-ㄑㄧˋ	中國電器	-6.60980192	names
ㄓㄨㄥ-ㄧㄤ-ㄗㄞˋ-ㄅㄠˇ-ㄒㄧㄢˇ	中央再保險	-6.17843815	names
ㄓㄨㄥ-ㄧㄤ-ㄊㄡˊ-ㄗ	中央投資	-6.60980192	names
ㄓㄨㄥ-ㄕㄢ-ㄧ-ㄒㄩㄝˊ-ㄉㄚˋ-ㄒㄩㄝˊ	中山醫學大學	-5.74707439	names
ㄓㄨㄥ-ㄩㄝˋ-ㄐㄧㄢˋ-ㄕㄜˋ	中悅建設	-6.60980192	names
ㄓㄨㄥ-ㄍㄤˇ-ㄍㄠ-ㄓㄨㄥ	中港高中	-6.60980192	names
ㄓㄨㄥ-ㄎㄜ-ㄕˊ-ㄓㄨㄥ	中科實中	-6.60980192	names
ㄓㄨㄥ-ㄎㄜ-ㄕˊ-ㄧㄢˋ-ㄓㄨㄥ-ㄒㄩㄝˊ	中科實驗中學	-5.74707439	names
ㄓㄨㄥ-ㄎㄜ-ㄕˊ-ㄧㄢˋ-ㄍㄠ-ㄓㄨㄥ	中科實驗高中	-5.74707439	names
ㄓㄨㄥ-ㄎㄜ-ㄕˊ-ㄧㄢˋ-ㄍㄠ-ㄐㄧˊ-ㄓㄨㄥ-ㄒㄩㄝˊ	中科實驗高級中學	-5.74707439	names
ㄓㄨㄥ-ㄎㄜ-ㄍㄡˋ-ㄨˋ-ㄍㄨㄤˇ-ㄔㄤˇ	中科購物廣場	-5.74707439	names
ㄓㄨㄥ-ㄎㄜ-ㄍㄠ-ㄓㄨㄥ	中科高中	-6.60980192	names
ㄓㄨㄥ-ㄗㄨ-ㄎㄨㄥˋ-ㄍㄨˇ	中租控股	-6.60980192	names
ㄓㄨㄥ-ㄇㄟˇ-ㄓˋ-ㄧㄠˋ	中美製藥	-6.60980192	names
ㄓㄨㄥ-ㄊㄞˊ-ㄎㄜ-ㄉㄚˋ	中臺科大	-6.60980192	names
ㄓㄨㄥ-ㄊㄞˊ-ㄎㄜ-ㄐㄧˋ-ㄉㄚˋ-ㄒㄩㄝˊ	中臺科技大學	-5.74707439	names
ㄓㄨㄥ-ㄒㄧㄥ-ㄅㄠˇ-ㄑㄩㄢˊ-ㄎㄜ-ㄐㄧˋ	中興保全科技	-5.74707439	names
ㄓㄨㄥ-ㄒㄧㄥ-ㄕㄤ-ㄧㄝˋ-ㄧㄣˊ-ㄏㄤˊ	中興商業銀行	-5.74707439	names
ㄓㄨㄥ-ㄒㄧㄥ-ㄅㄚ-ㄕˋ-ㄐㄧˋ-ㄍㄨㄢ-ㄒㄧˋ-ㄑㄧˋ-ㄧㄝˋ	中興巴士暨關係企業	-5.74707439	names
ㄓㄨㄥ-ㄏㄨㄚˊ-ㄍㄨㄥ-ㄔㄥˊ	中華工程	-6.60980192	names
ㄓㄨㄥ-ㄏㄨㄚˊ-ㄐㄧ-ㄒㄧㄝˋ	中華機械	-6.60980192	names
ㄓㄨㄥ-ㄏㄨㄚˊ-ㄑㄧˋ-ㄔㄜ-ㄍㄨㄥ-ㄧㄝˋ	中華汽車工業	-5.74707439	names
ㄓㄨㄥ-ㄏㄨㄚˊ-ㄆㄧㄠˋ-ㄑㄩㄢˋ-ㄐㄧㄣ-ㄖㄨㄥˊ	中華票券金融	-5.74707439	names
ㄓㄨㄥ-ㄏㄨㄚˊ-ㄎㄜ-ㄉㄚˋ	中華科大	-6.60980192	names
ㄓㄨㄥ-ㄏㄨㄚˊ-ㄎㄜ-ㄐㄧˋ-ㄉㄚˋ-ㄒㄩㄝˊ	中華科技大學	-5.74707439	names
ㄓㄨㄥ-ㄏㄨㄚˊ-ㄓˇ-ㄐㄧㄤ	中華紙漿	-6.60980192	names
ㄓㄨㄥ-ㄏㄨㄚˊ-ㄨㄤˇ-ㄌㄨㄥˊ	中華網龍	-6.60980192	names
ㄓㄨㄥ-ㄏㄨㄚˊ-ㄧ-ㄕˋ-ㄎㄜ-ㄉㄚˋ	中華醫事科大	-5.74707439	names
ㄓㄨㄥ-ㄏㄨㄚˊ-ㄧ-ㄕˋ-ㄎㄜ-ㄐㄧˋ-ㄉㄚˋ-ㄒㄩㄝˊ	中華醫事科技大學	-5.74707439	names
ㄓㄨㄥ-ㄉㄧㄥˇ	中鼎	-7.17149945	names
ㄨㄢˊ-ㄍㄨㄟ-ㄓˋ-ㄇㄧㄢˋ	丸亀製麵	-6.60980192	names
ㄐㄧㄡˇ-ㄐㄧㄣ-ㄕˊ-ㄧㄝˋ	久津實業	-6.60980192	names
ㄐㄧㄡˇ-ㄉㄧㄥˇ-ㄐㄧㄣ-ㄕㄨˇ	久鼎金屬	-6.60980192	names
ㄦˋ-ㄌㄧㄣˊ-ㄍㄨㄥ-ㄕㄤ	二林工商	-6.60980192	names
ㄨˇ-ㄇㄨˋ-ㄌㄚ-ㄇㄧㄢˋ	五木拉麵	-6.60980192	names
ㄨˇ-ㄊㄨㄥˊ-ㄏㄠˋ	五桐號	-7.04116568	names
ㄧㄚˇ-ㄒㄧㄣˋ-ㄉㄧㄢˋ-ㄗˇ	亞信電子	-6.60980192	names
ㄧㄚˇ-ㄋㄧˊ-ㄙ-ㄅㄧˇ	亞妮斯比	-6.60980192	names
ㄧㄚˇ-ㄧˋ	亞憶	-7.17149945	names
ㄧㄚˇ-ㄒㄧㄣ-ㄍㄨㄛˊ-ㄐㄧˋ-ㄎㄞ-ㄈㄚ	亞昕國際開發	-5.74707439	names
ㄧㄚˇ-ㄉㄨㄥ-ㄎㄜ-ㄉㄚˋ	亞東科大	-6.60980192	names
ㄧㄚˇ-ㄓㄡ-ㄕㄨㄟˇ-ㄋㄧˊ	亞洲水泥	-6.60980192	names
ㄧㄚˇ-ㄓㄡ-ㄏㄤˊ-ㄎㄨㄥ	亞洲航空	-6.60980192	names
ㄧㄚˇ-ㄓㄡ-ㄘㄤˊ-ㄕㄡˋ-ㄙ	亞洲藏壽司	-6.17843815	names
ㄧㄚˇ-ㄉㄨ-ㄌㄧˋ-ㄓˋ-ㄉㄚˋ-ㄈㄢˋ-ㄉㄧㄢˋ	亞都麗緻大飯店	-5.74707439	names
ㄐㄧㄥ-ㄩㄢˊ-ㄉㄧㄢˋ-ㄗˇ	京元電子	-6.60980192	names
ㄖㄣˊ-ㄅㄠˇ-ㄉㄧㄢˋ-ㄋㄠˇ	仁寶電腦	-6.60980192	names
ㄖㄣˊ-ㄉㄜˊ-ㄏㄨˋ-ㄓㄨㄢ	仁德護專	-6.60980192	names
ㄖㄣˊ-ㄉㄜˊ-ㄧ-ㄏㄨˋ-ㄍㄨㄢˇ-ㄌㄧˇ-ㄓㄨㄢ-ㄒㄧㄠˋ	仁德醫護管理專校	-5.74707439	names
ㄖㄣˊ-ㄉㄜˊ-ㄧ-ㄏㄨˋ-ㄍㄨㄢˇ-ㄌㄧˇ-ㄓㄨㄢ-ㄎㄜ-ㄒㄩㄝˊ-ㄒㄧㄠˋ	仁德醫護管理專科學校	-5.74707439	names
ㄐㄧㄣ-ㄓㄢˇ-ㄎㄜ-ㄐㄧˋ	今展科技	-6.60980192	names
ㄧ-ㄈㄨ-ㄌㄧˊ-ㄒㄩㄝˇ	伊夫黎雪	-6.60980192	names
ㄧ-ㄌㄟˇ-ㄇㄧㄥˊ-ㄉㄧㄢˋ	伊蕾名店	-6.60980192	names
ㄒㄧㄡ-ㄒㄧㄢˊ-ㄍㄨㄛˊ-ㄌㄧㄢˊ	休閒國聯	-6.60980192	names
ㄒㄧㄡ-ㄒㄧㄢˊ-ㄒㄧㄠˇ-ㄓㄢˋ	休閒小站	-6.60980192	names
ㄏㄜˊ-ㄐㄧㄚ-ㄖㄣˊ-ㄕㄨ-ㄉㄧㄢˋ	何嘉仁書店	-6.17843815	names
ㄈㄛˊ-ㄍㄨㄤ-ㄉㄚˋ-ㄒㄩㄝˊ	佛光大學	-6.60980192	names
ㄐㄧㄚ-ㄕˋ-ㄉㄚˊ-ㄎㄜ-ㄐㄧˋ	佳世達科技	-6.17843815	names
ㄐㄧㄚ-ㄅㄤ-ㄎㄜ-ㄐㄧˋ	佳邦科技	-6.60980192	names
ㄐㄧㄚ-ㄧㄣ-ㄧㄥ-ㄩˇ	佳音英語	-6.60980192	names
ㄐㄧㄚ-ㄌㄨㄥˊ-ㄎㄜ-ㄐㄧˋ-ㄍㄨㄥ-ㄔㄥˊ	佳龍科技工程	-5.74707439	names
ㄧ-ㄇㄥˋ	依夢	-7.17149945	names
ㄒㄧㄣˋ-ㄧˋ-ㄈㄤˊ-ㄨ	信義房屋	-6.60980192	names
ㄒㄧㄣˋ-ㄏㄨㄚˊ-ㄎㄜ-ㄐㄧˋ	信驊科技	-6.60980192	names
ㄒㄧㄡ-ㄆㄧㄥˊ-ㄎㄜ-ㄉㄚˋ	修平科大	-6.60980192	names
ㄒㄧㄡ-ㄆㄧㄥˊ-ㄎㄜ-ㄐㄧˋ-ㄉㄚˋ-ㄒㄩㄝˊ	修平科技大學	-5.74707439	names
ㄧˇ-ㄊㄧㄢ-ㄗ-ㄒㄩㄣˋ	倚天資訊	-6.60980192	names
ㄨㄟˇ-ㄎㄤ-ㄎㄜ-ㄐㄧˋ	偉康科技	-6.60980192	names
ㄨㄟˇ-ㄌㄧㄢˊ-ㄎㄜ-ㄐㄧˋ	偉聯科技	-6.60980192	names
ㄐㄧㄢˋ-ㄒㄧㄥˊ-ㄎㄜ-ㄉㄚˋ	健行科大	-6.60980192	names
ㄐㄧㄢˋ-ㄒㄧㄥˊ-ㄎㄜ-ㄐㄧˋ-ㄉㄚˋ-ㄒㄩㄝˊ	健行科技大學	-5.74707439	names
ㄐㄧㄢˋ-ㄕㄣ-ㄍㄨㄥ-ㄔㄤˇ	健身工廠	-6.60980192	names
ㄑㄧㄠˊ-ㄓㄨㄥ	僑中	-7.17149945	names
ㄑㄧㄠˊ-ㄍㄨㄤ-ㄎㄜ-ㄉㄚˋ	僑光科大	-6.60980192	names
ㄑㄧㄠˊ-ㄍㄨㄤ-ㄎㄜ-ㄐㄧˋ-ㄉㄚˋ-ㄒㄩㄝˊ	僑光科技大學	-5.74707439	names
ㄧˋ-ㄔㄨㄢ-ㄊㄧㄝˇ-ㄍㄨㄥ-ㄙㄨㄛˇ	億川鐵工所	-6.17843815	names
ㄧˋ-ㄙㄚˋ-ㄎㄚˇ-ㄎㄨㄥˋ-ㄍㄨˇ	億薩佧控股	-6.17843815	names
ㄧˋ-ㄈㄥ-ㄗㄨㄥˋ-ㄏㄜˊ-ㄍㄨㄥ-ㄧㄝˋ	億豐綜合工業	-5.74707439	names
ㄩㄢˊ-ㄆㄟˊ-ㄎㄜ-ㄉㄚˋ	元培科大	-6.60980192	names
ㄩㄢˊ-ㄆㄟˊ-ㄎㄜ-ㄐㄧˋ-ㄉㄚˋ-ㄒㄩㄝˊ	元培科技大學	-5.74707439	names
ㄩㄢˊ-ㄆㄟˊ-ㄧ-ㄕˋ-ㄎㄜ-ㄐㄧˋ-ㄉㄚˋ-ㄒㄩㄝˊ	元培醫事科技大學	-5.74707439	names
ㄩㄢˊ-ㄉㄚˋ-ㄅㄠˇ-ㄌㄞˊ-ㄈㄨˋ-ㄧㄥˊ-ㄓㄞˋ-ㄑㄩㄢˋ-ㄐㄧ-ㄐㄧㄣ	元大寶來富盈債券基金	-5.74707439	names
ㄩㄢˊ-ㄉㄚˋ-ㄐㄧㄣ-ㄖㄨㄥˊ-ㄎㄨㄥˋ-ㄍㄨˇ	元大金融控股	-5.74707439	names
ㄩㄢˊ-ㄊㄞˋ-ㄨㄞˋ-ㄏㄨㄟˋ	元太外匯	-6.60980192	names
ㄩㄢˊ-ㄊㄞˋ-ㄎㄜ-ㄐㄧˋ-ㄍㄨㄥ-ㄧㄝˋ	元太科技工業	-5.74707439	names
ㄩㄢˊ-ㄇㄟˇ-ㄍㄨㄛˊ-ㄐㄧˋ-ㄧㄥˋ-ㄒㄧㄤˋ	元美國際映像	-5.74707439	names
ㄓㄠˋ-ㄑㄧㄣˊ-ㄎㄜ-ㄐㄧˋ	兆勤科技	-6.60980192	names
ㄓㄠˋ-ㄈㄥ-ㄐㄧㄣ-ㄖㄨㄥˊ-ㄎㄨㄥˋ-ㄍㄨˇ	兆豐金融控股	-5.74707439	names
ㄒㄧㄢ-ㄏㄜˋ-ㄉㄠˋ	先喝道	-7.04116568	names
ㄍㄨㄤ-ㄑㄧˇ-ㄍㄠ-ㄓㄨㄥ	光啟高中	-6.60980192	names
ㄍㄨㄤ-ㄅㄠˇ-ㄎㄜ-ㄐㄧˋ	光寶科技	-6.60980192	names
ㄍㄨㄤ-ㄏㄜˊ-ㄏㄨㄚˊ-ㄉㄜˊ-ㄈㄨˊ-ㄕˊ-ㄧㄢˋ-ㄒㄩㄝˊ-ㄒㄧㄠˋ	光禾華德福實驗學校	-5.74707439	names
ㄍㄨㄤ-ㄐㄩˋ-ㄐㄧㄥ-ㄉㄧㄢˋ-ㄌㄧㄢˊ-ㄏㄜˊ	光聚晶電聯合	-5.74707439	names
ㄋㄟˋ-ㄍㄨㄥ	內工	-7.17149945	names
ㄋㄟˋ-ㄏㄨˊ-ㄍㄠ-ㄍㄨㄥ	內湖高工	-6.60980192	names
ㄑㄩㄢˊ-ㄖㄣˊ-ㄕˊ-ㄓㄨㄥ	全人實中	-6.60980192	names
ㄑㄩㄢˊ-ㄖㄣˊ-ㄍㄠ-ㄓㄨㄥ	全人高中	-6.60980192	names
ㄑㄩㄢˊ-ㄧㄡˇ-ㄉㄧㄢˋ-ㄋㄠˇ	全友電腦	-6.60980192	names
ㄑㄩㄢˊ-ㄏㄢˋ	全漢	-7.17149945	names
ㄑㄩㄢˊ-ㄑㄧㄡˊ-ㄔㄨㄢˊ-ㄉㄨㄥˋ	全球傳動	-6.60980192	names
ㄑㄩㄢˊ-ㄒㄧㄤˊ-ㄔㄚˊ-ㄓㄨㄤ	全祥茶莊	-6.60980192	names
ㄑㄩㄢˊ-ㄌㄧㄢˊ-ㄕˊ-ㄧㄝˋ	全聯實業	-6.60980192	names
ㄑㄩㄢˊ-ㄌㄧㄢˊ-ㄈㄨˊ-ㄌㄧˋ-ㄓㄨㄥ-ㄒㄧㄣ	全聯福利中心	-5.74707439	names
ㄅㄚ-ㄉㄚˋ-ㄉㄧㄢˋ-ㄕˋ	八大電視	-6.60980192	names
ㄌㄧㄡˋ-ㄏㄜˊ-ㄍㄠ-ㄓㄨㄥ	六和高中	-6.60980192	names
ㄌㄧㄡˋ-ㄕㄢˋ-ㄇㄣˊ-ㄕˊ-ㄕㄤˋ-ㄊㄤ-ㄍㄨㄛ	六扇門時尚湯鍋	-5.74707439	names
ㄌㄧㄡˋ-ㄈㄨˊ-ㄎㄞ-ㄈㄚ	六福開發	-6.60980192	names
ㄗㄞˋ-ㄕㄨㄟˋ-ㄨˇ-ㄈㄣ-ㄓㄨㄥ	再睡五分鐘	-6.17843815	names
ㄗㄞˋ-ㄒㄧㄥ-ㄓㄨㄥ-ㄒㄩㄝˊ	再興中學	-6.60980192	names
ㄍㄨㄢˋ-ㄉㄜˊ-ㄐㄧㄢˋ-ㄕㄜˋ	冠德建設	-6.60980192	names
ㄅㄧㄥ-ㄓㄨㄢˋ-ㄔㄚˊ-ㄧㄣˇ-ㄓㄨㄢ-ㄇㄞˋ-ㄉㄧㄢˋ	冰饌茶飲專賣店	-5.74707439	names
ㄌㄧㄥˊ-ㄊㄧㄢ-ㄏㄤˊ-ㄎㄨㄥ	凌天航空	-6.60980192	names
ㄌㄧㄥˊ-ㄐㄩˋ-ㄎㄜ-ㄐㄧˋ	凌巨科技	-6.60980192	names
ㄎㄞˇ-ㄐㄧ-ㄐㄧㄣ-ㄖㄨㄥˊ-ㄎㄨㄥˋ-ㄍㄨˇ	凱基金融控股	-5.74707439	names
ㄎㄞˇ-ㄆㄨˇ-ㄙㄨㄥ-ㄍㄨㄛˊ-ㄐㄧˋ	凱普松國際	-6.17843815	names
ㄎㄞˇ-ㄕㄨㄛˋ-ㄎㄜ-ㄐㄧˋ	凱碩科技	-6.60980192	names
ㄌㄧˋ-ㄇㄧㄣˊ-ㄎㄜ-ㄐㄧˋ	利民科技	-6.60980192	names
ㄌㄧˋ-ㄈㄢˋ-ㄎㄜ-ㄐㄧˋ	利汎科技	-6.60980192	names
ㄌㄧˋ-ㄏㄨㄚˊ-ㄧㄤˊ-ㄇㄠˊ-ㄍㄨㄥ-ㄧㄝˋ	利華羊毛工業	-5.74707439	names
ㄔㄨㄤˋ-ㄧˋ-ㄉㄧㄢˋ-ㄗˇ	創意電子	-6.60980192	names
ㄔㄨㄤˋ-ㄒㄧㄣ-ㄒㄧㄣ-ㄌㄧㄥˊ-ㄕㄡˋ	創新新零售	-6.17843815	names
ㄔㄨㄤˋ-ㄧㄝˋ-ㄐㄧㄚ-ㄒㄩㄥ-ㄉㄧ˙	創業家兄弟	-6.17843815	names
ㄔㄨㄤˋ-ㄐㄧㄢˋ-ㄗ-ㄒㄩㄣˋ	創見資訊	-6.60980192	names
ㄐㄧㄢˋ-ㄏㄨˊ-ㄕㄢ-ㄕˋ-ㄐㄧㄝˋ	劍湖山世界	-6.17843815	names
ㄌㄧˋ-ㄔㄥˊ-ㄎㄜ-ㄐㄧˋ	力成科技	-6.60980192	names
ㄌㄧˋ-ㄐㄧ-ㄉㄧㄢˋ	力積電	-7.04116568	names
ㄌㄧˋ-ㄌㄧˋ	力麗	-7.17149945	names
ㄕㄥˋ-ㄅㄛˊ-ㄉㄧㄢˋ	勝博殿	-7.04116568	names
ㄑㄧㄣˊ-ㄨㄟ-ㄍㄨㄛˊ-ㄐㄧˋ-ㄎㄜ-ㄐㄧˋ	勤崴國際科技	-5.74707439	names
ㄑㄧㄣˊ-ㄧˋ-ㄎㄜ-ㄉㄚˋ	勤益科大	-6.60980192	names
ㄑㄧㄣˊ-ㄧˋ-ㄎㄜ-ㄐㄧˋ-ㄉㄚˋ-ㄒㄩㄝˊ	勤益科技大學	-5.74707439	names
ㄑㄧㄣˊ-ㄔㄥˊ-ㄒㄧㄥ-ㄧㄝˋ	勤誠興業	-6.60980192	names
ㄅㄟˇ-ㄔㄥˊ-ㄎㄜ-ㄉㄚˋ	北城科大	-6.60980192	names
ㄕˊ-ㄒㄧㄥ-ㄐㄧㄢˋ-ㄕㄜˋ	十興建設	-6.60980192	names
ㄕˊ-ㄑㄩㄢˊ-ㄎㄜ-ㄐㄧˋ	十銓科技	-6.60980192	names
ㄒㄧㄝˊ-ㄏㄜˊ-ㄍㄨㄛˊ-ㄐㄧˋ-ㄉㄨㄛ-ㄇㄟˊ-ㄊㄧˇ	協和國際多媒體	-5.74707439	names
ㄋㄢˊ-ㄧㄚˋ-ㄙㄨˋ-ㄐㄧㄠ	南亞塑膠	-6.60980192	names
ㄋㄢˊ-ㄧㄚˋ-ㄐㄧˋ-ㄕㄨˋ-ㄒㄩㄝˊ-ㄩㄢˋ	南亞技術學院	-5.74707439	names
ㄋㄢˊ-ㄧㄚˋ-ㄎㄜ-ㄐㄧˋ	南亞科技	-6.60980192	names
ㄋㄢˊ-ㄧㄚˋ-ㄕˊ-ㄆㄧㄣˇ	南亞食品	-6.60980192	names
ㄋㄢˊ-ㄑㄧㄠˊ	南僑	-7.17149945	names
ㄋㄢˊ-ㄌㄧㄡˋ-ㄑㄧˋ-ㄧㄝˋ	南六企業	-6.60980192	names
ㄋㄢˊ-ㄋㄩˇ	南女	-7.17149945	names
ㄋㄢˊ-ㄕㄢ-ㄊㄞˊ-ㄋㄢˊ-ㄍㄨㄤˇ-ㄔㄤˇ	南山台南廣場	-5.74707439	names
ㄋㄢˊ-ㄊㄡˊ-ㄒㄧㄢˋ-ㄊㄨㄥˊ-ㄉㄜˊ-ㄍㄠ-ㄓㄨㄥ	南投縣同德高中	-5.74707439	names
ㄋㄢˊ-ㄍㄤˇ-ㄌㄨㄣˊ-ㄊㄞ	南港輪胎	-6.60980192	names
ㄋㄢˊ-ㄈㄤˇ	南紡	-7.17149945	names
ㄋㄢˊ-ㄊㄞˊ-ㄎㄜ-ㄐㄧˋ-ㄉㄚˋ-ㄒㄩㄝˊ	南臺科技大學	-5.74707439	names
ㄋㄢˊ-ㄏㄨㄚˊ-ㄉㄚˋ-ㄒㄩㄝˊ	南華大學	-6.60980192	names
ㄋㄢˊ-ㄎㄞ-ㄎㄜ-ㄉㄚˋ	南開科大	-6.60980192	names
ㄋㄢˊ-ㄎㄞ-ㄎㄜ-ㄐㄧˋ-ㄉㄚˋ-ㄒㄩㄝˊ	南開科技大學	-5.74707439	names
ㄅㄨˇ-ㄈㄥ	卜蜂	-7.17149945	names
ㄩㄢˊ-ㄒㄧㄤˋ-ㄎㄜ-ㄐㄧˋ	原相科技	-6.60980192	names
ㄧㄡˇ-ㄉㄚˊ-ㄍㄨㄤ-ㄉㄧㄢˋ	友達光電	-6.60980192	names
ㄎㄜˇ-ㄅㄨˋ-ㄎㄜˇ-ㄕㄡˊ-ㄔㄥˊ-ㄏㄨㄥˊ-ㄔㄚˊ	可不可熟成紅茶	-5.74707439	names
ㄎㄜˇ-ㄔㄥˊ-ㄎㄜ-ㄐㄧˋ	可成科技	-6.60980192	names
ㄊㄞˊ-ㄓㄨㄥ-ㄐㄧㄠˋ-ㄩˋ-ㄉㄚˋ-ㄒㄩㄝˊ	台中教育大學	-5.74707439	names
ㄊㄞˊ-ㄓㄨㄥ-ㄖˋ-ㄩㄝˋ-ㄑㄧㄢ-ㄒㄧ-ㄐㄧㄡˇ-ㄉㄧㄢˋ	台中日月千禧酒店	-5.74707439	names
ㄊㄞˊ-ㄓㄨㄥ-ㄎㄜ-ㄐㄧˋ-ㄉㄚˋ-ㄒㄩㄝˊ	台中科技大學	-5.74707439	names
ㄊㄞˊ-ㄧㄚˇ-ㄅㄢˋ-ㄉㄠˇ-ㄊㄧˇ	台亞半導體	-6.17843815	names
ㄊㄞˊ-ㄅㄟˇ-ㄕㄤ-ㄧㄝˋ-ㄉㄚˋ-ㄒㄩㄝˊ	台北商業大學	-5.74707439	names
ㄊㄞˊ-ㄅㄟˇ-ㄍㄨㄛˊ-ㄐㄧˋ-ㄕㄤ-ㄧㄝˋ-ㄧㄣˊ-ㄏㄤˊ	台北國際商業銀行	-5.74707439	names
ㄊㄞˊ-ㄅㄟˇ-ㄔㄥˊ-ㄕˋ-ㄉㄚˋ-ㄒㄩㄝˊ	台北城市大學	-5.74707439	names
ㄊㄞˊ-ㄅㄟˇ-ㄔㄥˊ-ㄕˋ-ㄎㄜ-ㄉㄚˋ	台北城市科大	-5.74707439	names
ㄊㄞˊ-ㄅㄟˇ-ㄕㄨˋ-ㄨㄟˋ-ㄕˊ-ㄓㄨㄥ	台北數位實中	-5.74707439	names
ㄊㄞˊ-ㄅㄟˇ-ㄏㄞˇ-ㄉㄚˋ	台北海大	-6.60980192	names
ㄊㄞˊ-ㄅㄟˇ-ㄏㄞˇ-ㄧㄤˊ-ㄉㄚˋ-ㄒㄩㄝˊ	台北海洋大學	-5.74707439	names
ㄊㄞˊ-ㄅㄟˇ-ㄏㄞˇ-ㄧㄤˊ-ㄎㄜ-ㄐㄧˋ-ㄉㄚˋ-ㄒㄩㄝˊ	台北海洋科技大學	-5.74707439	names
ㄊㄞˊ-ㄅㄟˇ-ㄎㄜ-ㄐㄧˋ-ㄉㄚˋ-ㄒㄩㄝˊ	台北科技大學	-5.74707439	names
ㄊㄞˊ-ㄅㄟˇ-ㄏㄨˋ-ㄌㄧˇ-ㄐㄧㄢˋ-ㄎㄤ-ㄉㄚˋ-ㄒㄩㄝˊ	台北護理健康大學	-5.74707439	names
ㄊㄞˊ-ㄅㄟˇ-ㄐㄧㄣ-ㄖㄨㄥˊ-ㄉㄚˋ-ㄌㄡˊ	台北金融大樓	-5.74707439	names
ㄊㄞˊ-ㄋㄢˊ-ㄑㄧˋ-ㄧㄝˋ	台南企業	-6.60980192	names
ㄊㄞˊ-ㄋㄢˊ-ㄋㄩˇ-ㄓㄨㄥ	台南女中	-6.60980192	names
ㄊㄞˊ-ㄋㄢˊ-ㄧㄥˋ-ㄩㄥˋ-ㄎㄜ-ㄉㄚˋ	台南應用科大	-5.74707439	names
ㄊㄞˊ-ㄋㄢˊ-ㄧㄥˋ-ㄩㄥˋ-ㄎㄜ-ㄐㄧˋ-ㄉㄚˋ-ㄒㄩㄝˊ	台南應用科技大學	-5.74707439	names
ㄊㄞˊ-ㄋㄢˊ-ㄎㄜ-ㄉㄚˋ	台南科大	-6.60980192	names
ㄊㄞˊ-ㄋㄢˊ-ㄎㄜ-ㄐㄧˋ-ㄉㄚˋ-ㄒㄩㄝˊ	台南科技大學	-5.74707439	names
ㄊㄞˊ-ㄋㄢˊ-ㄈㄤˇ-ㄓ	台南紡織	-6.60980192	names
ㄊㄞˊ-ㄋㄢˊ-ㄧˋ-ㄕㄨˋ-ㄉㄚˋ-ㄒㄩㄝˊ	台南藝術大學	-5.74707439	names
ㄊㄞˊ-ㄩㄢˊ-ㄧㄠˋ	台原藥	-7.04116568	names
ㄊㄞˊ-ㄙㄨˋ-ㄐㄧㄡˇ-ㄅㄠˇ	台塑九寶	-6.60980192	names
ㄊㄞˊ-ㄙㄨˋ-ㄑㄧˋ-ㄧㄝˋ	台塑企業	-6.60980192	names
ㄊㄞˊ-ㄙㄨˋ-ㄕㄥˋ-ㄍㄠ-ㄎㄜ-ㄐㄧˋ	台塑勝高科技	-5.74707439	names
ㄊㄞˊ-ㄙㄨˋ-ㄕˊ-ㄧㄡˊ	台塑石油	-6.60980192	names
ㄊㄞˊ-ㄒㄧㄣ-ㄒㄧㄣ-ㄍㄨㄤ-ㄐㄧㄣ-ㄖㄨㄥˊ-ㄎㄨㄥˋ-ㄍㄨˇ	台新新光金融控股	-5.74707439	names
ㄊㄞˊ-ㄉㄨㄥ-ㄉㄚˋ-ㄒㄩㄝˊ	台東大學	-6.60980192	names
ㄊㄞˊ-ㄉㄨㄥ-ㄓㄨㄢ-ㄒㄧㄠˋ	台東專校	-6.60980192	names
ㄊㄞˊ-ㄉㄨㄥ-ㄓㄨㄢ-ㄎㄜ-ㄒㄩㄝˊ-ㄒㄧㄠˋ	台東專科學校	-5.74707439	names
ㄊㄞˊ-ㄒㄧㄤˋ	台橡	-7.17149945	names
ㄊㄞˊ-ㄨㄢ-ㄙㄢ-ㄧㄤˊ-ㄉㄧㄢˋ-ㄐㄧ	台灣三洋電機	-5.74707439	names
ㄊㄞˊ-ㄨㄢ-ㄧㄡ-ㄌㄧㄤˊ-ㄆㄧㄣˇ-ㄆㄞˊ	台灣優良品牌	-5.74707439	names
ㄊㄞˊ-ㄨㄢ-ㄍㄨㄤ-ㄓㄠˋ	台灣光罩	-6.60980192	names
ㄊㄞˊ-ㄨㄢ-ㄅㄢˋ-ㄉㄠˇ-ㄊㄧˇ	台灣半導體	-6.17843815	names
ㄊㄞˊ-ㄨㄢ-ㄍㄨㄛˊ-ㄐㄧˋ-ㄆㄧㄣˇ-ㄆㄞˊ	台灣國際品牌	-5.74707439	names
ㄊㄞˊ-ㄨㄢ-ㄍㄨㄛˊ-ㄐㄧˋ-ㄗㄠˋ-ㄔㄨㄢˊ	台灣國際造船	-5.74707439	names
ㄊㄞˊ-ㄨㄢ-ㄊㄨˇ-ㄉㄧˋ-ㄎㄞ-ㄈㄚ	台灣土地開發	-5.74707439	names
ㄊㄞˊ-ㄨㄢ-ㄉㄚˋ-ㄔㄜ-ㄉㄨㄟˋ	台灣大車隊	-6.17843815	names
ㄊㄞˊ-ㄨㄢ-ㄉㄚˋ-ㄒㄩㄝˇ-ㄕㄢ-ㄌㄧㄣˊ-ㄧㄝˋ	台灣大雪山林業	-5.74707439	names
ㄊㄞˊ-ㄨㄢ-ㄓㄞˊ-ㄆㄟˋ-ㄊㄨㄥ	台灣宅配通	-6.17843815	names
ㄊㄞˊ-ㄨㄢ-ㄕ-ㄉㄚˋ	台灣師大	-6.60980192	names
ㄊㄞˊ-ㄨㄢ-ㄒㄧˋ-ㄑㄩˇ-ㄒㄩㄝˊ-ㄩㄢˋ	台灣戲曲學院	-5.74707439	names
ㄊㄞˊ-ㄨㄢ-ㄕㄨˋ-ㄨㄟˋ-ㄍㄨㄤ-ㄒㄩㄣˋ-ㄎㄜ-ㄐㄧˋ	台灣數位光訊科技	-5.74707439	names
ㄊㄞˊ-ㄨㄢ-ㄒㄧㄣ-ㄖˋ-ㄏㄨㄚˋ	台灣新日化	-6.17843815	names
ㄊㄞˊ-ㄨㄢ-ㄖˋ-ㄍㄨㄤ-ㄉㄥ	台灣日光燈	-6.17843815	names
ㄊㄞˊ-ㄨㄢ-ㄕㄨㄟˇ-ㄋㄧˊ	台灣水泥	-6.60980192	names
ㄊㄞˊ-ㄨㄢ-ㄏㄠˋ-ㄉㄧㄥˇ-ㄕㄥ-ㄐㄧˋ	台灣浩鼎生技	-5.74707439	names
ㄊㄞˊ-ㄨㄢ-ㄏㄞˇ-ㄧㄤˊ-ㄉㄚˋ-ㄒㄩㄝˊ	台灣海洋大學	-5.74707439	names
ㄊㄞˊ-ㄨㄢ-ㄅㄛ-ㄌㄧˊ-ㄍㄨㄥ-ㄧㄝˋ	台灣玻璃工業	-5.74707439	names
ㄊㄞˊ-ㄨㄢ-ㄕㄣˊ-ㄌㄨㄥˊ	台灣神隆	-6.60980192	names
ㄊㄞˊ-ㄨㄢ-ㄎㄜ-ㄉㄚˋ	台灣科大	-6.60980192	names
ㄊㄞˊ-ㄨㄢ-ㄎㄜ-ㄐㄧˋ-ㄉㄚˋ-ㄒㄩㄝˊ	台灣科技大學	-5.74707439	names
ㄊㄞˊ-ㄨㄢ-ㄉㄧˋ-ㄧ-ㄕㄥ-ㄏㄨㄚˋ-ㄎㄜ-ㄐㄧˋ	台灣第一生化科技	-5.74707439	names
ㄊㄞˊ-ㄨㄢ-ㄅㄣˇ-ㄧˇ-ㄒㄧ-ㄍㄨㄥ-ㄧㄝˋ	台灣苯乙烯工業	-5.74707439	names
ㄊㄞˊ-ㄨㄢ-ㄧˋ-ㄕㄨˋ-ㄉㄚˋ-ㄒㄩㄝˊ	台灣藝術大學	-5.74707439	names
ㄊㄞˊ-ㄨㄢ-ㄏㄨˇ-ㄏㄤˊ	台灣虎航	-6.60980192	names
ㄊㄞˊ-ㄨㄢ-ㄋㄨㄥˊ-ㄌㄧㄣˊ	台灣農林	-6.60980192	names
ㄊㄞˊ-ㄨㄢ-ㄍㄤ-ㄊㄧㄝˇ	台灣鋼鐵	-6.60980192	names
ㄊㄞˊ-ㄨㄢ-ㄊㄧˇ-ㄉㄚˋ	台灣體大	-6.60980192	names
ㄊㄞˊ-ㄨㄢ-ㄍㄠ-ㄊㄧㄝˇ	台灣高鐵	-6.60980192	names
ㄊㄞˊ-ㄏㄨㄛˇ-ㄎㄞ-ㄈㄚ	台火開發	-6.60980192	names
ㄊㄞˊ-ㄍㄤ-ㄎㄜ-ㄉㄚˋ	台鋼科大	-6.60980192	names
ㄔ-ㄔㄚˊ-ㄙㄢ-ㄑㄧㄢ	吃茶三千	-6.60980192	names
ㄏㄜˊ-ㄗㄨㄛˋ-ㄐㄧㄣ-ㄎㄨˋ-ㄐㄧㄣ-ㄖㄨㄥˊ-ㄎㄨㄥˋ-ㄍㄨˇ	合作金庫金融控股	-5.74707439	names
ㄏㄜˊ-ㄑㄧㄣˊ-ㄎㄜ-ㄐㄧˋ	合勤科技	-6.60980192	names
ㄐㄧˊ-ㄉㄨㄛ-ㄏㄨㄛˇ-ㄍㄨㄛ-ㄅㄞˇ-ㄏㄨㄟˋ	吉哆火鍋百匯	-5.74707439	names
ㄐㄧˊ-ㄌㄨㄥˊ-ㄐㄧㄢˋ-ㄕㄜˋ	吉隆建設	-6.60980192	names
ㄊㄨㄥˊ-ㄈㄤ-ㄧㄡˇ-ㄧㄡˇ	同方友友	-6.60980192	names
ㄐㄩㄣ-ㄧˋ-ㄍㄠ-ㄓㄨㄥ	君毅高中	-6.60980192	names
ㄨˊ-ㄈㄥˋ-ㄎㄜ-ㄉㄚˋ	吳鳳科大	-6.60980192	names
ㄨˊ-ㄈㄥˋ-ㄎㄜ-ㄐㄧˋ-ㄉㄚˋ-ㄒㄩㄝˊ	吳鳳科技大學	-5.74707439	names
ㄨㄟˋ-ㄨㄤˊ	味王	-7.17149945	names
ㄒㄧㄚˊ-ㄕㄤˋ-ㄅㄠˇ	呷尚寶	-7.04116568	names
ㄏㄢˋ-ㄒㄧㄣˋ	和信	-7.17149945	names
ㄏㄜˊ-ㄆㄧㄥˊ-ㄉㄧㄢˋ-ㄌㄧˋ	和平電力	-6.60980192	names
ㄏㄢˋ-ㄔㄥˊ-ㄒㄧㄣ-ㄧㄝˋ	和成欣業	-6.60980192	names
ㄏㄢˋ-ㄖㄨㄣˋ-ㄑㄧˋ-ㄧㄝˋ	和潤企業	-6.60980192	names
ㄏㄢˋ-ㄕㄨㄛˋ-ㄌㄧㄢˊ-ㄏㄜˊ-ㄎㄜ-ㄐㄧˋ	和碩聯合科技	-5.74707439	names
ㄏㄚ-ㄅㄛˊ-ㄐㄧㄥ-ㄇㄧˋ	哈伯精密	-6.60980192	names
ㄩㄢˊ-ㄓㄨㄥ	員中	-7.17149945	names
ㄩㄢˊ-ㄌㄧㄣˊ-ㄋㄨㄥˊ-ㄍㄨㄥ	員林農工	-6.60980192	names
ㄩㄢˊ-ㄌㄧㄣˊ-ㄍㄠ-ㄓㄨㄥ	員林高中	-6.60980192	names
ㄩㄢˊ-ㄋㄨㄥˊ	員農	-7.17149945	names
ㄩㄢˊ-ㄍㄠ	員高	-7.17149945	names
ㄊㄤˊ-ㄖㄨㄥˊ-ㄊㄧㄝˇ-ㄍㄨㄥ-ㄔㄤˇ	唐榮鐵工廠	-6.17843815	names
ㄑㄧˇ-ㄑㄧˊ-ㄎㄜ-ㄐㄧˋ	啟碁科技	-6.60980192	names
ㄒㄧˇ-ㄇㄢˇ-ㄎㄜˋ-ㄧㄥˇ-ㄔㄥˊ	喜滿客影城	-6.17843815	names
ㄑㄧㄠˊ-ㄕㄢ-ㄐㄧㄢˋ-ㄎㄤ-ㄎㄜ-ㄐㄧˋ	喬山健康科技	-5.74707439	names
ㄐㄧㄚ-ㄓㄨㄥ	嘉中	-7.17149945	names
ㄐㄧㄚ-ㄋㄢˊ-ㄧㄠˋ-ㄉㄚˋ	嘉南藥大	-6.60980192	names
ㄐㄧㄚ-ㄋㄢˊ-ㄧㄠˋ-ㄌㄧˇ	嘉南藥理	-6.60980192	names
ㄐㄧㄚ-ㄋㄢˊ-ㄧㄠˋ-ㄌㄧˇ-ㄉㄚˋ-ㄒㄩㄝˊ	嘉南藥理大學	-5.74707439	names
ㄐㄧㄚ-ㄋㄩˇ	嘉女	-7.17149945	names
ㄐㄧㄚ-ㄍㄨㄥ	嘉工	-7.17149945	names
ㄐㄧㄚ-ㄒㄧㄣ-ㄕㄨㄟˇ-ㄋㄧˊ	嘉新水泥	-6.60980192	names
ㄐㄧㄚ-ㄧˋ-ㄉㄚˋ-ㄒㄩㄝˊ	嘉義大學	-6.60980192	names
ㄐㄧㄚ-ㄧˋ-ㄋㄩˇ-ㄓㄨㄥ	嘉義女中	-6.60980192	names
ㄐㄧㄚ-ㄧˋ-ㄍㄠ-ㄓㄨㄥ	嘉義高中	-6.60980192	names
ㄐㄧㄚ-ㄧˋ-ㄍㄠ-ㄍㄨㄥ	嘉義高工	-6.60980192	names
ㄐㄧㄚ-ㄩˋ-ㄒㄧ-ㄈㄨˊ	嘉裕西服	-6.60980192	names
ㄐㄧㄚ-ㄌㄧˇ-ㄉㄚˋ-ㄖㄨㄥˊ-ㄨˋ-ㄌㄧㄡˊ	嘉里大榮物流	-5.74707439	names
ㄐㄧㄚ-ㄍㄠ	嘉高	-7.17149945	names
ㄍㄨㄛˊ-ㄅㄟˇ	國北	-7.17149945	names
ㄍㄨㄛˊ-ㄐㄩˋ	國巨	-7.17149945	names
ㄍㄨㄛˊ-ㄧㄤˊ	國揚	-7.17149945	names
ㄍㄨㄛˊ-ㄊㄞˋ-ㄏㄨㄚˋ-ㄍㄨㄥ-ㄔㄤˇ	國泰化工廠	-6.17843815	names
ㄍㄨㄛˊ-ㄊㄞˋ-ㄐㄧㄢˋ-ㄕㄜˋ	國泰建設	-6.60980192	names
ㄍㄨㄛˊ-ㄊㄞˋ-ㄐㄧㄣ-ㄖㄨㄥˊ-ㄎㄨㄥˋ-ㄍㄨˇ	國泰金融控股	-5.74707439	names
ㄍㄨㄛˊ-ㄊㄞˋ-ㄧㄣˊ-ㄏㄤˊ	國泰銀行	-6.60980192	names
ㄍㄨㄛˊ-ㄔㄢˇ-ㄕˊ-ㄧㄝˋ	國產實業	-6.60980192	names
ㄍㄨㄛˊ-ㄔㄢˇ-ㄐㄧㄢˋ-ㄘㄞˊ-ㄕˊ-ㄧㄝˋ	國產建材實業	-5.74707439	names
ㄍㄨㄛˊ-ㄔㄢˇ-ㄑㄧˋ-ㄔㄜ	國產汽車	-6.60980192	names
ㄍㄨㄛˊ-ㄆㄧㄠˋ-ㄐㄧㄣ-ㄖㄨㄥˊ-ㄎㄨㄥˋ-ㄍㄨˇ	國票金融控股	-5.74707439	names
ㄍㄨㄛˊ-ㄌㄧˋ-ㄓㄨㄥ-ㄕㄢ-ㄉㄚˋ-ㄒㄩㄝˊ	國立中山大學	-5.74707439	names
ㄍㄨㄛˊ-ㄌㄧˋ-ㄓㄨㄥ-ㄓㄥˋ-ㄉㄚˋ-ㄒㄩㄝˊ	國立中正大學	-5.74707439	names
ㄍㄨㄛˊ-ㄌㄧˋ-ㄓㄨㄥ-ㄎㄜ-ㄕˊ-ㄧㄢˋ-ㄍㄠ-ㄐㄧˊ-ㄓㄨㄥ-ㄒㄩㄝˊ	國立中科實驗高級中學	-5.74707439	names
ㄍㄨㄛˊ-ㄌㄧˋ-ㄓㄨㄥ-ㄒㄧㄥ-ㄍㄠ-ㄓㄨㄥ	國立中興高中	-5.74707439	names
ㄍㄨㄛˊ-ㄌㄧˋ-ㄦˋ-ㄌㄧㄣˊ-ㄍㄨㄥ-ㄕㄤ	國立二林工商	-5.74707439	names
ㄍㄨㄛˊ-ㄌㄧˋ-ㄖㄣˊ-ㄞˋ-ㄍㄠ-ㄋㄨㄥˊ	國立仁愛高農	-5.74707439	names
ㄍㄨㄛˊ-ㄌㄧˋ-ㄐㄧㄚ-ㄉㄨㄥ-ㄍㄠ-ㄋㄨㄥˊ	國立佳冬高農	-5.74707439	names
ㄍㄨㄛˊ-ㄌㄧˋ-ㄍㄨㄤ-ㄈㄨˋ-ㄕㄤ-ㄍㄨㄥ	國立光復商工	-5.74707439	names
ㄍㄨㄛˊ-ㄌㄧˋ-ㄋㄟˋ-ㄆㄨˇ-ㄋㄨㄥˊ-ㄍㄨㄥ	國立內埔農工	-5.74707439	names
ㄍㄨㄛˊ-ㄌㄧˋ-ㄑㄧㄣˊ-ㄧˋ-ㄎㄜ-ㄐㄧˋ-ㄉㄚˋ-ㄒㄩㄝˊ	國立勤益科技大學	-5.74707439	names
ㄍㄨㄛˊ-ㄌㄧˋ-ㄅㄟˇ-ㄉㄡˇ-ㄐㄧㄚ-ㄕㄤ	國立北斗家商	-5.74707439	names
ㄍㄨㄛˊ-ㄌㄧˋ-ㄅㄟˇ-ㄍㄤˇ-ㄋㄨㄥˊ-ㄍㄨㄥ	國立北港農工	-5.74707439	names
ㄍㄨㄛˊ-ㄌㄧˋ-ㄅㄟˇ-ㄍㄤˇ-ㄍㄠ-ㄓㄨㄥ	國立北港高中	-5.74707439	names
ㄍㄨㄛˊ-ㄌㄧˋ-ㄅㄟˇ-ㄇㄣˊ-ㄋㄨㄥˊ-ㄍㄨㄥ	國立北門農工	-5.74707439	names
ㄍㄨㄛˊ-ㄌㄧˋ-ㄅㄟˇ-ㄇㄣˊ-ㄍㄠ-ㄓㄨㄥ	國立北門高中	-5.74707439	names
ㄍㄨㄛˊ-ㄌㄧˋ-ㄓㄨㄛˊ-ㄌㄢˊ-ㄍㄠ-ㄓㄨㄥ	國立卓蘭高中	-5.74707439	names
ㄍㄨㄛˊ-ㄌㄧˋ-ㄋㄢˊ-ㄊㄡˊ-ㄍㄠ-ㄓㄨㄥ	國立南投高中	-5.74707439	names
ㄍㄨㄛˊ-ㄌㄧˋ-ㄋㄢˊ-ㄊㄡˊ-ㄍㄠ-ㄕㄤ	國立南投高商	-5.74707439	names
ㄍㄨㄛˊ-ㄌㄧˋ-ㄋㄢˊ-ㄎㄜ-ㄍㄨㄛˊ-ㄐㄧˋ-ㄕˊ-ㄧㄢˋ-ㄍㄠ-ㄓㄨㄥ	國立南科國際實驗高中	-5.74707439	names
ㄍㄨㄛˊ-ㄌㄧˋ-ㄊㄞˊ-ㄓㄨㄥ-ㄎㄜ-ㄉㄚˋ	國立台中科大	-5.74707439	names
ㄍㄨㄛˊ-ㄌㄧˋ-ㄩㄢˊ-ㄌㄧㄣˊ-ㄐㄧㄚ-ㄕㄤ	國立員林家商	-5.74707439	names
ㄍㄨㄛˊ-ㄌㄧˋ-ㄩㄢˊ-ㄌㄧㄣˊ-ㄔㄨㄥˊ-ㄕˊ-ㄍㄠ-ㄍㄨㄥ	國立員林崇實高工	-5.74707439	names
ㄍㄨㄛˊ-ㄌㄧˋ-ㄩㄢˊ-ㄌㄧㄣˊ-ㄋㄨㄥˊ-ㄍㄨㄥ	國立員林農工	-5.74707439	names
ㄍㄨㄛˊ-ㄌㄧˋ-ㄩㄢˊ-ㄌㄧㄣˊ-ㄍㄠ-ㄓㄨㄥ	國立員林高中	-5.74707439	names
ㄍㄨㄛˊ-ㄌㄧˋ-ㄕㄢˋ-ㄏㄨㄚˋ-ㄍㄠ-ㄓㄨㄥ	國立善化高中	-5.74707439	names
ㄍㄨㄛˊ-ㄌㄧˋ-ㄐㄧㄚ-ㄎㄜ-ㄕˊ-ㄧㄢˋ-ㄍㄠ-ㄓㄨㄥ	國立嘉科實驗高中	-5.74707439	names
ㄍㄨㄛˊ-ㄌㄧˋ-ㄐㄧㄚ-ㄧˋ-ㄉㄚˋ-ㄒㄩㄝˊ	國立嘉義大學	-5.74707439	names
ㄍㄨㄛˊ-ㄌㄧˋ-ㄐㄧㄚ-ㄧˋ-ㄋㄩˇ-ㄓㄨㄥ	國立嘉義女中	-5.74707439	names
ㄍㄨㄛˊ-ㄌㄧˋ-ㄐㄧㄚ-ㄧˋ-ㄐㄧㄚ-ㄓˊ	國立嘉義家職	-5.74707439	names
ㄍㄨㄛˊ-ㄌㄧˋ-ㄐㄧㄚ-ㄧˋ-ㄍㄠ-ㄓㄨㄥ	國立嘉義高中	-5.74707439	names
ㄍㄨㄛˊ-ㄌㄧˋ-ㄐㄧㄚ-ㄧˋ-ㄍㄠ-ㄕㄤ	國立嘉義高商	-5.74707439	names
ㄍㄨㄛˊ-ㄌㄧˋ-ㄐㄧㄚ-ㄧˋ-ㄍㄠ-ㄍㄨㄥ	國立嘉義高工	-5.74707439	names
ㄍㄨㄛˊ-ㄌㄧˋ-ㄊㄨˇ-ㄎㄨˋ-ㄕㄤ-ㄍㄨㄥ	國立土庫商工	-5.74707439	names
ㄍㄨㄛˊ-ㄌㄧˋ-ㄆㄨˇ-ㄌㄧˇ-ㄍㄠ-ㄍㄨㄥ	國立埔里高工	-5.74707439	names
ㄍㄨㄛˊ-ㄌㄧˋ-ㄐㄧ-ㄌㄨㄥˊ-ㄕㄤ-ㄍㄨㄥ	國立基隆商工	-5.74707439	names
ㄍㄨㄛˊ-ㄌㄧˋ-ㄐㄧ-ㄌㄨㄥˊ-ㄋㄩˇ-ㄓㄨㄥ	國立基隆女中	-5.74707439	names
ㄍㄨㄛˊ-ㄌㄧˋ-ㄐㄧ-ㄌㄨㄥˊ-ㄍㄠ-ㄓㄨㄥ	國立基隆高中	-5.74707439	names
ㄍㄨㄛˊ-ㄌㄧˋ-ㄉㄚˋ-ㄏㄨˊ-ㄋㄨㄥˊ-ㄍㄨㄥ	國立大湖農工	-5.74707439	names
ㄍㄨㄛˊ-ㄌㄧˋ-ㄧˊ-ㄓㄨㄥ	國立宜中	-6.60980192	names
ㄍㄨㄛˊ-ㄌㄧˋ-ㄧˊ-ㄌㄢˊ-ㄉㄚˋ-ㄒㄩㄝˊ	國立宜蘭大學	-5.74707439	names
ㄍㄨㄛˊ-ㄌㄧˋ-ㄧˊ-ㄌㄢˊ-ㄍㄠ-ㄓㄨㄥ	國立宜蘭高中	-5.74707439	names
ㄍㄨㄛˊ-ㄌㄧˋ-ㄧˊ-ㄌㄢˊ-ㄍㄠ-ㄕㄤ	國立宜蘭高商	-5.74707439	names
ㄍㄨㄛˊ-ㄌㄧˋ-ㄐㄧㄚ-ㄑㄧˊ-ㄍㄠ-ㄓㄨㄥ	國立家齊高中	-5.74707439	names
ㄍㄨㄛˊ-ㄌㄧˋ-ㄆㄧㄥˊ-ㄅㄟˇ-ㄍㄠ-ㄓㄨㄥ	國立屏北高中	-5.74707439	names
ㄍㄨㄛˊ-ㄌㄧˋ-ㄆㄧㄥˊ-ㄉㄨㄥ-ㄉㄚˋ-ㄒㄩㄝˊ	國立屏東大學	-5.74707439	names
ㄍㄨㄛˊ-ㄌㄧˋ-ㄆㄧㄥˊ-ㄉㄨㄥ-ㄋㄩˇ-ㄓㄨㄥ	國立屏東女中	-5.74707439	names
ㄍㄨㄛˊ-ㄌㄧˋ-ㄆㄧㄥˊ-ㄉㄨㄥ-ㄎㄜ-ㄐㄧˋ-ㄉㄚˋ-ㄒㄩㄝˊ	國立屏東科技大學	-5.74707439	names
ㄍㄨㄛˊ-ㄌㄧˋ-ㄆㄧㄥˊ-ㄉㄨㄥ-ㄍㄠ-ㄓㄨㄥ	國立屏東高中	-5.74707439	names
ㄍㄨㄛˊ-ㄌㄧˋ-ㄆㄧㄥˊ-ㄉㄨㄥ-ㄍㄠ-ㄍㄨㄥ	國立屏東高工	-5.74707439	names
ㄍㄨㄛˊ-ㄌㄧˋ-ㄆㄧㄥˊ-ㄎㄜ-ㄕˊ-ㄧㄢˋ-ㄍㄠ-ㄓㄨㄥ	國立屏科實驗高中	-5.74707439	names
ㄍㄨㄛˊ-ㄌㄧˋ-ㄍㄤ-ㄕㄢ-ㄋㄨㄥˊ-ㄍㄨㄥ	國立岡山農工	-5.74707439	names
ㄍㄨㄛˊ-ㄌㄧˋ-ㄍㄤ-ㄕㄢ-ㄍㄠ-ㄓㄨㄥ	國立岡山高中	-5.74707439	names
ㄍㄨㄛˊ-ㄌㄧˋ-ㄕ-ㄉㄚˋ-ㄈㄨˋ-ㄓㄨㄥ	國立師大附中	-5.74707439	names
ㄍㄨㄛˊ-ㄌㄧˋ-ㄓㄤ-ㄏㄨㄚˋ-ㄋㄩˇ-ㄓㄨㄥ	國立彰化女中	-5.74707439	names
ㄍㄨㄛˊ-ㄌㄧˋ-ㄓㄤ-ㄏㄨㄚˋ-ㄕ-ㄉㄚˋ	國立彰化師大	-5.74707439	names
ㄍㄨㄛˊ-ㄌㄧˋ-ㄓㄤ-ㄏㄨㄚˋ-ㄕ-ㄈㄢˋ-ㄉㄚˋ-ㄒㄩㄝˊ	國立彰化師範大學	-5.74707439	names
ㄍㄨㄛˊ-ㄌㄧˋ-ㄓㄤ-ㄏㄨㄚˋ-ㄍㄠ-ㄓㄨㄥ	國立彰化高中	-5.74707439	names
ㄍㄨㄛˊ-ㄌㄧˋ-ㄓㄤ-ㄏㄨㄚˋ-ㄍㄠ-ㄕㄤ	國立彰化高商	-5.74707439	names
ㄍㄨㄛˊ-ㄌㄧˋ-ㄓㄤ-ㄕ-ㄈㄨˋ-ㄍㄨㄥ	國立彰師附工	-5.74707439	names
ㄍㄨㄛˊ-ㄌㄧˋ-ㄏㄡˋ-ㄅㄧˋ-ㄍㄠ-ㄓㄨㄥ	國立後壁高中	-5.74707439	names
ㄍㄨㄛˊ-ㄌㄧˋ-ㄏㄥˊ-ㄔㄨㄣ-ㄍㄨㄥ-ㄕㄤ	國立恆春工商	-5.74707439	names
ㄍㄨㄛˊ-ㄌㄧˋ-ㄔㄥˊ-ㄍㄨㄥ-ㄕㄤ-ㄕㄨㄟˇ	國立成功商水	-5.74707439	names
ㄍㄨㄛˊ-ㄌㄧˋ-ㄔㄥˊ-ㄍㄨㄥ-ㄉㄚˋ-ㄒㄩㄝˊ	國立成功大學	-5.74707439	names
ㄍㄨㄛˊ-ㄌㄧˋ-ㄔㄥˊ-ㄉㄚˋ-ㄈㄨˋ-ㄕㄨˇ-ㄋㄢˊ-ㄍㄨㄥ	國立成大附屬南工	-5.74707439	names
ㄍㄨㄛˊ-ㄌㄧˋ-ㄓㄥˋ-ㄉㄚˋ	國立政大	-6.60980192	names
ㄍㄨㄛˊ-ㄌㄧˋ-ㄓㄥˋ-ㄉㄚˋ-ㄈㄨˋ-ㄓㄨㄥ	國立政大附中	-5.74707439	names
ㄍㄨㄛˊ-ㄌㄧˋ-ㄓㄥˋ-ㄓˋ-ㄉㄚˋ-ㄒㄩㄝˊ	國立政治大學	-5.74707439	names
ㄍㄨㄛˊ-ㄌㄧˋ-ㄉㄡˇ-ㄌㄧㄡˋ-ㄐㄧㄚ-ㄕㄤ	國立斗六家商	-5.74707439	names
ㄍㄨㄛˊ-ㄌㄧˋ-ㄉㄡˇ-ㄌㄧㄡˋ-ㄍㄠ-ㄓㄨㄥ	國立斗六高中	-5.74707439	names
ㄍㄨㄛˊ-ㄌㄧˋ-ㄒㄧㄣ-ㄏㄨㄚˋ-ㄍㄠ-ㄓㄨㄥ	國立新化高中	-5.74707439	names
ㄍㄨㄛˊ-ㄌㄧˋ-ㄒㄧㄣ-ㄏㄨㄚˋ-ㄍㄠ-ㄍㄨㄥ	國立新化高工	-5.74707439	names
ㄍㄨㄛˊ-ㄌㄧˋ-ㄒㄧㄣ-ㄍㄤˇ-ㄧˋ-ㄕㄨˋ-ㄍㄠ-ㄓㄨㄥ	國立新港藝術高中	-5.74707439	names
ㄍㄨㄛˊ-ㄌㄧˋ-ㄒㄧㄣ-ㄧㄥˊ-ㄍㄠ-ㄓㄨㄥ	國立新營高中	-5.74707439	names
ㄍㄨㄛˊ-ㄌㄧˋ-ㄒㄧㄣ-ㄧㄥˊ-ㄍㄠ-ㄍㄨㄥ	國立新營高工	-5.74707439	names
ㄍㄨㄛˊ-ㄌㄧˋ-ㄒㄧㄣ-ㄓㄨˊ-ㄋㄩˇ-ㄓㄨㄥ	國立新竹女中	-5.74707439	names
ㄍㄨㄛˊ-ㄌㄧˋ-ㄒㄧㄣ-ㄓㄨˊ-ㄍㄠ-ㄓㄨㄥ	國立新竹高中	-5.74707439	names
ㄍㄨㄛˊ-ㄌㄧˋ-ㄒㄧㄣ-ㄓㄨˊ-ㄍㄠ-ㄕㄤ	國立新竹高商	-5.74707439	names
ㄍㄨㄛˊ-ㄌㄧˋ-ㄒㄧㄣ-ㄓㄨˊ-ㄍㄠ-ㄍㄨㄥ	國立新竹高工	-5.74707439	names
ㄍㄨㄛˊ-ㄌㄧˋ-ㄒㄧㄣ-ㄈㄥ-ㄍㄠ-ㄓㄨㄥ	國立新豐高中	-5.74707439	names
ㄍㄨㄛˊ-ㄌㄧˋ-ㄑㄧˊ-ㄕㄢ-ㄋㄨㄥˊ-ㄍㄨㄥ	國立旗山農工	-5.74707439	names
ㄍㄨㄛˊ-ㄌㄧˋ-ㄑㄧˊ-ㄇㄟˇ-ㄍㄠ-ㄓㄨㄥ	國立旗美高中	-5.74707439	names
ㄍㄨㄛˊ-ㄌㄧˋ-ㄐㄧˋ-ㄋㄢˊ-ㄍㄨㄛˊ-ㄐㄧˋ-ㄉㄚˋ-ㄒㄩㄝˊ	國立暨南國際大學	-5.74707439	names
ㄍㄨㄛˊ-ㄌㄧˋ-ㄐㄧˋ-ㄉㄚˋ-ㄈㄨˋ-ㄓㄨㄥ	國立暨大附中	-5.74707439	names
ㄍㄨㄛˊ-ㄌㄧˋ-ㄗㄥ-ㄨㄣˊ-ㄐㄧㄚ-ㄕㄤ	國立曾文家商	-5.74707439	names
ㄍㄨㄛˊ-ㄌㄧˋ-ㄗㄥ-ㄨㄣˊ-ㄋㄨㄥˊ-ㄍㄨㄥ	國立曾文農工	-5.74707439	names
ㄍㄨㄛˊ-ㄌㄧˋ-ㄉㄨㄥ-ㄍㄤˇ-ㄏㄞˇ-ㄕˋ	國立東港海事	-5.74707439	names
ㄍㄨㄛˊ-ㄌㄧˋ-ㄉㄨㄥ-ㄕˊ-ㄍㄠ-ㄓㄨㄥ	國立東石高中	-5.74707439	names
ㄍㄨㄛˊ-ㄌㄧˋ-ㄉㄨㄥ-ㄏㄨㄚˊ-ㄉㄚˋ-ㄒㄩㄝˊ	國立東華大學	-5.74707439	names
ㄍㄨㄛˊ-ㄌㄧˋ-ㄇㄧㄣˊ-ㄒㄩㄥˊ-ㄋㄨㄥˊ-ㄍㄨㄥ	國立民雄農工	-5.74707439	names
ㄍㄨㄛˊ-ㄌㄧˋ-ㄕㄨㄟˇ-ㄌㄧˇ-ㄕㄤ-ㄍㄨㄥ	國立水里商工	-5.74707439	names
ㄍㄨㄛˊ-ㄌㄧˋ-ㄩㄥˇ-ㄐㄧㄥˋ-ㄍㄠ-ㄍㄨㄥ	國立永靖高工	-5.74707439	names
ㄍㄨㄛˊ-ㄌㄧˋ-ㄏㄞˇ-ㄧㄤˊ-ㄉㄚˋ-ㄒㄩㄝˊ	國立海洋大學	-5.74707439	names
ㄍㄨㄛˊ-ㄌㄧˋ-ㄑㄧㄥ-ㄏㄨㄚˊ-ㄉㄚˋ-ㄒㄩㄝˊ	國立清華大學	-5.74707439	names
ㄍㄨㄛˊ-ㄌㄧˋ-ㄒㄧ-ㄏㄨˊ-ㄍㄠ-ㄓㄨㄥ	國立溪湖高中	-5.74707439	names
ㄍㄨㄛˊ-ㄌㄧˋ-ㄔㄠˊ-ㄓㄡ-ㄍㄠ-ㄓㄨㄥ	國立潮州高中	-5.74707439	names
ㄍㄨㄛˊ-ㄌㄧˋ-ㄆㄥˊ-ㄏㄨˊ-ㄏㄞˇ-ㄕˋ-ㄕㄨㄟˇ-ㄔㄢˇ	國立澎湖海事水產	-5.74707439	names
ㄍㄨㄛˊ-ㄌㄧˋ-ㄆㄥˊ-ㄏㄨˊ-ㄎㄜ-ㄉㄚˋ	國立澎湖科大	-5.74707439	names
ㄍㄨㄛˊ-ㄌㄧˋ-ㄆㄥˊ-ㄏㄨˊ-ㄎㄜ-ㄐㄧˋ-ㄉㄚˋ-ㄒㄩㄝˊ	國立澎湖科技大學	-5.74707439	names
ㄍㄨㄛˊ-ㄌㄧˋ-ㄩˋ-ㄐㄧㄥˇ-ㄍㄨㄥ-ㄕㄤ	國立玉井工商	-5.74707439	names
ㄍㄨㄛˊ-ㄌㄧˋ-ㄩˋ-ㄌㄧˇ-ㄍㄠ-ㄓㄨㄥ	國立玉里高中	-5.74707439	names
ㄍㄨㄛˊ-ㄌㄧˋ-ㄅㄞˊ-ㄏㄜˊ-ㄕㄤ-ㄍㄨㄥ	國立白河商工	-5.74707439	names
ㄍㄨㄛˊ-ㄌㄧˋ-ㄒㄧㄡˋ-ㄕㄨㄟˇ-ㄍㄠ-ㄍㄨㄥ	國立秀水高工	-5.74707439	names
ㄍㄨㄛˊ-ㄌㄧˋ-ㄓㄨˊ-ㄋㄢˊ-ㄍㄠ-ㄓㄨㄥ	國立竹南高中	-5.74707439	names
ㄍㄨㄛˊ-ㄌㄧˋ-ㄓㄨˊ-ㄕㄢ-ㄍㄠ-ㄓㄨㄥ	國立竹山高中	-5.74707439	names
ㄍㄨㄛˊ-ㄌㄧˋ-ㄓㄨˊ-ㄉㄨㄥ-ㄍㄠ-ㄓㄨㄥ	國立竹東高中	-5.74707439	names
ㄍㄨㄛˊ-ㄌㄧˋ-ㄌㄨㄛˊ-ㄉㄨㄥ-ㄍㄠ-ㄓㄨㄥ	國立羅東高中	-5.74707439	names
ㄍㄨㄛˊ-ㄌㄧˋ-ㄌㄨㄛˊ-ㄉㄨㄥ-ㄍㄠ-ㄕㄤ	國立羅東高商	-5.74707439	names
ㄍㄨㄛˊ-ㄌㄧˋ-ㄌㄨㄛˊ-ㄉㄨㄥ-ㄍㄠ-ㄍㄨㄥ	國立羅東高工	-5.74707439	names
ㄍㄨㄛˊ-ㄌㄧˋ-ㄌㄧㄢˊ-ㄏㄜˊ-ㄉㄚˋ-ㄒㄩㄝˊ	國立聯合大學	-5.74707439	names
ㄍㄨㄛˊ-ㄌㄧˋ-ㄊㄞˊ-ㄓㄨㄥ-ㄐㄧㄠˋ-ㄩˋ-ㄉㄚˋ-ㄒㄩㄝˊ	國立臺中教育大學	-5.74707439	names
ㄍㄨㄛˊ-ㄌㄧˋ-ㄊㄞˊ-ㄓㄨㄥ-ㄎㄜ-ㄐㄧˋ-ㄉㄚˋ-ㄒㄩㄝˊ	國立臺中科技大學	-5.74707439	names
ㄍㄨㄛˊ-ㄌㄧˋ-ㄊㄞˊ-ㄅㄟˇ-ㄕㄤ-ㄧㄝˋ-ㄉㄚˋ-ㄒㄩㄝˊ	國立臺北商業大學	-5.74707439	names
ㄍㄨㄛˊ-ㄌㄧˋ-ㄊㄞˊ-ㄅㄟˇ-ㄉㄚˋ-ㄒㄩㄝˊ	國立臺北大學	-5.74707439	names
ㄍㄨㄛˊ-ㄌㄧˋ-ㄊㄞˊ-ㄅㄟˇ-ㄐㄧㄠˋ-ㄩˋ-ㄉㄚˋ-ㄒㄩㄝˊ	國立臺北教育大學	-5.74707439	names
ㄍㄨㄛˊ-ㄌㄧˋ-ㄊㄞˊ-ㄅㄟˇ-ㄎㄜ-ㄐㄧˋ-ㄉㄚˋ-ㄒㄩㄝˊ	國立臺北科技大學	-5.74707439	names
ㄍㄨㄛˊ-ㄌㄧˋ-ㄊㄞˊ-ㄅㄟˇ-ㄧˋ-ㄕㄨˋ-ㄉㄚˋ-ㄒㄩㄝˊ	國立臺北藝術大學	-5.74707439	names
ㄍㄨㄛˊ-ㄌㄧˋ-ㄊㄞˊ-ㄅㄟˇ-ㄏㄨˋ-ㄌㄧˇ-ㄐㄧㄢˋ-ㄎㄤ-ㄉㄚˋ-ㄒㄩㄝˊ	國立臺北護理健康大學	-5.74707439	names
ㄍㄨㄛˊ-ㄌㄧˋ-ㄊㄞˊ-ㄋㄢˊ-ㄧ-ㄓㄨㄥ	國立臺南一中	-5.74707439	names
ㄍㄨㄛˊ-ㄌㄧˋ-ㄊㄞˊ-ㄋㄢˊ-ㄦˋ-ㄓㄨㄥ	國立臺南二中	-5.74707439	names
ㄍㄨㄛˊ-ㄌㄧˋ-ㄊㄞˊ-ㄋㄢˊ-ㄉㄚˋ-ㄒㄩㄝˊ	國立臺南大學	-5.74707439	names
ㄍㄨㄛˊ-ㄌㄧˋ-ㄊㄞˊ-ㄋㄢˊ-ㄉㄚˋ-ㄒㄩㄝˊ-ㄈㄨˋ-ㄓㄨㄥ	國立臺南大學附中	-5.74707439	names
ㄍㄨㄛˊ-ㄌㄧˋ-ㄊㄞˊ-ㄋㄢˊ-ㄋㄩˇ-ㄓㄨㄥ	國立臺南女中	-5.74707439	names
ㄍㄨㄛˊ-ㄌㄧˋ-ㄊㄞˊ-ㄋㄢˊ-ㄏㄞˇ-ㄕˋ	國立臺南海事	-5.74707439	names
ㄍㄨㄛˊ-ㄌㄧˋ-ㄊㄞˊ-ㄋㄢˊ-ㄧˋ-ㄕㄨˋ-ㄉㄚˋ-ㄒㄩㄝˊ	國立臺南藝術大學	-5.74707439	names
ㄍㄨㄛˊ-ㄌㄧˋ-ㄊㄞˊ-ㄋㄢˊ-ㄏㄨˋ-ㄌㄧˇ-ㄓㄨㄢ-ㄎㄜ-ㄒㄩㄝˊ-ㄒㄧㄠˋ	國立臺南護理專科學校	-5.74707439	names
ㄍㄨㄛˊ-ㄌㄧˋ-ㄊㄞˊ-ㄋㄢˊ-ㄍㄠ-ㄕㄤ	國立臺南高商	-5.74707439	names
ㄍㄨㄛˊ-ㄌㄧˋ-ㄊㄞˊ-ㄉㄨㄥ-ㄉㄚˋ-ㄒㄩㄝˊ	國立臺東大學	-5.74707439	names
ㄍㄨㄛˊ-ㄌㄧˋ-ㄊㄞˊ-ㄉㄨㄥ-ㄋㄩˇ-ㄓㄨㄥ	國立臺東女中	-5.74707439	names
ㄍㄨㄛˊ-ㄌㄧˋ-ㄊㄞˊ-ㄉㄨㄥ-ㄓㄨㄢ-ㄎㄜ-ㄒㄩㄝˊ-ㄒㄧㄠˋ	國立臺東專科學校	-5.74707439	names
ㄍㄨㄛˊ-ㄌㄧˋ-ㄊㄞˊ-ㄉㄨㄥ-ㄍㄠ-ㄓㄨㄥ	國立臺東高中	-5.74707439	names
ㄍㄨㄛˊ-ㄌㄧˋ-ㄊㄞˊ-ㄉㄨㄥ-ㄍㄠ-ㄕㄤ	國立臺東高商	-5.74707439	names
ㄍㄨㄛˊ-ㄌㄧˋ-ㄊㄞˊ-ㄨㄢ-ㄕ-ㄈㄢˋ-ㄉㄚˋ-ㄒㄩㄝˊ	國立臺灣師範大學	-5.74707439	names
ㄍㄨㄛˊ-ㄌㄧˋ-ㄊㄞˊ-ㄨㄢ-ㄒㄧˋ-ㄑㄩˇ-ㄒㄩㄝˊ-ㄩㄢˋ	國立臺灣戲曲學院	-5.74707439	names
ㄍㄨㄛˊ-ㄌㄧˋ-ㄊㄞˊ-ㄨㄢ-ㄏㄞˇ-ㄧㄤˊ-ㄉㄚˋ-ㄒㄩㄝˊ	國立臺灣海洋大學	-5.74707439	names
ㄍㄨㄛˊ-ㄌㄧˋ-ㄊㄞˊ-ㄨㄢ-ㄎㄜ-ㄐㄧˋ-ㄉㄚˋ-ㄒㄩㄝˊ	國立臺灣科技大學	-5.74707439	names
ㄍㄨㄛˊ-ㄌㄧˋ-ㄊㄞˊ-ㄨㄢ-ㄧˋ-ㄕㄨˋ-ㄉㄚˋ-ㄒㄩㄝˊ	國立臺灣藝術大學	-5.74707439	names
ㄍㄨㄛˊ-ㄌㄧˋ-ㄊㄞˊ-ㄨㄢ-ㄊㄧˇ-ㄩˋ-ㄩㄣˋ-ㄉㄨㄥˋ-ㄉㄚˋ-ㄒㄩㄝˊ	國立臺灣體育運動大學	-5.74707439	names
ㄍㄨㄛˊ-ㄌㄧˋ-ㄒㄧㄥ-ㄉㄚˋ-ㄈㄨˋ-ㄓㄨㄥ	國立興大附中	-5.74707439	names
ㄍㄨㄛˊ-ㄌㄧˋ-ㄒㄧㄥ-ㄉㄚˋ-ㄈㄨˋ-ㄋㄨㄥˊ	國立興大附農	-5.74707439	names
ㄍㄨㄛˊ-ㄌㄧˋ-ㄏㄨㄚ-ㄌㄧㄢˊ-ㄋㄩˇ-ㄓㄨㄥ	國立花蓮女中	-5.74707439	names
ㄍㄨㄛˊ-ㄌㄧˋ-ㄏㄨㄚ-ㄌㄧㄢˊ-ㄍㄠ-ㄓㄨㄥ	國立花蓮高中	-5.74707439	names
ㄍㄨㄛˊ-ㄌㄧˋ-ㄏㄨㄚ-ㄌㄧㄢˊ-ㄍㄠ-ㄕㄤ	國立花蓮高商	-5.74707439	names
ㄍㄨㄛˊ-ㄌㄧˋ-ㄏㄨㄚ-ㄌㄧㄢˊ-ㄍㄠ-ㄍㄨㄥ	國立花蓮高工	-5.74707439	names
ㄍㄨㄛˊ-ㄌㄧˋ-ㄏㄨㄚ-ㄌㄧㄢˊ-ㄍㄠ-ㄋㄨㄥˊ	國立花蓮高農	-5.74707439	names
ㄍㄨㄛˊ-ㄌㄧˋ-ㄩㄢˋ-ㄓㄨㄥ	國立苑中	-6.60980192	names
ㄍㄨㄛˊ-ㄌㄧˋ-ㄩㄢˋ-ㄌㄧˇ-ㄍㄠ-ㄓㄨㄥ	國立苑裡高中	-5.74707439	names
ㄍㄨㄛˊ-ㄌㄧˋ-ㄩㄢˋ-ㄍㄠ	國立苑高	-6.60980192	names
ㄍㄨㄛˊ-ㄌㄧˋ-ㄇㄧㄠˊ-ㄓㄨㄥ	國立苗中	-6.60980192	names
ㄍㄨㄛˊ-ㄌㄧˋ-ㄇㄧㄠˊ-ㄌㄧˋ-ㄋㄨㄥˊ-ㄍㄨㄥ	國立苗栗農工	-5.74707439	names
ㄍㄨㄛˊ-ㄌㄧˋ-ㄇㄧㄠˊ-ㄌㄧˋ-ㄍㄠ-ㄓㄨㄥ	國立苗栗高中	-5.74707439	names
ㄍㄨㄛˊ-ㄌㄧˋ-ㄇㄧㄠˊ-ㄌㄧˋ-ㄍㄠ-ㄕㄤ	國立苗栗高商	-5.74707439	names
ㄍㄨㄛˊ-ㄌㄧˋ-ㄘㄠˇ-ㄊㄨㄣˊ-ㄕㄤ-ㄍㄨㄥ	國立草屯商工	-5.74707439	names
ㄍㄨㄛˊ-ㄌㄧˋ-ㄏㄨㄚˊ-ㄑㄧㄠˊ-ㄍㄠ-ㄐㄧˊ-ㄓㄨㄥ-ㄉㄥˇ-ㄒㄩㄝˊ-ㄒㄧㄠˋ	國立華僑高級中等學校	-5.74707439	names
ㄍㄨㄛˊ-ㄌㄧˋ-ㄏㄨㄚˊ-ㄋㄢˊ-ㄍㄠ-ㄕㄤ	國立華南高商	-5.74707439	names
ㄍㄨㄛˊ-ㄌㄧˋ-ㄏㄨㄚˊ-ㄕㄤ	國立華商	-6.60980192	names
ㄍㄨㄛˊ-ㄌㄧˋ-ㄙㄨ-ㄠˋ-ㄏㄞˇ-ㄕˋ	國立蘇澳海事	-5.74707439	names
ㄍㄨㄛˊ-ㄌㄧˋ-ㄌㄢˊ-ㄋㄩˇ	國立蘭女	-6.60980192	names
ㄍㄨㄛˊ-ㄌㄧˋ-ㄌㄢˊ-ㄧㄤˊ-ㄋㄩˇ-ㄓㄨㄥ	國立蘭陽女中	-5.74707439	names
ㄍㄨㄛˊ-ㄌㄧˋ-ㄏㄨˇ-ㄨㄟˇ-ㄎㄜ-ㄉㄚˋ	國立虎尾科大	-5.74707439	names
ㄍㄨㄛˊ-ㄌㄧˋ-ㄏㄨˇ-ㄨㄟˇ-ㄎㄜ-ㄐㄧˋ-ㄉㄚˋ-ㄒㄩㄝˊ	國立虎尾科技大學	-5.74707439	names
ㄍㄨㄛˊ-ㄌㄧˋ-ㄏㄨˇ-ㄨㄟˇ-ㄋㄨㄥˊ-ㄍㄨㄥ	國立虎尾農工	-5.74707439	names
ㄍㄨㄛˊ-ㄌㄧˋ-ㄏㄨˇ-ㄨㄟˇ-ㄍㄠ-ㄓㄨㄥ	國立虎尾高中	-5.74707439	names
ㄍㄨㄛˊ-ㄌㄧˋ-ㄒㄧ-ㄌㄨㄛˊ-ㄋㄨㄥˊ-ㄍㄨㄥ	國立西螺農工	-5.74707439	names
ㄍㄨㄛˊ-ㄌㄧˋ-ㄐㄧㄣ-ㄇㄣˊ-ㄉㄚˋ-ㄒㄩㄝˊ	國立金門大學	-5.74707439	names
ㄍㄨㄛˊ-ㄌㄧˋ-ㄐㄧㄣ-ㄇㄣˊ-ㄋㄨㄥˊ-ㄍㄨㄥ	國立金門農工	-5.74707439	names
ㄍㄨㄛˊ-ㄌㄧˋ-ㄐㄧㄣ-ㄇㄣˊ-ㄍㄠ-ㄓㄨㄥ	國立金門高中	-5.74707439	names
ㄍㄨㄛˊ-ㄌㄧˋ-ㄍㄨㄢ-ㄕㄢ-ㄍㄨㄥ-ㄕㄤ	國立關山工商	-5.74707439	names
ㄍㄨㄛˊ-ㄌㄧˋ-ㄍㄨㄢ-ㄒㄧ-ㄍㄠ-ㄓㄨㄥ	國立關西高中	-5.74707439	names
ㄍㄨㄛˊ-ㄌㄧˋ-ㄧㄤˊ-ㄇㄧㄥˊ-ㄐㄧㄠ-ㄉㄚˋ-ㄈㄨˋ-ㄓㄨㄥ	國立陽明交大附中	-5.74707439	names
ㄍㄨㄛˊ-ㄌㄧˋ-ㄧㄤˊ-ㄇㄧㄥˊ-ㄐㄧㄠ-ㄊㄨㄥ-ㄉㄚˋ-ㄒㄩㄝˊ	國立陽明交通大學	-5.74707439	names
ㄍㄨㄛˊ-ㄌㄧˋ-ㄩㄣˊ-ㄌㄧㄣˊ-ㄎㄜ-ㄉㄚˋ	國立雲林科大	-5.74707439	names
ㄍㄨㄛˊ-ㄌㄧˋ-ㄩㄣˊ-ㄌㄧㄣˊ-ㄎㄜ-ㄐㄧˋ-ㄉㄚˋ-ㄒㄩㄝˊ	國立雲林科技大學	-5.74707439	names
ㄍㄨㄛˊ-ㄌㄧˋ-ㄊㄡˊ-ㄔㄥˊ-ㄐㄧㄚ-ㄕㄤ	國立頭城家商	-5.74707439	names
ㄍㄨㄛˊ-ㄌㄧˋ-ㄇㄚˇ-ㄍㄨㄥ-ㄍㄠ-ㄓㄨㄥ	國立馬公高中	-5.74707439	names
ㄍㄨㄛˊ-ㄌㄧˋ-ㄇㄚˇ-ㄗㄨˇ-ㄍㄠ-ㄓㄨㄥ	國立馬祖高中	-5.74707439	names
ㄍㄨㄛˊ-ㄌㄧˋ-ㄊㄧˇ-ㄉㄚˋ	國立體大	-6.60980192	names
ㄍㄨㄛˊ-ㄌㄧˋ-ㄊㄧˇ-ㄩˋ-ㄉㄚˋ-ㄒㄩㄝˊ	國立體育大學	-5.74707439	names
ㄍㄨㄛˊ-ㄌㄧˋ-ㄍㄠ-ㄕ-ㄉㄚˋ-ㄈㄨˋ-ㄓㄨㄥ	國立高師大附中	-5.74707439	names
ㄍㄨㄛˊ-ㄌㄧˋ-ㄍㄠ-ㄎㄜ-ㄉㄚˋ	國立高科大	-6.17843815	names
ㄍㄨㄛˊ-ㄌㄧˋ-ㄍㄠ-ㄎㄜ-ㄕˊ-ㄧㄢˋ-ㄍㄠ-ㄓㄨㄥ	國立高科實驗高中	-5.74707439	names
ㄍㄨㄛˊ-ㄌㄧˋ-ㄍㄠ-ㄒㄩㄥˊ-ㄉㄚˋ-ㄒㄩㄝˊ	國立高雄大學	-5.74707439	names
ㄍㄨㄛˊ-ㄌㄧˋ-ㄍㄠ-ㄒㄩㄥˊ-ㄕ-ㄈㄢˋ-ㄉㄚˋ-ㄒㄩㄝˊ	國立高雄師範大學	-5.74707439	names
ㄍㄨㄛˊ-ㄌㄧˋ-ㄍㄠ-ㄒㄩㄥˊ-ㄎㄜ-ㄉㄚˋ	國立高雄科大	-5.74707439	names
ㄍㄨㄛˊ-ㄌㄧˋ-ㄍㄠ-ㄒㄩㄥˊ-ㄎㄜ-ㄐㄧˋ-ㄉㄚˋ-ㄒㄩㄝˊ	國立高雄科技大學	-5.74707439	names
ㄍㄨㄛˊ-ㄌㄧˋ-ㄍㄠ-ㄒㄩㄥˊ-ㄘㄢ-ㄌㄩˇ-ㄉㄚˋ-ㄒㄩㄝˊ	國立高雄餐旅大學	-5.74707439	names
ㄍㄨㄛˊ-ㄌㄧˋ-ㄈㄥˋ-ㄕㄢ-ㄕㄤ-ㄍㄨㄥ	國立鳳山商工	-5.74707439	names
ㄍㄨㄛˊ-ㄌㄧˋ-ㄈㄥˋ-ㄕㄢ-ㄍㄠ-ㄓㄨㄥ	國立鳳山高中	-5.74707439	names
ㄍㄨㄛˊ-ㄌㄧˋ-ㄈㄥˋ-ㄒㄧㄣ-ㄍㄠ-ㄓㄨㄥ	國立鳳新高中	-5.74707439	names
ㄍㄨㄛˊ-ㄌㄧˋ-ㄌㄨˋ-ㄍㄤˇ-ㄍㄠ-ㄓㄨㄥ	國立鹿港高中	-5.74707439	names
ㄍㄨㄛˊ-ㄊㄞˊ-ㄧˋ	國臺藝	-7.04116568	names
ㄍㄨㄛˊ-ㄅㄧㄣ-ㄉㄚˋ-ㄈㄢˋ-ㄉㄧㄢˋ	國賓大飯店	-6.17843815	names
ㄍㄨㄛˊ-ㄐㄧˋ-ㄓㄨㄥ-ㄒㄧㄤˋ-ㄊㄡˊ-ㄗ-ㄎㄨㄥˋ-ㄍㄨˇ	國際中橡投資控股	-5.74707439	names
ㄩㄢˊ-ㄍㄤ-ㄎㄜ-ㄐㄧˋ	圓剛科技	-6.60980192	names
ㄩㄢˊ-ㄓㄢˇ-ㄎㄜ-ㄐㄧˋ	圓展科技	-6.60980192	names
ㄩㄢˊ-ㄕㄣˊ-ㄔㄨ-ㄅㄢˇ-ㄕㄜˋ	圓神出版社	-6.17843815	names
ㄐㄩㄣ-ㄏㄠˊ-ㄐㄧㄥ-ㄇㄧˋ-ㄍㄨㄥ-ㄧㄝˋ	均豪精密工業	-5.74707439	names
ㄔㄥˊ-ㄕˋ-ㄎㄜ-ㄉㄚˋ	城市科大	-6.60980192	names
ㄔㄥˊ-ㄎㄜ	城科	-7.17149945	names
ㄐㄧ-ㄌㄨㄥˊ-ㄍㄠ-ㄓㄨㄥ	基隆高中	-6.60980192	names
ㄇㄛˋ-ㄈㄢˊ-ㄕㄤ-ㄔㄤˇ	墨凡商場	-6.60980192	names
ㄕˋ-ㄌㄧㄣˊ-ㄓˇ-ㄧㄝˋ	士林紙業	-6.60980192	names
ㄕˋ-ㄌㄧㄣˊ-ㄉㄧㄢˋ-ㄐㄧ	士林電機	-6.60980192	names
ㄧ-ㄈㄢ-ㄨ	壹番屋	-7.04116568	names
ㄒㄧㄚˋ-ㄉㄨ-ㄐㄧㄡˇ-ㄉㄧㄢˋ	夏都酒店	-6.60980192	names
ㄉㄨㄛ-ㄋㄚˋ-ㄓ-ㄎㄚ-ㄈㄟ	多那之咖啡	-6.17843815	names
ㄉㄚˋ-ㄖㄣˊ-ㄎㄜ-ㄉㄚˋ	大仁科大	-6.60980192	names
ㄉㄚˋ-ㄋㄢˊ-ㄑㄧˋ-ㄔㄜ	大南汽車	-6.60980192	names
ㄉㄚˋ-ㄆㄨˇ-ㄆㄧㄥˊ-ㄐㄧㄚˋ-ㄊㄧㄝˇ-ㄅㄢˇ-ㄕㄠ	大埔平價鐵板燒	-5.74707439	names
ㄉㄚˋ-ㄆㄨˇ-ㄊㄧㄝˇ-ㄅㄢˇ-ㄕㄠ	大埔鐵板燒	-6.17843815	names
ㄉㄚˋ-ㄉㄨㄣ-ㄕˊ-ㄧ-ㄕㄥ-ㄏㄨㄛˊ-ㄍㄨㄤˇ-ㄔㄤˇ	大墩食衣生活廣場	-5.74707439	names
ㄉㄚˋ-ㄢ-ㄍㄠ-ㄍㄨㄥ	大安高工	-6.60980192	names
ㄉㄚˋ-ㄔㄥˊ-ㄅㄨˋ-ㄒㄧㄡˋ-ㄍㄤ	大成不銹鋼	-6.17843815	names
ㄉㄚˋ-ㄔㄥˊ-ㄅㄨˊ-ㄒㄧㄡˋ-ㄍㄤ	大成不銹鋼	-6.67843815	names
ㄉㄚˋ-ㄔㄥˊ-ㄩˋ-ㄇㄧˇ	大成玉米	-6.60980192	names
ㄉㄚˋ-ㄔㄥˊ-ㄕˊ-ㄆㄧㄣˇ	大成食品	-6.60980192	names
ㄉㄚˋ-ㄏㄨˋ-ㄨ	大戶屋	-7.04116568	names
ㄉㄚˋ-ㄕㄨˋ-ㄓˋ-ㄋㄥˊ	大數智能	-6.60980192	names
ㄉㄚˋ-ㄔㄤ-ㄍㄨㄛˊ-ㄐㄧˋ	大昌國際	-6.60980192	names
ㄉㄚˋ-ㄕㄨˋ-ㄧㄠˋ-ㄐㄩˊ	大樹藥局	-6.60980192	names
ㄉㄚˋ-ㄐㄧㄤ-ㄕㄥ-ㄧ	大江生醫	-6.60980192	names
ㄉㄚˋ-ㄏㄨˊ-ㄋㄨㄥˊ-ㄍㄨㄥ	大湖農工	-6.60980192	names
ㄉㄚˋ-ㄧㄢˊ-ㄕㄥ-ㄧ	大研生醫	-6.60980192	names
ㄉㄚˋ-ㄌㄧˋ-ㄍㄨㄤ-ㄉㄧㄢˋ	大立光電	-6.60980192	names
ㄉㄚˋ-ㄌㄧㄢˊ-ㄉㄚˋ-ㄎㄨㄥˋ-ㄍㄨˇ	大聯大控股	-6.17843815	names
ㄉㄚˋ-ㄇㄧㄥˊ-ㄅㄣˇ-ㄨㄟˋ-ㄓˋ-ㄔㄚˊ-ㄊㄤˊ	大茗本位製茶堂	-5.74707439	names
ㄉㄚˋ-ㄌㄧˇ-ㄍㄠ-ㄓㄨㄥ	大里高中	-6.60980192	names
ㄉㄚˋ-ㄌㄨˋ-ㄍㄨㄥ-ㄔㄥˊ	大陸工程	-6.60980192	names
ㄉㄚˋ-ㄌㄨˇ-ㄍㄜˊ-ㄕˊ-ㄧㄝˋ	大魯閣實業	-6.17843815	names
ㄊㄧㄢ-ㄓㄨˇ-ㄐㄧㄠˋ-ㄇㄧㄥˊ-ㄔㄥˊ-ㄍㄠ-ㄓㄨㄥ	天主教明誠高中	-5.74707439	names
ㄊㄧㄢ-ㄓㄨˇ-ㄐㄧㄠˋ-ㄉㄠˋ-ㄇㄧㄥˊ-ㄓㄨㄥ-ㄒㄩㄝˊ	天主教道明中學	-5.74707439	names
ㄊㄧㄢ-ㄖㄣˊ-ㄇㄧㄥˊ-ㄔㄚˊ	天仁茗茶	-6.60980192	names
ㄊㄧㄢ-ㄆㄧㄣˇ-ㄕㄢ-ㄓㄨㄤ	天品山莊	-6.60980192	names
ㄊㄧㄢ-ㄔㄥˊ-ㄈㄢˋ-ㄉㄧㄢˋ	天成飯店	-6.60980192	names
ㄊㄧㄢ-ㄏㄢˋ-ㄎㄜ-ㄐㄧˋ	天瀚科技	-6.60980192	names
ㄊㄧㄢ-ㄒㄧ-ㄏㄞˇ-ㄐㄧㄚ-ㄎㄨㄥˋ-ㄍㄨˇ	天禧海嘉控股	-5.74707439	names
ㄊㄧㄢ-ㄔㄣˊ-ㄎㄨㄥˋ-ㄍㄨˇ	天臣控股	-6.60980192	names
ㄊㄞˋ-ㄗˇ-ㄐㄧㄢˋ-ㄕㄜˋ	太子建設	-6.60980192	names
ㄊㄞˋ-ㄆㄧㄥˊ-ㄧㄤˊ-ㄐㄧㄢˋ-ㄕㄜˋ	太平洋建設	-6.17843815	names
ㄊㄞˋ-ㄆㄧㄥˊ-ㄧㄤˊ-ㄉㄧㄢˋ-ㄒㄧㄢˋ-ㄉㄧㄢˋ-ㄌㄢˇ	太平洋電線電纜	-5.74707439	names
ㄊㄞˋ-ㄎㄨㄥ-ㄙㄨㄛ-ㄍㄠ-ㄔㄨㄢˊ-ㄓㄣ-ㄎㄜ-ㄐㄧˋ	太空梭高傳真科技	-5.74707439	names
ㄏㄨㄢˋ-ㄒㄧㄣ-ㄎㄨㄥˋ-ㄍㄨˇ	奐鑫控股	-6.60980192	names
ㄏㄠˇ-ㄌㄞˊ-ㄏㄨㄚˋ-ㄍㄨㄥ	好來化工	-6.60980192	names
ㄏㄠˇ-ㄕˋ-ㄉㄨㄛ-ㄐㄧㄚ-ㄧㄡˊ-ㄓㄢˋ	好市多加油站	-5.74707439	names
ㄏㄠˇ-ㄌㄜˋ-ㄉㄧˊ	好樂迪	-7.04116568	names
ㄨㄟ-ㄍㄤ-ㄎㄜ-ㄐㄧˋ	威剛科技	-6.60980192	names
ㄨㄟ-ㄕㄥˋ-ㄉㄧㄢˋ-ㄗˇ	威盛電子	-6.60980192	names
ㄨㄟ-ㄖㄨㄟˋ-ㄎㄜ-ㄐㄧˋ	威睿科技	-6.60980192	names
ㄙㄨㄣ-ㄉㄨㄥ-ㄅㄠˇ-ㄊㄞˊ-ㄕˋ-ㄋㄧㄡˊ-ㄆㄞˊ	孫東寶台式牛排	-5.74707439	names
ㄩˇ-ㄐㄩㄣˋ-ㄠˋ-ㄊㄧㄥ	宇峻奧汀	-6.60980192	names
ㄢ-ㄊㄞˋ-ㄎㄜˋ	安鈦克	-7.04116568	names
ㄢ-ㄈㄥ-ㄍㄤ-ㄊㄧㄝˇ	安鋒鋼鐵	-6.60980192	names
ㄏㄨㄥˊ-ㄧㄚˇ-ㄕˊ-ㄆㄧㄣˇ	宏亞食品	-6.60980192	names
ㄏㄨㄥˊ-ㄐㄧㄚ-ㄊㄥˊ-ㄉㄨㄥˋ-ㄌㄧˋ-ㄎㄜ-ㄐㄧˋ	宏佳騰動力科技	-5.74707439	names
ㄏㄨㄥˊ-ㄑㄩㄢˊ-ㄍㄨㄛˊ-ㄐㄧˋ	宏全國際	-6.60980192	names
ㄏㄨㄥˊ-ㄍㄨㄛˊ-ㄎㄜ-ㄉㄚˋ	宏國科大	-6.60980192	names
ㄏㄨㄥˊ-ㄓㄥˋ-ㄗˋ-ㄉㄨㄥˋ-ㄎㄜ-ㄐㄧˋ	宏正自動科技	-5.74707439	names
ㄏㄨㄥˊ-ㄊㄞˋ	宏泰	-7.17149945	names
ㄏㄨㄥˊ-ㄉㄚˊ-ㄍㄨㄛˊ-ㄐㄧˋ-ㄉㄧㄢˋ-ㄗˇ	宏達國際電子	-5.74707439	names
ㄍㄨㄢ-ㄊㄧㄢˊ-ㄍㄤ-ㄊㄧㄝˇ	官田鋼鐵	-6.60980192	names
ㄧˊ-ㄓㄨㄥ	宜中	-7.17149945	names
ㄧˊ-ㄌㄢˊ-ㄉㄚˋ-ㄒㄩㄝˊ	宜蘭大學	-6.60980192	names
ㄧˊ-ㄌㄢˊ-ㄍㄠ-ㄓㄨㄥ	宜蘭高中	-6.60980192	names
ㄧˊ-ㄐㄧㄣˋ-ㄕˊ-ㄧㄝˋ	宜進實業	-6.60980192	names
ㄧˊ-ㄍㄠ	宜高	-7.17149945	names
ㄧˊ-ㄉㄧㄥˇ-ㄍㄨㄛˊ-ㄐㄧˋ	宜鼎國際	-6.60980192	names
ㄐㄧㄚ-ㄑㄧˊ-ㄍㄠ-ㄓㄨㄥ	家齊高中	-6.60980192	names
ㄔㄣˊ-ㄏㄨㄥˊ-ㄍㄨㄤ-ㄉㄧㄢˋ-ㄎㄜ-ㄐㄧˋ	宸鴻光電科技	-5.74707439	names
ㄈㄨˋ-ㄑㄧㄤˊ-ㄌㄨㄣˊ-ㄊㄞ	富強輪胎	-6.60980192	names
ㄈㄨˋ-ㄅㄤ-ㄇㄟˊ-ㄊㄧˇ-ㄎㄜ-ㄐㄧˋ	富邦媒體科技	-5.74707439	names
ㄈㄨˋ-ㄅㄤ-ㄐㄧㄣ-ㄖㄨㄥˊ-ㄎㄨㄥˋ-ㄍㄨˇ	富邦金融控股	-5.74707439	names
ㄈㄨˋ-ㄘㄞˇ-ㄊㄡˊ-ㄗ-ㄎㄨㄥˋ-ㄍㄨˇ	富采投資控股	-5.74707439	names
ㄈㄨˋ-ㄧˋ-ㄐㄧㄡˇ-ㄉㄧㄢˋ	富驛酒店	-6.60980192	names
ㄏㄨㄢˊ-ㄅㄤ-ㄎㄜ-ㄐㄧˋ	寰邦科技	-6.60980192	names
ㄅㄠˇ-ㄐㄧㄚ-ㄐㄧ-ㄍㄡˋ	寶佳機構	-6.60980192	names
ㄅㄠˇ-ㄉㄠˇ-ㄓㄨㄥ-ㄅㄧㄠˇ-ㄧㄢˇ-ㄐㄧㄥˋ-ㄏㄤˊ	寶島鐘錶眼鏡行	-5.74707439	names
ㄅㄠˇ-ㄔㄥˊ-ㄍㄨㄥ-ㄧㄝˋ	寶成工業	-6.60980192	names
ㄅㄠˇ-ㄏㄨㄚˊ-ㄕㄤ-ㄧㄝˋ-ㄧㄣˊ-ㄏㄤˊ	寶華商業銀行	-5.74707439	names
ㄅㄠˇ-ㄌㄧㄥˊ-ㄈㄨˋ-ㄐㄧㄣˇ-ㄕㄥ-ㄐㄧˋ	寶齡富錦生技	-5.74707439	names
ㄒㄧㄠˇ-ㄌㄧㄣˊ-ㄧㄢˇ-ㄐㄧㄥˋ	小林眼鏡	-6.60980192	names
ㄒㄧㄠˇ-ㄇㄥˊ-ㄎㄜ-ㄐㄧˋ	小萌科技	-6.60980192	names
ㄒㄧㄠˇ-ㄉㄡˋ-ㄇㄧㄠˊ-ㄅㄧㄢˋ-ㄌㄧˋ-ㄕㄤ-ㄉㄧㄢˋ	小豆苗便利商店	-5.74707439	names
ㄕㄤˋ-ㄌㄧˋ	尚立	-7.17149945	names
ㄆㄧㄥˊ-ㄉㄨㄥ-ㄉㄚˋ-ㄒㄩㄝˊ	屏東大學	-6.60980192	names
ㄆㄧㄥˊ-ㄉㄨㄥ-ㄋㄩˇ-ㄓㄨㄥ	屏東女中	-6.60980192	names
ㄆㄧㄥˊ-ㄉㄨㄥ-ㄎㄜ-ㄉㄚˋ	屏東科大	-6.60980192	names
ㄆㄧㄥˊ-ㄉㄨㄥ-ㄍㄠ-ㄓㄨㄥ	屏東高中	-6.60980192	names
ㄆㄧㄥˊ-ㄉㄨㄥ-ㄍㄠ-ㄍㄨㄥ	屏東高工	-6.60980192	names
ㄕㄢ-ㄈㄨˋ-ㄍㄨㄛˊ-ㄐㄧˋ-ㄌㄩˇ-ㄒㄧㄥˊ-ㄕㄜˋ	山富國際旅行社	-5.74707439	names
ㄕㄢ-ㄌㄨㄥˊ-ㄐㄧㄚ-ㄧㄡˊ-ㄓㄢˋ	山隆加油站	-6.17843815	names
ㄍㄤ-ㄕㄢ-ㄍㄠ-ㄓㄨㄥ	岡山高中	-6.60980192	names
ㄈㄥ-ㄆㄨˇ-ㄔㄚˊ-ㄓㄨㄤ	峰圃茶莊	-6.60980192	names
ㄔㄨㄥˊ-ㄖㄣˊ-ㄏㄨˋ-ㄓㄨㄢ	崇仁護專	-6.60980192	names
ㄔㄨㄥˊ-ㄖㄣˊ-ㄧ-ㄏㄨˋ-ㄍㄨㄢˇ-ㄌㄧˇ-ㄓㄨㄢ-ㄎㄜ-ㄒㄩㄝˊ-ㄒㄧㄠˋ	崇仁醫護管理專科學校	-5.74707439	names
ㄔㄨㄥˊ-ㄧㄡˋ-ㄧㄥˇ-ㄧˋ-ㄎㄜ-ㄐㄧˋ-ㄉㄚˋ-ㄒㄩㄝˊ	崇右影藝科技大學	-5.74707439	names
ㄔㄨㄥˊ-ㄧㄡˋ-ㄎㄜ-ㄐㄧˋ-ㄉㄚˋ-ㄒㄩㄝˊ	崇右科技大學	-5.74707439	names
ㄔㄨㄥˊ-ㄍㄨㄥ	崇工	-7.17149945	names
ㄔㄨㄥˊ-ㄩㄝˋ-ㄎㄜ-ㄐㄧˋ	崇越科技	-6.60980192	names
ㄎㄨㄣ-ㄕㄢ-ㄎㄜ-ㄉㄚˋ	崑山科大	-6.60980192	names
ㄎㄨㄣ-ㄎㄜ	崑科	-7.17149945	names
ㄌㄧㄥˇ-ㄉㄨㄥ-ㄎㄜ-ㄐㄧˋ-ㄉㄚˋ-ㄒㄩㄝˊ	嶺東科技大學	-5.74707439	names
ㄔㄨㄢ-ㄏㄨˊ-ㄎㄜ-ㄐㄧˋ	川湖科技	-6.60980192	names
ㄐㄩˋ-ㄐㄧㄤˋ-ㄉㄧㄢˋ-ㄋㄠˇ	巨匠電腦	-6.60980192	names
ㄐㄩˋ-ㄙ-ㄇㄟˊ-ㄊㄧˇ	巨思媒體	-6.60980192	names
ㄐㄩˋ-ㄌㄧㄣˊ-ㄇㄟˇ-ㄦˊ-ㄇㄟˇ	巨林美而美	-6.17843815	names
ㄐㄩˋ-ㄊㄥˊ-ㄍㄨㄛˊ-ㄐㄧˋ	巨騰國際	-6.60980192	names
ㄅㄚ-ㄊㄚˇ-ㄍㄜ-ㄋㄧˊ-ㄧㄚˇ	巴塔哥尼亞	-6.17843815	names
ㄅㄚ-ㄉㄥ-ㄎㄚ-ㄈㄟ	巴登咖啡	-6.60980192	names
ㄕˋ-ㄉㄚˋ-ㄌㄧˇ-ㄍㄠ-ㄓㄨㄥ	市大里高中	-6.17843815	names
ㄕˋ-ㄌㄧˋ-ㄙㄢ-ㄇㄧㄣˊ-ㄐㄧㄚ-ㄕㄤ	市立三民家商	-5.74707439	names
ㄕˋ-ㄌㄧˋ-ㄙㄢ-ㄇㄧㄣˊ-ㄍㄠ-ㄓㄨㄥ	市立三民高中	-5.74707439	names
ㄕˋ-ㄌㄧˋ-ㄙㄢ-ㄔㄨㄥˊ-ㄕㄤ-ㄍㄨㄥ	市立三重商工	-5.74707439	names
ㄕˋ-ㄌㄧˋ-ㄙㄢ-ㄔㄨㄥˊ-ㄍㄠ-ㄓㄨㄥ	市立三重高中	-5.74707439	names
ㄕˋ-ㄌㄧˋ-ㄓㄨㄥ-ㄏㄜˊ-ㄍㄠ-ㄓㄨㄥ	市立中和高中	-5.74707439	names
ㄕˋ-ㄌㄧˋ-ㄓㄨㄥ-ㄌㄧˋ-ㄐㄧㄚ-ㄕㄤ	市立中壢家商	-5.74707439	names
ㄕˋ-ㄌㄧˋ-ㄓㄨㄥ-ㄌㄧˋ-ㄍㄠ-ㄕㄤ	市立中壢高商	-5.74707439	names
ㄕˋ-ㄌㄧˋ-ㄓㄨㄥ-ㄕㄢ-ㄋㄩˇ-ㄍㄠ	市立中山女高	-5.74707439	names
ㄕˋ-ㄌㄧˋ-ㄓㄨㄥ-ㄕㄢ-ㄍㄠ-ㄓㄨㄥ	市立中山高中	-5.74707439	names
ㄕˋ-ㄌㄧˋ-ㄓㄨㄥ-ㄌㄨㄣˊ-ㄍㄠ-ㄓㄨㄥ	市立中崙高中	-5.74707439	names
ㄕˋ-ㄌㄧˋ-ㄓㄨㄥ-ㄓㄥˋ-ㄍㄠ-ㄓㄨㄥ	市立中正高中	-5.74707439	names
ㄕˋ-ㄌㄧˋ-ㄓㄨㄥ-ㄓㄥˋ-ㄍㄠ-ㄍㄨㄥ	市立中正高工	-5.74707439	names
ㄕˋ-ㄌㄧˋ-ㄓㄨㄥ-ㄍㄤˇ-ㄍㄠ-ㄓㄨㄥ	市立中港高中	-5.74707439	names
ㄕˋ-ㄌㄧˋ-ㄉㄢ-ㄈㄥˋ-ㄍㄠ-ㄓㄨㄥ	市立丹鳳高中	-5.74707439	names
ㄕˋ-ㄌㄧˋ-ㄖㄣˊ-ㄨˇ-ㄍㄠ-ㄓㄨㄥ	市立仁武高中	-5.74707439	names
ㄕˋ-ㄌㄧˋ-ㄍㄨㄤ-ㄈㄨˋ-ㄍㄠ-ㄓㄨㄥ	市立光復高中	-5.74707439	names
ㄕˋ-ㄌㄧˋ-ㄋㄟˋ-ㄌㄧˋ-ㄍㄠ-ㄓㄨㄥ	市立內壢高中	-5.74707439	names
ㄕˋ-ㄌㄧˋ-ㄋㄟˋ-ㄏㄨˊ-ㄍㄠ-ㄓㄨㄥ	市立內湖高中	-5.74707439	names
ㄕˋ-ㄌㄧˋ-ㄋㄟˋ-ㄏㄨˊ-ㄍㄠ-ㄍㄨㄥ	市立內湖高工	-5.74707439	names
ㄕˋ-ㄌㄧˋ-ㄅㄚ-ㄉㄡˇ-ㄍㄠ-ㄓㄨㄥ	市立八斗高中	-5.74707439	names
ㄕˋ-ㄌㄧˋ-ㄌㄧㄡˋ-ㄍㄨㄟ-ㄍㄠ-ㄓㄨㄥ	市立六龜高中	-5.74707439	names
ㄕˋ-ㄌㄧˋ-ㄑㄧㄢˊ-ㄓㄣˋ-ㄍㄠ-ㄓㄨㄥ	市立前鎮高中	-5.74707439	names
ㄕˋ-ㄌㄧˋ-ㄅㄟˇ-ㄧ-ㄋㄩˇ-ㄓㄨㄥ	市立北一女中	-5.74707439	names
ㄕˋ-ㄌㄧˋ-ㄅㄟˇ-ㄉㄚˋ-ㄍㄠ-ㄐㄧˊ-ㄓㄨㄥ-ㄒㄩㄝˊ	市立北大高級中學	-5.74707439	names
ㄕˋ-ㄌㄧˋ-ㄅㄟˇ-ㄕˋ-ㄉㄚˋ-ㄈㄨˋ-ㄓㄨㄥ	市立北市大附中	-5.74707439	names
ㄕˋ-ㄌㄧˋ-ㄋㄢˊ-ㄋㄧㄥˊ-ㄍㄠ-ㄓㄨㄥ	市立南寧高中	-5.74707439	names
ㄕˋ-ㄌㄧˋ-ㄋㄢˊ-ㄎㄢˇ-ㄍㄠ-ㄓㄨㄥ	市立南崁高中	-5.74707439	names
ㄕˋ-ㄌㄧˋ-ㄋㄢˊ-ㄍㄤˇ-ㄍㄠ-ㄓㄨㄥ	市立南港高中	-5.74707439	names
ㄕˋ-ㄌㄧˋ-ㄋㄢˊ-ㄍㄤˇ-ㄍㄠ-ㄍㄨㄥ	市立南港高工	-5.74707439	names
ㄕˋ-ㄌㄧˋ-ㄋㄢˊ-ㄏㄨˊ-ㄍㄠ-ㄓㄨㄥ	市立南湖高中	-5.74707439	names
ㄕˋ-ㄌㄧˋ-ㄏㄡˋ-ㄗㄨㄥˋ-ㄍㄠ-ㄓㄨㄥ	市立后綜高中	-5.74707439	names
ㄕˋ-ㄌㄧˋ-ㄏㄜˊ-ㄆㄧㄥˊ-ㄍㄠ-ㄓㄨㄥ	市立和平高中	-5.74707439	names
ㄕˋ-ㄌㄧˋ-ㄊㄨˇ-ㄔㄥˊ-ㄍㄠ-ㄓㄨㄥ	市立土城高中	-5.74707439	names
ㄕˋ-ㄌㄧˋ-ㄕˋ-ㄌㄧㄣˊ-ㄍㄠ-ㄕㄤ	市立士林高商	-5.74707439	names
ㄕˋ-ㄌㄧˋ-ㄕㄡˋ-ㄕㄢ-ㄍㄠ-ㄓㄨㄥ	市立壽山高中	-5.74707439	names
ㄕˋ-ㄌㄧˋ-ㄉㄚˋ-ㄊㄨㄥˊ	市立大同	-6.60980192	names
ㄕˋ-ㄌㄧˋ-ㄉㄚˋ-ㄊㄨㄥˊ-ㄍㄠ-ㄓㄨㄥ	市立大同高中	-5.74707439	names
ㄕˋ-ㄌㄧˋ-ㄉㄚˋ-ㄩㄢˊ-ㄍㄨㄛˊ-ㄐㄧˋ-ㄍㄠ-ㄓㄨㄥ	市立大園國際高中	-5.74707439	names
ㄕˋ-ㄌㄧˋ-ㄉㄚˋ-ㄢ-ㄍㄠ-ㄍㄨㄥ	市立大安高工	-5.74707439	names
ㄕˋ-ㄌㄧˋ-ㄉㄚˋ-ㄒㄧ-ㄍㄠ-ㄓㄨㄥ	市立大溪高中	-5.74707439	names
ㄕˋ-ㄌㄧˋ-ㄉㄚˋ-ㄨㄢ-ㄍㄠ-ㄓㄨㄥ	市立大灣高中	-5.74707439	names
ㄕˋ-ㄌㄧˋ-ㄉㄚˋ-ㄐㄧㄚˇ-ㄍㄠ-ㄓㄨㄥ	市立大甲高中	-5.74707439	names
ㄕˋ-ㄌㄧˋ-ㄉㄚˋ-ㄐㄧㄚˇ-ㄍㄠ-ㄍㄨㄥ	市立大甲高工	-5.74707439	names
ㄕˋ-ㄌㄧˋ-ㄉㄚˋ-ㄓˊ-ㄍㄠ-ㄓㄨㄥ	市立大直高中	-5.74707439	names
ㄕˋ-ㄌㄧˋ-ㄉㄚˋ-ㄌㄧˇ	市立大里	-6.60980192	names
ㄕˋ-ㄌㄧˋ-ㄉㄚˋ-ㄌㄧˇ-ㄍㄠ-ㄓㄨㄥ	市立大里高中	-5.74707439	names
ㄕˋ-ㄌㄧˋ-ㄢ-ㄎㄤ-ㄍㄠ-ㄓㄨㄥ	市立安康高中	-5.74707439	names
ㄕˋ-ㄌㄧˋ-ㄢ-ㄌㄜˋ-ㄍㄠ-ㄓㄨㄥ	市立安樂高中	-5.74707439	names
ㄕˋ-ㄌㄧˋ-ㄒㄧㄠˇ-ㄍㄤˇ-ㄍㄠ-ㄓㄨㄥ	市立小港高中	-5.74707439	names
ㄕˋ-ㄌㄧˋ-ㄗㄨㄛˇ-ㄧㄥˊ-ㄍㄠ-ㄓㄨㄥ	市立左營高中	-5.74707439	names
ㄕˋ-ㄌㄧˋ-ㄆㄧㄥˊ-ㄓㄣˋ-ㄍㄠ-ㄓㄨㄥ	市立平鎮高中	-5.74707439	names
ㄕˋ-ㄌㄧˋ-ㄐㄧㄢˋ-ㄍㄨㄥ-ㄍㄠ-ㄓㄨㄥ	市立建功高中	-5.74707439	names
ㄕˋ-ㄌㄧˋ-ㄐㄧㄢˋ-ㄍㄨㄛˊ-ㄓㄨㄥ-ㄒㄩㄝˊ	市立建國中學	-5.74707439	names
ㄕˋ-ㄌㄧˋ-ㄈㄨˋ-ㄒㄧㄥ-ㄍㄠ-ㄓㄨㄥ	市立復興高中	-5.74707439	names
ㄕˋ-ㄌㄧˋ-ㄓㄨㄥ-ㄇㄧㄥˊ-ㄍㄠ-ㄓㄨㄥ	市立忠明高中	-5.74707439	names
ㄕˋ-ㄌㄧˋ-ㄏㄨㄟˋ-ㄨㄣˊ-ㄍㄠ-ㄓㄨㄥ	市立惠文高中	-5.74707439	names
ㄕˋ-ㄌㄧˋ-ㄔㄥˊ-ㄍㄨㄥ-ㄓㄨㄥ-ㄒㄩㄝˊ	市立成功中學	-5.74707439	names
ㄕˋ-ㄌㄧˋ-ㄔㄥˊ-ㄉㄜˊ-ㄍㄠ-ㄓㄨㄥ	市立成德高中	-5.74707439	names
ㄕˋ-ㄌㄧˋ-ㄔㄥˊ-ㄩㄢ-ㄍㄠ-ㄓㄨㄥ	市立成淵高中	-5.74707439	names
ㄕˋ-ㄌㄧˋ-ㄨㄣˊ-ㄕㄢ-ㄍㄠ-ㄓㄨㄥ	市立文山高中	-5.74707439	names
ㄕˋ-ㄌㄧˋ-ㄨㄣˊ-ㄏㄨㄚˊ-ㄍㄠ-ㄓㄨㄥ	市立文華高中	-5.74707439	names
ㄕˋ-ㄌㄧˋ-ㄒㄧㄣ-ㄅㄟˇ-ㄍㄠ-ㄓㄨㄥ	市立新北高中	-5.74707439	names
ㄕˋ-ㄌㄧˋ-ㄒㄧㄣ-ㄅㄟˇ-ㄍㄠ-ㄍㄨㄥ	市立新北高工	-5.74707439	names
ㄕˋ-ㄌㄧˋ-ㄒㄧㄣ-ㄨ-ㄍㄠ-ㄓㄨㄥ	市立新屋高中	-5.74707439	names
ㄕˋ-ㄌㄧˋ-ㄒㄧㄣ-ㄉㄧㄢˋ-ㄍㄠ-ㄓㄨㄥ	市立新店高中	-5.74707439	names
ㄕˋ-ㄌㄧˋ-ㄒㄧㄣ-ㄕㄜˋ-ㄍㄠ-ㄓㄨㄥ	市立新社高中	-5.74707439	names
ㄕˋ-ㄌㄧˋ-ㄒㄧㄣ-ㄒㄧㄥ-ㄍㄠ-ㄓㄨㄥ	市立新興高中	-5.74707439	names
ㄕˋ-ㄌㄧˋ-ㄒㄧㄣ-ㄓㄨㄤ-ㄍㄠ-ㄓㄨㄥ	市立新莊高中	-5.74707439	names
ㄕˋ-ㄌㄧˋ-ㄇㄧㄥˊ-ㄌㄨㄣˊ-ㄍㄠ-ㄓㄨㄥ	市立明倫高中	-5.74707439	names
ㄕˋ-ㄌㄧˋ-ㄇㄧㄥˊ-ㄉㄜˊ-ㄍㄠ-ㄓㄨㄥ	市立明德高中	-5.74707439	names
ㄕˋ-ㄌㄧˋ-ㄐㄧㄥˇ-ㄇㄟˇ-ㄋㄩˇ-ㄓㄨㄥ	市立景美女中	-5.74707439	names
ㄕˋ-ㄌㄧˋ-ㄋㄨㄢˇ-ㄋㄨㄢˇ-ㄍㄠ-ㄓㄨㄥ	市立暖暖高中	-5.74707439	names
ㄕˋ-ㄌㄧˋ-ㄇㄨˋ-ㄓㄚˋ-ㄍㄠ-ㄍㄨㄥ	市立木柵高工	-5.74707439	names
ㄕˋ-ㄌㄧˋ-ㄉㄨㄥ-ㄕˋ-ㄍㄠ-ㄍㄨㄥ	市立東勢高工	-5.74707439	names
ㄕˋ-ㄌㄧˋ-ㄉㄨㄥ-ㄕㄢ-ㄍㄠ-ㄓㄨㄥ	市立東山高中	-5.74707439	names
ㄕˋ-ㄌㄧˋ-ㄙㄨㄥ-ㄕㄢ-ㄐㄧㄚ-ㄕㄤ	市立松山家商	-5.74707439	names
ㄕˋ-ㄌㄧˋ-ㄙㄨㄥ-ㄕㄢ-ㄍㄨㄥ-ㄋㄨㄥˊ	市立松山工農	-5.74707439	names
ㄕˋ-ㄌㄧˋ-ㄙㄨㄥ-ㄕㄢ-ㄍㄠ-ㄓㄨㄥ	市立松山高中	-5.74707439	names
ㄕˋ-ㄌㄧˋ-ㄅㄢˇ-ㄑㄧㄠˊ-ㄍㄠ-ㄓㄨㄥ	市立板橋高中	-5.74707439	names
ㄕˋ-ㄌㄧˋ-ㄌㄧㄣˊ-ㄎㄡˇ-ㄍㄠ-ㄓㄨㄥ	市立林口高中	-5.74707439	names
ㄕˋ-ㄌㄧˋ-ㄌㄧㄣˊ-ㄩㄢˊ-ㄍㄠ-ㄓㄨㄥ	市立林園高中	-5.74707439	names
ㄕˋ-ㄌㄧˋ-ㄊㄠˊ-ㄩㄢˊ-ㄍㄠ-ㄓㄨㄥ	市立桃園高中	-5.74707439	names
ㄕˋ-ㄌㄧˋ-ㄧㄤˊ-ㄇㄟˊ-ㄍㄠ-ㄓㄨㄥ	市立楊梅高中	-5.74707439	names
ㄕˋ-ㄌㄧˋ-ㄋㄢˊ-ㄗˇ-ㄍㄠ-ㄓㄨㄥ	市立楠梓高中	-5.74707439	names
ㄕˋ-ㄌㄧˋ-ㄓㄤ-ㄕㄨˋ-ㄍㄨㄛˊ-ㄐㄧˋ-ㄕˊ-ㄓㄨㄥ	市立樟樹國際實中	-5.74707439	names
ㄕˋ-ㄌㄧˋ-ㄕㄨˋ-ㄌㄧㄣˊ-ㄍㄠ-ㄓㄨㄥ	市立樹林高中	-5.74707439	names
ㄕˋ-ㄌㄧˋ-ㄨˇ-ㄌㄧㄥˊ-ㄍㄠ-ㄓㄨㄥ	市立武陵高中	-5.74707439	names
ㄕˋ-ㄌㄧˋ-ㄩㄥˇ-ㄖㄣˊ-ㄍㄠ-ㄓㄨㄥ	市立永仁高中	-5.74707439	names
ㄕˋ-ㄌㄧˋ-ㄩㄥˇ-ㄆㄧㄥˊ-ㄍㄠ-ㄓㄨㄥ	市立永平高中	-5.74707439	names
ㄕˋ-ㄌㄧˋ-ㄩㄥˇ-ㄔㄨㄣ-ㄍㄠ-ㄓㄨㄥ	市立永春高中	-5.74707439	names
ㄕˋ-ㄌㄧˋ-ㄩㄥˇ-ㄈㄥ-ㄍㄠ-ㄓㄨㄥ	市立永豐高中	-5.74707439	names
ㄕˋ-ㄌㄧˋ-ㄕㄚ-ㄌㄨㄣˊ-ㄍㄨㄛˊ-ㄐㄧˋ-ㄍㄠ-ㄓㄨㄥ	市立沙崙國際高中	-5.74707439	names
ㄕˋ-ㄌㄧˋ-ㄕㄚ-ㄌㄨˋ-ㄍㄠ-ㄍㄨㄥ	市立沙鹿高工	-5.74707439	names
ㄕˋ-ㄌㄧˋ-ㄊㄞˋ-ㄕㄢ-ㄍㄠ-ㄓㄨㄥ	市立泰山高中	-5.74707439	names
ㄕˋ-ㄌㄧˋ-ㄏㄞˇ-ㄕㄢ-ㄍㄠ-ㄓㄨㄥ	市立海山高中	-5.74707439	names
ㄕˋ-ㄌㄧˋ-ㄏㄞˇ-ㄑㄧㄥ-ㄍㄨㄥ-ㄕㄤ	市立海青工商	-5.74707439	names
ㄕˋ-ㄌㄧˋ-ㄉㄢˋ-ㄕㄨㄟˇ-ㄕㄤ-ㄍㄨㄥ	市立淡水商工	-5.74707439	names
ㄕˋ-ㄌㄧˋ-ㄑㄧㄥ-ㄕㄨㄟˇ-ㄍㄠ-ㄓㄨㄥ	市立清水高中	-5.74707439	names
ㄕˋ-ㄌㄧˋ-ㄖㄨㄟˋ-ㄒㄧㄤˊ-ㄍㄠ-ㄓㄨㄥ	市立瑞祥高中	-5.74707439	names
ㄕˋ-ㄌㄧˋ-ㄖㄨㄟˋ-ㄈㄤ-ㄍㄠ-ㄍㄨㄥ	市立瑞芳高工	-5.74707439	names
ㄕˋ-ㄌㄧˋ-ㄅㄞˇ-ㄌㄧㄥˊ-ㄍㄠ-ㄓㄨㄥ	市立百齡高中	-5.74707439	names
ㄕˋ-ㄌㄧˋ-ㄕˊ-ㄉㄧㄥˋ-ㄍㄠ-ㄓㄨㄥ	市立石碇高中	-5.74707439	names
ㄕˋ-ㄌㄧˋ-ㄕㄣˊ-ㄍㄤ-ㄍㄠ-ㄍㄨㄥ	市立神岡高工	-5.74707439	names
ㄕˋ-ㄌㄧˋ-ㄈㄨˊ-ㄔㄥˊ-ㄍㄠ-ㄓㄨㄥ	市立福誠高中	-5.74707439	names
ㄕˋ-ㄌㄧˋ-ㄒㄧㄡˋ-ㄈㄥ-ㄍㄠ-ㄓㄨㄥ	市立秀峰高中	-5.74707439	names
ㄕˋ-ㄌㄧˋ-ㄓㄨˊ-ㄨㄟˊ-ㄍㄠ-ㄓㄨㄥ	市立竹圍高中	-5.74707439	names
ㄕˋ-ㄌㄧˋ-ㄌㄨㄛˊ-ㄈㄨˊ-ㄍㄠ-ㄓㄨㄥ	市立羅浮高中	-5.74707439	names
ㄕˋ-ㄌㄧˋ-ㄩˋ-ㄔㄥˊ-ㄍㄠ-ㄓㄨㄥ	市立育成高中	-5.74707439	names
ㄕˋ-ㄌㄧˋ-ㄊㄞˊ-ㄓㄨㄥ-ㄧ-ㄓㄨㄥ	市立臺中一中	-5.74707439	names
ㄕˋ-ㄌㄧˋ-ㄊㄞˊ-ㄓㄨㄥ-ㄦˋ-ㄓㄨㄥ	市立臺中二中	-5.74707439	names
ㄕˋ-ㄌㄧˋ-ㄊㄞˊ-ㄓㄨㄥ-ㄋㄩˇ-ㄓㄨㄥ	市立臺中女中	-5.74707439	names
ㄕˋ-ㄌㄧˋ-ㄊㄞˊ-ㄓㄨㄥ-ㄐㄧㄚ-ㄕㄤ	市立臺中家商	-5.74707439	names
ㄕˋ-ㄌㄧˋ-ㄊㄞˊ-ㄓㄨㄥ-ㄍㄠ-ㄍㄨㄥ	市立臺中高工	-5.74707439	names
ㄕˋ-ㄌㄧˋ-ㄈㄤ-ㄏㄢˋ-ㄕˊ-ㄓㄨㄥ	市立芳和實中	-5.74707439	names
ㄕˋ-ㄌㄧˋ-ㄏㄨㄚˊ-ㄐㄧㄤ-ㄍㄠ-ㄓㄨㄥ	市立華江高中	-5.74707439	names
ㄕˋ-ㄌㄧˋ-ㄨㄢˋ-ㄈㄤ-ㄍㄠ-ㄓㄨㄥ	市立萬芳高中	-5.74707439	names
ㄕˋ-ㄌㄧˋ-ㄒㄧ-ㄙㄨㄥ-ㄍㄠ-ㄓㄨㄥ	市立西松高中	-5.74707439	names
ㄕˋ-ㄌㄧˋ-ㄒㄧ-ㄩㄢˋ-ㄍㄠ-ㄓㄨㄥ	市立西苑高中	-5.74707439	names
ㄕˋ-ㄌㄧˋ-ㄍㄨㄢ-ㄧㄣ-ㄍㄠ-ㄓㄨㄥ	市立觀音高中	-5.74707439	names
ㄕˋ-ㄌㄧˋ-ㄈㄥ-ㄩㄢˊ-ㄍㄠ-ㄓㄨㄥ	市立豐原高中	-5.74707439	names
ㄕˋ-ㄌㄧˋ-ㄈㄥ-ㄩㄢˊ-ㄍㄠ-ㄕㄤ	市立豐原高商	-5.74707439	names
ㄕˋ-ㄌㄧˋ-ㄈㄥ-ㄓㄨ-ㄓㄨㄥ-ㄒㄩㄝˊ	市立豐珠中學	-5.74707439	names
ㄕˋ-ㄌㄧˋ-ㄌㄨˋ-ㄓㄨˊ-ㄍㄠ-ㄓㄨㄥ	市立路竹高中	-5.74707439	names
ㄕˋ-ㄌㄧˋ-ㄐㄧㄣ-ㄕㄢ-ㄍㄠ-ㄓㄨㄥ	市立金山高中	-5.74707439	names
ㄕˋ-ㄌㄧˋ-ㄐㄧㄣˇ-ㄏㄢˋ-ㄍㄠ-ㄓㄨㄥ	市立錦和高中	-5.74707439	names
ㄕˋ-ㄌㄧˋ-ㄔㄤˊ-ㄧˋ-ㄍㄠ-ㄓㄨㄥ	市立長億高中	-5.74707439	names
ㄕˋ-ㄌㄧˋ-ㄧㄤˊ-ㄇㄧㄥˊ-ㄍㄠ-ㄓㄨㄥ	市立陽明高中	-5.74707439	names
ㄕˋ-ㄌㄧˋ-ㄕㄨㄤ-ㄒㄧ-ㄍㄠ-ㄓㄨㄥ	市立雙溪高中	-5.74707439	names
ㄕˋ-ㄌㄧˋ-ㄨˋ-ㄈㄥ-ㄋㄨㄥˊ-ㄍㄨㄥ	市立霧峰農工	-5.74707439	names
ㄕˋ-ㄌㄧˋ-ㄒㄧㄤ-ㄕㄢ-ㄍㄠ-ㄓㄨㄥ	市立香山高中	-5.74707439	names
ㄕˋ-ㄌㄧˋ-ㄍㄠ-ㄒㄩㄥˊ-ㄓㄨㄥ-ㄒㄩㄝˊ	市立高雄中學	-5.74707439	names
ㄕˋ-ㄌㄧˋ-ㄍㄠ-ㄒㄩㄥˊ-ㄋㄩˇ-ㄓㄨㄥ	市立高雄女中	-5.74707439	names
ㄕˋ-ㄌㄧˋ-ㄍㄠ-ㄒㄩㄥˊ-ㄍㄠ-ㄕㄤ	市立高雄高商	-5.74707439	names
ㄕˋ-ㄌㄧˋ-ㄍㄠ-ㄒㄩㄥˊ-ㄍㄠ-ㄍㄨㄥ	市立高雄高工	-5.74707439	names
ㄕˋ-ㄌㄧˋ-ㄧㄥ-ㄍㄜ-ㄍㄨㄥ-ㄕㄤ	市立鶯歌工商	-5.74707439	names
ㄕˋ-ㄌㄧˋ-ㄌㄧˋ-ㄕㄢ-ㄍㄠ-ㄓㄨㄥ	市立麗山高中	-5.74707439	names
ㄕˋ-ㄌㄧˋ-ㄍㄨˇ-ㄕㄢ-ㄍㄠ-ㄓㄨㄥ	市立鼓山高中	-5.74707439	names
ㄕˋ-ㄌㄧˋ-ㄌㄨㄥˊ-ㄐㄧㄣ-ㄍㄠ-ㄓㄨㄥ	市立龍津高中	-5.74707439	names
ㄕˋ-ㄌㄧˋ-ㄌㄨㄥˊ-ㄊㄢˊ-ㄍㄠ-ㄓㄨㄥ	市立龍潭高中	-5.74707439	names
ㄉㄧˋ-ㄅㄠˇ-ㄍㄨㄥ-ㄧㄝˋ	帝寶工業	-6.60980192	names
ㄆㄧㄥˊ-ㄩㄢˊ-ㄔㄨ-ㄅㄢˇ-ㄕㄜˋ	平原出版社	-6.17843815	names
ㄒㄧㄥˋ-ㄈㄨˊ-ㄕㄨㄟˇ-ㄋㄧˊ	幸福水泥	-6.60980192	names
ㄈㄨˇ-ㄉㄨ-ㄐㄧㄢˋ-ㄕㄜˋ	府都建設	-6.60980192	names
ㄎㄤ-ㄋㄧㄥˊ-ㄉㄚˋ-ㄒㄩㄝˊ	康寧大學	-6.60980192	names
ㄎㄤ-ㄧㄤˊ	康揚	-7.17149945	names
ㄎㄤ-ㄆㄨˇ	康普	-7.17149945	names
ㄎㄤ-ㄑㄧㄠˊ-ㄕㄨㄤ-ㄩˇ-ㄒㄩㄝˊ-ㄒㄧㄠˋ	康橋雙語學校	-5.74707439	names
ㄍㄨㄤˇ-ㄏㄨㄚˋ-ㄎㄜ-ㄐㄧˋ	廣化科技	-6.60980192	names
ㄍㄨㄤˇ-ㄩㄢˊ-ㄌㄧㄤˊ	廣源良	-7.04116568	names
ㄍㄨㄤˇ-ㄧㄥˇ-ㄉㄧㄢˋ-ㄊㄨㄥ	廣穎電通	-6.60980192	names
ㄍㄨㄤˇ-ㄏㄨㄟ-ㄉㄧㄢˋ-ㄗˇ	廣輝電子	-6.60980192	names
ㄍㄨㄤˇ-ㄉㄚˊ-ㄉㄧㄢˋ-ㄋㄠˇ	廣達電腦	-6.60980192	names
ㄧㄢˊ-ㄌㄧㄥˊ-ㄕˊ-ㄧㄝˋ	延陵實業	-6.60980192	names
ㄊㄧㄥˊ-ㄒㄧㄣ-ㄒㄧㄥ-ㄧㄝˋ	廷鑫興業	-6.60980192	names
ㄐㄧㄢˋ-ㄊㄞˊ-ㄍㄠ-ㄓㄨㄥ	建台高中	-6.60980192	names
ㄐㄧㄢˋ-ㄍㄨㄛˊ-ㄎㄜ-ㄉㄚˋ	建國科大	-6.60980192	names
ㄐㄧㄢˋ-ㄍㄨㄛˊ-ㄎㄜ-ㄐㄧˋ-ㄉㄚˋ-ㄒㄩㄝˊ	建國科技大學	-5.74707439	names
ㄐㄧㄢˋ-ㄉㄚˋ-ㄌㄨㄣˊ-ㄊㄞ	建大輪胎	-6.60980192	names
ㄐㄧㄢˋ-ㄑㄧˊ	建碁	-7.17149945	names
ㄏㄨㄥˊ-ㄍㄨㄤ-ㄉㄚˋ-ㄒㄩㄝˊ	弘光大學	-6.60980192	names
ㄏㄨㄥˊ-ㄍㄨㄤ-ㄎㄜ-ㄉㄚˋ	弘光科大	-6.60980192	names
ㄏㄨㄥˊ-ㄍㄨㄤ-ㄎㄜ-ㄐㄧˋ-ㄉㄚˋ-ㄒㄩㄝˊ	弘光科技大學	-5.74707439	names
ㄏㄨㄥˊ-ㄩˋ-ㄎㄜ-ㄐㄧˋ	弘煜科技	-6.60980192	names
ㄏㄨㄥˊ-ㄧㄝˊ-ㄏㄢˋ-ㄅㄠˇ	弘爺漢堡	-6.60980192	names
ㄑㄧㄤˊ-ㄋㄧˊ-ㄒㄩㄥ-ㄉㄧ˙	強尼兄弟	-6.60980192	names
ㄓㄤ-ㄏㄨㄚˋ-ㄋㄩˇ-ㄓㄨㄥ	彰化女中	-6.60980192	names
ㄓㄤ-ㄏㄨㄚˋ-ㄕ-ㄉㄚˋ	彰化師大	-6.60980192	names
ㄓㄤ-ㄏㄨㄚˋ-ㄍㄠ-ㄓㄨㄥ	彰化高中	-6.60980192	names
ㄓㄤ-ㄏㄨㄚˋ-ㄍㄠ-ㄕㄤ	彰化高商	-6.60980192	names
ㄓㄤ-ㄋㄢˊ-ㄉㄧㄢˋ-ㄔˊ-ㄍㄨㄥ-ㄧㄝˋ	彰南電池工業	-5.74707439	names
ㄓㄤ-ㄕㄤ	彰商	-7.17149945	names
ㄓㄤ-ㄍㄨㄥ	彰工	-7.17149945	names
ㄓㄤ-ㄕ-ㄈㄨˋ-ㄍㄨㄥ	彰師附工	-6.60980192	names
ㄉㄜ˙-ㄌㄞˊ-ㄙㄨˋ	得來素	-7.04116568	names
ㄉㄜˊ-ㄌㄧˋ-ㄧㄥˇ-ㄕˋ	得利影視	-6.60980192	names
ㄒㄩㄣˊ-ㄊㄧㄢ-ㄏㄤˊ-ㄎㄨㄥ	循天航空	-6.60980192	names
ㄉㄜˊ-ㄇㄧㄥˊ-ㄎㄜ-ㄉㄚˋ	德明科大	-6.60980192	names
ㄉㄜˊ-ㄇㄧㄥˊ-ㄎㄜ-ㄐㄧˋ-ㄉㄚˋ-ㄒㄩㄝˊ	德明科技大學	-5.74707439	names
ㄉㄜˊ-ㄇㄧㄥˊ-ㄘㄞˊ-ㄐㄧㄥ-ㄎㄜ-ㄐㄧˋ-ㄉㄚˋ-ㄒㄩㄝˊ	德明財經科技大學	-5.74707439	names
ㄉㄜˊ-ㄩˋ-ㄏㄨˋ-ㄌㄧˇ-ㄐㄧㄢˋ-ㄎㄤ-ㄒㄩㄝˊ-ㄩㄢˋ	德育護理健康學院	-5.74707439	names
ㄉㄜˊ-ㄐㄧˋ-ㄧㄤˊ-ㄏㄤˊ	德記洋行	-6.60980192	names
ㄉㄜˊ-ㄌㄧㄣˊ-ㄎㄜ-ㄉㄚˋ	德霖科大	-6.60980192	names
ㄉㄜˊ-ㄌㄧㄣˊ-ㄎㄜ-ㄐㄧˋ-ㄉㄚˋ-ㄒㄩㄝˊ	德霖科技大學	-5.74707439	names
ㄅㄧˋ-ㄧㄥ-ㄔㄨㄤˋ-ㄗㄠˋ	必應創造	-6.60980192	names
ㄓˋ-ㄕㄥˋ-ㄍㄨㄥ-ㄧㄝˋ	志聖工業	-6.60980192	names
ㄓㄨㄥ-ㄊㄞˋ	忠泰	-7.17149945	names
ㄧˊ-ㄒㄧㄥ-ㄎㄞ-ㄈㄚ-ㄐㄧㄢˋ-ㄕㄜˋ	怡興開發建設	-5.74707439	names
ㄧㄡ-ㄧㄡˊ-ㄎㄚˇ-ㄊㄡˊ-ㄗ-ㄎㄨㄥˋ-ㄍㄨˇ	悠遊卡投資控股	-5.74707439	names
ㄞˋ-ㄑㄧㄥˊ-ㄍㄨㄥ-ㄩˋ	愛情公寓	-6.60980192	names
ㄘˊ-ㄉㄚˋ	慈大	-7.17149945	names
ㄘˊ-ㄏㄨㄟˋ-ㄧ-ㄏㄨˋ-ㄍㄨㄢˇ-ㄌㄧˇ-ㄓㄨㄢ-ㄎㄜ-ㄒㄩㄝˊ-ㄒㄧㄠˋ	慈惠醫護管理專科學校	-5.74707439	names
ㄘˊ-ㄇㄧㄥˊ-ㄍㄠ-ㄓㄨㄥ	慈明高中	-6.60980192	names
ㄏㄨㄟˋ-ㄧㄤˊ-ㄏㄞˇ-ㄩㄣˋ	慧洋海運	-6.60980192	names
ㄔㄥˊ-ㄑㄧˇ	承啟	-7.17149945	names
ㄊㄡˊ-ㄍㄠ	投高	-7.17149945	names
ㄊㄨㄛˋ-ㄎㄞˇ-ㄕˊ-ㄧㄝˋ	拓凱實業	-6.60980192	names
ㄋㄚˊ-ㄆㄛ-ㄌㄧˇ-ㄆㄧ-ㄙㄚˋ	拿坡里披薩	-6.17843815	names
ㄓㄣˋ-ㄩˇ-ㄨˇ-ㄐㄧㄣ	振宇五金	-6.60980192	names
ㄧㄤˊ-ㄗˇ-ㄐㄧㄤ-ㄔㄨㄢˊ-ㄧㄝˋ	揚子江船業	-6.17843815	names
ㄧㄤˊ-ㄓˋ-ㄎㄜ-ㄐㄧˋ	揚智科技	-6.60980192	names
ㄓㄥˋ-ㄓㄨㄥ	政中	-7.17149945	names
ㄓㄥˋ-ㄉㄚˋ-ㄈㄨˋ-ㄓㄨㄥ	政大附中	-6.60980192	names
ㄓㄥˋ-ㄈㄨˋ	政附	-7.17149945	names
ㄇㄧㄣˇ-ㄕˊ-ㄎㄜ-ㄉㄚˋ	敏實科大	-6.60980192	names
ㄇㄧㄣˇ-ㄏㄨㄟˋ-ㄧ-ㄏㄨˋ-ㄍㄨㄢˇ-ㄌㄧˇ-ㄓㄨㄢ-ㄎㄜ-ㄒㄩㄝˊ-ㄒㄧㄠˋ	敏惠醫護管理專科學校	-5.74707439	names
ㄕㄨˋ-ㄨㄟˋ-ㄕˊ-ㄓㄨㄥ	數位實中	-6.60980192	names
ㄕㄨˋ-ㄗˋ-ㄎㄜ-ㄐㄧˋ	數字科技	-6.60980192	names
ㄨㄣˊ-ㄏㄨㄚˊ-ㄍㄠ-ㄓㄨㄥ	文華高中	-6.60980192	names
ㄨㄣˊ-ㄗㄠˇ-ㄨㄞˋ-ㄉㄚˋ	文藻外大	-6.60980192	names
ㄨㄣˊ-ㄗㄠˇ-ㄨㄞˋ-ㄩˇ-ㄉㄚˋ-ㄒㄩㄝˊ	文藻外語大學	-5.74707439	names
ㄒㄧㄣ-ㄍㄨㄤ-ㄅㄠˇ-ㄑㄩㄢˊ	新光保全	-6.60980192	names
ㄒㄧㄣ-ㄍㄨㄤ-ㄏㄜˊ-ㄔㄥˊ-ㄒㄧㄢ-ㄨㄟˊ	新光合成纖維	-5.74707439	names
ㄒㄧㄣ-ㄍㄨㄤ-ㄔㄢˇ-ㄨˋ-ㄅㄠˇ-ㄒㄧㄢˇ	新光產物保險	-5.74707439	names
ㄒㄧㄣ-ㄍㄨㄤ-ㄐㄧㄣ-ㄖㄨㄥˊ-ㄎㄨㄥˋ-ㄍㄨˇ	新光金融控股	-5.74707439	names
ㄒㄧㄣ-ㄏㄨㄚˋ-ㄍㄠ-ㄍㄨㄥ	新化高工	-6.60980192	names
ㄒㄧㄣ-ㄅㄟˇ-ㄕˋ-ㄋㄢˊ-ㄕㄢ-ㄓㄨㄥ-ㄒㄩㄝˊ	新北市南山中學	-5.74707439	names
ㄒㄧㄣ-ㄅㄟˇ-ㄕˋ-ㄔㄨㄥˊ-ㄍㄨㄤ-ㄍㄠ-ㄓㄨㄥ	新北市崇光高中	-5.74707439	names
ㄒㄧㄣ-ㄅㄟˇ-ㄐㄧㄝˊ-ㄩㄣˋ	新北捷運	-6.60980192	names
ㄒㄧㄣ-ㄕㄤ	新商	-7.17149945	names
ㄒㄧㄣ-ㄊㄧㄢ-ㄉㄧˋ-ㄘㄢ-ㄧㄣˇ	新天地餐飲	-6.17843815	names
ㄒㄧㄣ-ㄆㄨˇ-ㄎㄜ-ㄐㄧˋ	新普科技	-6.60980192	names
ㄒㄧㄣ-ㄧㄝˋ-ㄎㄜ-ㄐㄧˋ	新曄科技	-6.60980192	names
ㄒㄧㄣ-ㄧㄢˋ-ㄈㄤˇ-ㄓ	新燕紡織	-6.60980192	names
ㄒㄧㄣ-ㄧㄥˊ-ㄍㄠ-ㄍㄨㄥ	新營高工	-6.60980192	names
ㄒㄧㄣ-ㄕㄥ-ㄏㄨˋ-ㄓㄨㄢ	新生護專	-6.60980192	names
ㄒㄧㄣ-ㄕㄥ-ㄧ-ㄏㄨˋ-ㄍㄨㄢˇ-ㄌㄧˇ-ㄓㄨㄢ-ㄎㄜ-ㄒㄩㄝˊ-ㄒㄧㄠˋ	新生醫護管理專科學校	-5.74707439	names
ㄒㄧㄣ-ㄓㄨˊ-ㄋㄩˇ-ㄓㄨㄥ	新竹女中	-6.60980192	names
ㄒㄧㄣ-ㄓㄨˊ-ㄕˋ-ㄕㄨˋ-ㄨㄟˋ-ㄕˊ-ㄧㄢˋ-ㄍㄠ-ㄓㄨㄥ	新竹市數位實驗高中	-5.74707439	names
ㄒㄧㄣ-ㄓㄨˊ-ㄍㄠ-ㄓㄨㄥ	新竹高中	-6.60980192	names
ㄒㄧㄣ-ㄓㄨˊ-ㄍㄠ-ㄕㄤ	新竹高商	-6.60980192	names
ㄒㄧㄣ-ㄌㄧˋ-ㄑㄧˋ-ㄧㄝˋ	新麗企業	-6.60980192	names
ㄑㄧˊ-ㄕㄢ-ㄋㄨㄥˊ-ㄍㄨㄥ	旗山農工	-6.60980192	names
ㄑㄧˊ-ㄋㄨㄥˊ	旗農	-7.17149945	names
ㄖˋ-ㄕㄥˋ-ㄕㄥ-ㄏㄨㄛˊ-ㄎㄜ-ㄐㄧˋ	日勝生活科技	-5.74707439	names
ㄖˋ-ㄩㄝˋ-ㄍㄨㄤ-ㄅㄢˋ-ㄉㄠˇ-ㄊㄧˇ	日月光半導體	-5.74707439	names
ㄎㄨㄣ-ㄧㄥˊ-ㄑㄧˋ-ㄧㄝˋ	昆盈企業	-6.60980192	names
ㄕㄥ-ㄧㄤˊ-ㄍㄨㄛˊ-ㄐㄧˋ-ㄅㄢˋ-ㄉㄠˇ-ㄊㄧˇ	昇陽國際半導體	-5.74707439	names
ㄇㄧㄥˊ-ㄐㄧ-ㄧㄡˇ-ㄉㄚˊ	明基友達	-6.60980192	names
ㄇㄧㄥˊ-ㄐㄧ-ㄘㄞˊ-ㄌㄧㄠˋ	明基材料	-6.60980192	names
ㄇㄧㄥˊ-ㄓˋ-ㄎㄜ-ㄉㄚˋ	明志科大	-6.60980192	names
ㄇㄧㄥˊ-ㄒㄧㄣ-ㄎㄜ-ㄉㄚˋ	明新科大	-6.60980192	names
ㄇㄧㄥˊ-ㄒㄧㄣ-ㄎㄜ-ㄐㄧˋ-ㄉㄚˋ-ㄒㄩㄝˊ	明新科技大學	-5.74707439	names
ㄇㄧㄥˊ-ㄒㄧㄣ-ㄓˋ-ㄍㄨㄢˋ-ㄍㄨㄥ-ㄔㄤˇ	明新製罐工廠	-5.74707439	names
ㄇㄧㄥˊ-ㄊㄞˋ-ㄎㄜ-ㄐㄧˋ	明泰科技	-6.60980192	names
ㄇㄧㄥˊ-ㄏㄨㄟ-ㄏㄨㄢˊ-ㄑㄧㄡˊ-ㄏㄞˇ-ㄕˋ	明輝環球海事	-5.74707439	names
ㄇㄧㄥˊ-ㄊㄨㄥ-ㄉㄚˋ-ㄒㄩㄝˊ	明通大學	-6.60980192	names
ㄧˋ-ㄈㄟ-ㄨㄤˇ	易飛網	-7.04116568	names
ㄒㄧㄣ-ㄌㄧˋ-ㄗ-ㄒㄩㄣˋ	昕力資訊	-6.60980192	names
ㄒㄧㄥ-ㄋㄞˇ-ㄐㄧㄚ-ㄅㄟˋ-ㄉㄧㄢˋ	星乃珈琲店	-6.17843815	names
ㄒㄧㄥ-ㄩˇ-ㄏㄤˊ-ㄎㄨㄥ	星宇航空	-6.60980192	names
ㄒㄧㄥ-ㄅㄠˇ-ㄍㄨㄛˊ-ㄐㄧˋ	星寶國際	-6.60980192	names
ㄒㄧㄥ-ㄊㄨㄥ-ㄗ-ㄒㄩㄣˋ	星通資訊	-6.60980192	names
ㄧㄥˋ-ㄊㄞˋ	映泰	-7.17149945	names
ㄕˋ-ㄈㄤ-ㄉㄧㄢˋ-ㄒㄩㄣˋ	是方電訊	-6.60980192	names
ㄩˋ-ㄑㄩㄢˊ-ㄍㄨㄛˊ-ㄐㄧˋ	昱泉國際	-6.60980192	names
ㄕˊ-ㄅㄠˋ-ㄨㄣˊ-ㄏㄨㄚˋ	時報文化	-6.60980192	names
ㄔㄣˊ-ㄒㄩㄣˋ-ㄎㄜ-ㄐㄧˋ	晨訊科技	-6.60980192	names
ㄆㄨˇ-ㄌㄧˋ-ㄊㄜˋ-ㄎㄜ-ㄐㄧˋ	普利特科技	-6.17843815	names
ㄆㄨˇ-ㄢ-ㄎㄜ-ㄐㄧˋ	普安科技	-6.60980192	names
ㄐㄧㄥˇ-ㄋㄩˇ	景女	-7.17149945	names
ㄐㄧㄥˇ-ㄨㄣˊ-ㄎㄜ-ㄉㄚˋ	景文科大	-6.60980192	names
ㄐㄧㄥˇ-ㄨㄣˊ-ㄎㄜ-ㄐㄧˋ-ㄉㄚˋ-ㄒㄩㄝˊ	景文科技大學	-5.74707439	names
ㄐㄧㄥˇ-ㄕㄨㄛˋ-ㄎㄜ-ㄐㄧˋ	景碩科技	-6.60980192	names
ㄐㄧㄥ-ㄒㄧㄣ-ㄎㄜ-ㄐㄧˋ	晶心科技	-6.60980192	names
ㄐㄧㄥ-ㄖㄨㄟˋ-ㄊㄨㄥ-ㄒㄩㄣˋ	晶睿通訊	-6.60980192	names
ㄐㄧㄥ-ㄏㄨㄚˊ-ㄍㄨㄛˊ-ㄐㄧˋ-ㄐㄧㄡˇ-ㄉㄧㄢˋ	晶華國際酒店	-5.74707439	names
ㄓˋ-ㄍㄨㄢˋ-ㄎㄜ-ㄐㄧˋ	智冠科技	-6.60980192	names
ㄓˋ-ㄩㄢˊ-ㄎㄜ-ㄐㄧˋ	智原科技	-6.60980192	names
ㄓˋ-ㄨㄟˊ-ㄎㄜ-ㄐㄧˋ	智微科技	-6.60980192	names
ㄐㄧˋ-ㄋㄢˊ-ㄍㄨㄛˊ-ㄐㄧˋ-ㄉㄚˋ-ㄒㄩㄝˊ	暨南國際大學	-5.74707439	names
ㄒㄧㄠˇ-ㄇㄧㄥˊ-ㄋㄩˇ-ㄓㄨㄥ	曉明女中	-6.60980192	names
ㄧㄠˋ-ㄩㄝˋ-ㄎㄜ-ㄐㄧˋ	曜越科技	-6.60980192	names
ㄕㄨ-ㄅㄠˇ-ㄦˋ-ㄕㄡˇ-ㄕㄨ-ㄉㄧㄢˋ	書寶二手書店	-5.74707439	names
ㄔㄠˊ-ㄧㄤˊ-ㄎㄜ-ㄉㄚˋ	朝陽科大	-6.60980192	names
ㄇㄨˋ-ㄇㄧㄢˊ-ㄏㄨㄚ-ㄔㄨㄤˋ-ㄊㄡˊ	木棉花創投	-6.17843815	names
ㄒㄧㄥˋ-ㄧ-ㄧ-ㄌㄧㄠˊ-ㄩㄥˋ-ㄆㄧㄣˇ	杏一醫療用品	-5.74707439	names
ㄒㄧㄥˋ-ㄧˋ-ㄧ-ㄌㄧㄠˊ-ㄩㄥˋ-ㄆㄧㄣˇ	杏一醫療用品	-6.24707439	names
ㄉㄨˋ-ㄎㄤ-ㄎㄨㄥˋ-ㄍㄨˇ	杜康控股	-6.60980192	names
ㄉㄨㄥ-ㄓㄨㄥ	東中	-7.17149945	names
ㄉㄨㄥ-ㄩㄢˊ-ㄉㄧㄢˋ-ㄐㄧ	東元電機	-6.60980192	names
ㄉㄨㄥ-ㄋㄢˊ-ㄕㄨㄟˇ-ㄋㄧˊ	東南水泥	-6.60980192	names
ㄉㄨㄥ-ㄋㄢˊ-ㄎㄜ-ㄉㄚˋ	東南科大	-6.60980192	names
ㄉㄨㄥ-ㄋㄢˊ-ㄎㄜ-ㄐㄧˋ-ㄉㄚˋ-ㄒㄩㄝˊ	東南科技大學	-5.74707439	names
ㄉㄨㄥ-ㄏㄢˋ-ㄍㄤ-ㄊㄧㄝˇ	東和鋼鐵	-6.60980192	names
ㄉㄨㄥ-ㄍㄜ-ㄑㄧˋ-ㄧㄝˋ	東哥企業	-6.60980192	names
ㄉㄨㄥ-ㄏㄞˇ-ㄍㄠ-ㄓㄨㄥ	東海高中	-6.60980192	names
ㄉㄨㄥ-ㄎㄜ-ㄎㄨㄥˋ-ㄍㄨˇ	東科控股	-6.60980192	names
ㄉㄨㄥ-ㄒㄩㄣˋ	東訊	-7.17149945	names
ㄉㄨㄥ-ㄅㄟˋ-ㄍㄨㄤ-ㄉㄧㄢˋ	東貝光電	-6.60980192	names
ㄙㄨㄥ-ㄨ	松屋	-7.17149945	names
ㄙㄨㄥ-ㄨ-ㄕˊ-ㄆㄧㄣˇ	松屋食品	-6.60980192	names
ㄙㄨㄥ-ㄍㄨㄛˇ-ㄍㄡˋ-ㄨˋ	松果購物	-6.60980192	names
ㄍㄜˊ-ㄕㄤˋ-ㄗㄨ-ㄔㄜ	格上租車	-6.60980192	names
ㄍㄜˊ-ㄌㄢˊ-ㄧㄥ-ㄩˇ	格蘭英語	-6.60980192	names
ㄍㄨㄟˋ-ㄍㄨㄢ-ㄕˊ-ㄧㄝˋ	桂冠實業	-6.60980192	names
ㄍㄨㄟˋ-ㄊㄧㄢˊ-ㄨㄣˊ-ㄔㄨㄤˋ	桂田文創	-6.60980192	names
ㄍㄨㄟˋ-ㄇㄥˊ	桂盟	-7.17149945	names
ㄊㄠˊ-ㄩㄢˊ-ㄕˋ-ㄕˋ-ㄐㄧˋ-ㄌㄩˋ-ㄋㄥˊ-ㄍㄨㄥ-ㄕㄤ	桃園市世紀綠能工商	-5.74707439	names
ㄊㄠˊ-ㄩㄢˊ-ㄕˋ-ㄑㄧˇ-ㄧㄥ-ㄍㄠ-ㄓㄨㄥ	桃園市啟英高中	-5.74707439	names
ㄊㄠˊ-ㄩㄢˊ-ㄕˋ-ㄉㄚˋ-ㄒㄧㄥ-ㄍㄠ-ㄓㄨㄥ	桃園市大興高中	-5.74707439	names
ㄊㄠˊ-ㄩㄢˊ-ㄕˋ-ㄈㄨˋ-ㄉㄢˋ-ㄍㄠ-ㄓㄨㄥ	桃園市復旦高中	-5.74707439	names
ㄊㄠˊ-ㄩㄢˊ-ㄕˋ-ㄓㄣˋ-ㄕㄥ-ㄍㄠ-ㄓㄨㄥ	桃園市振聲高中	-5.74707439	names
ㄊㄠˊ-ㄩㄢˊ-ㄕˋ-ㄒㄧㄣ-ㄒㄧㄥ-ㄍㄠ-ㄓㄨㄥ	桃園市新興高中	-5.74707439	names
ㄊㄠˊ-ㄩㄢˊ-ㄕˋ-ㄓˋ-ㄆㄧㄥˊ-ㄍㄠ-ㄓㄨㄥ	桃園市治平高中	-5.74707439	names
ㄊㄠˊ-ㄩㄢˊ-ㄕˋ-ㄑㄧㄥ-ㄏㄨㄚˊ-ㄍㄠ-ㄓㄨㄥ	桃園市清華高中	-5.74707439	names
ㄊㄠˊ-ㄩㄢˊ-ㄕˋ-ㄩˋ-ㄉㄚˊ-ㄍㄠ-ㄓㄨㄥ	桃園市育達高中	-5.74707439	names
ㄊㄠˊ-ㄩㄢˊ-ㄕˋ-ㄌㄨˋ-ㄧㄚˇ-ㄍㄨㄛˊ-ㄐㄧˋ-ㄍㄠ-ㄓㄨㄥ	桃園市路亞國際高中	-5.74707439	names
ㄊㄠˊ-ㄩㄢˊ-ㄐㄧㄝˊ-ㄩㄣˋ	桃園捷運	-6.60980192	names
ㄊㄠˊ-ㄩㄢˊ-ㄍㄨㄛˇ-ㄘㄞˋ-ㄕˋ-ㄔㄤˇ	桃園果菜市場	-5.74707439	names
ㄊㄠˊ-ㄩㄢˊ-ㄐㄧ-ㄔㄤˇ-ㄅㄠˇ-ㄑㄩㄢˊ	桃園機場保全	-5.74707439	names
ㄊㄠˊ-ㄩㄢˊ-ㄓˋ-ㄆㄧㄥˊ-ㄍㄠ-ㄓㄨㄥ	桃園治平高中	-5.74707439	names
ㄌㄧㄤˊ-ㄕㄜˋ-ㄏㄢˋ-ㄆㄞˊ-ㄍㄨˇ	梁社漢排骨	-6.17843815	names
ㄧㄝˋ-ㄑㄧㄤˊ-ㄎㄜ-ㄐㄧˋ	業強科技	-6.60980192	names
ㄖㄨㄥˊ-ㄍㄤ-ㄘㄞˊ-ㄌㄧㄠˋ-ㄎㄜ-ㄐㄧˋ	榮剛材料科技	-5.74707439	names
ㄌㄜˋ-ㄊㄧㄢˊ-ㄇㄧㄢˋ-ㄅㄠ-ㄨ	樂田麵包屋	-6.17843815	names
ㄌㄜˋ-ㄕㄥ-ㄎㄜ-ㄐㄧˋ	樂陞科技	-6.60980192	names
ㄌㄜˋ-ㄧㄚˇ-ㄌㄜˋ	樂雅樂	-7.04116568	names
ㄌㄜˋ-ㄧㄚˇ-ㄌㄜˋ-ㄐㄧㄚ-ㄊㄧㄥˊ-ㄘㄢ-ㄊㄧㄥ	樂雅樂家庭餐廳	-5.74707439	names
ㄕㄨˋ-ㄖㄣˊ-ㄧ-ㄏㄨˋ-ㄍㄨㄢˇ-ㄌㄧˇ-ㄓㄨㄢ-ㄎㄜ-ㄒㄩㄝˊ-ㄒㄧㄠˋ	樹人醫護管理專科學校	-5.74707439	names
ㄕㄨˋ-ㄉㄜˊ-ㄎㄜ-ㄉㄚˋ	樹德科大	-6.60980192	names
ㄧㄥ-ㄏㄨㄚ-ㄐㄧㄢˋ-ㄕㄜˋ	櫻花建設	-6.60980192	names
ㄒㄧㄣ-ㄒㄧㄣ-ㄅㄞˇ-ㄏㄨㄛˋ	欣欣百貨	-6.60980192	names
ㄒㄧㄣ-ㄒㄧㄥ-ㄉㄧㄢˋ-ㄗˇ	欣興電子	-6.60980192	names
ㄒㄧㄣ-ㄑㄩㄢˊ-ㄎㄜ-ㄐㄧˋ	欣銓科技	-6.60980192	names
ㄒㄧㄝ-ㄐㄧㄠˇ-ㄊㄧㄥˊ	歇腳亭	-7.04116568	names
ㄍㄜ-ㄌㄧㄣˊ	歌林	-7.17149945	names
ㄍㄜ-ㄌㄞˊ-ㄇㄟˇ-ㄔㄤˋ-ㄆㄧㄢˋ	歌萊美唱片	-6.17843815	names
ㄡ-ㄈㄨˋ-ㄅㄠˇ	歐付寶	-7.04116568	names
ㄡ-ㄈㄨˋ-ㄅㄠˇ-ㄊㄡˊ-ㄗ-ㄎㄨㄥˋ-ㄍㄨˇ	歐付寶投資控股	-5.74707439	names
ㄡ-ㄑㄩㄣˊ-ㄎㄜ-ㄐㄧˋ	歐群科技	-6.60980192	names
ㄓㄥˋ-ㄒㄧㄡ-ㄎㄜ-ㄐㄧˋ-ㄉㄚˋ-ㄒㄩㄝˊ	正修科技大學	-5.74707439	names
ㄓㄥˋ-ㄒㄧㄣ-ㄌㄨㄣˊ-ㄊㄞ	正新輪胎	-6.60980192	names
ㄉㄨㄢˋ-ㄔㄨㄣˊ-ㄓㄣ-ㄋㄧㄡˊ-ㄖㄡˋ-ㄇㄧㄢˋ-ㄘㄢ-ㄊㄧㄥ	段純貞牛肉麵餐廳	-5.74707439	names
ㄩㄥˇ-ㄍㄨㄥ	永工	-7.17149945	names
ㄩㄥˇ-ㄈㄥ-ㄐㄧㄣ-ㄖㄨㄥˊ-ㄎㄨㄥˋ-ㄍㄨˇ	永豐金融控股	-5.74707439	names
ㄩㄥˇ-ㄉㄠˋ-ㄕㄜˋ-ㄆㄧㄣˊ-ㄐㄧˋ-ㄕㄨˋ	永道射頻技術	-5.74707439	names
ㄕㄚ-ㄍㄨㄥ	沙工	-7.17149945	names
ㄕㄚ-ㄌㄨˋ-ㄍㄠ-ㄍㄨㄥ	沙鹿高工	-6.60980192	names
ㄆㄟˋ-ㄒㄧㄣ-ㄋㄥˊ-ㄩㄢˊ-ㄎㄜ-ㄐㄧˋ	沛鑫能源科技	-5.74707439	names
ㄓˋ-ㄆㄧㄥˊ-ㄍㄠ-ㄓㄨㄥ	治平高中	-6.60980192	names
ㄏㄨㄥˊ-ㄉㄜˊ-ㄋㄥˊ-ㄩㄢˊ	泓德能源	-6.60980192	names
ㄈㄚˋ-ㄍㄨㄛˊ-ㄅㄚ-ㄌㄧˊ-ㄧㄣˊ-ㄏㄤˊ	法國巴黎銀行	-5.74707439	names
ㄈㄚˇ-ㄌㄢˊ-ㄘˊ	法藍瓷	-7.04116568	names
ㄈㄚˇ-ㄍㄨˇ-ㄨㄣˊ-ㄌㄧˇ-ㄒㄩㄝˊ-ㄩㄢˋ	法鼓文理學院	-5.74707439	names
ㄊㄞˋ-ㄈㄥ-ㄌㄨㄣˊ-ㄊㄞ	泰豐輪胎	-6.60980192	names
ㄏㄞˇ-ㄉㄧˇ-ㄌㄠ	海底撈	-7.04116568	names
ㄏㄞˇ-ㄉㄧˇ-ㄌㄠ-ㄏㄨㄛˇ-ㄍㄨㄛ	海底撈火鍋	-6.17843815	names
ㄕㄨㄢˋ-ㄋㄞˇ-ㄧㄝˋ	涮乃葉	-7.04116568	names
ㄊㄧㄢ-ㄏㄠˇ-ㄩㄣˋ-ㄉㄧㄢˇ-ㄒㄧㄣ-ㄓㄨㄢ-ㄇㄣˊ-ㄉㄧㄢˋ	添好運點心專門店	-5.74707439	names
ㄍㄤˇ-ㄉㄨ-ㄎㄜˋ-ㄩㄣˋ	港都客運	-6.60980192	names
ㄏㄨˊ-ㄋㄨㄥˊ	湖農	-7.17149945	names
ㄊㄤ-ㄔㄣˊ	湯臣	-7.17149945	names
ㄒㄧ-ㄏㄨˊ-ㄍㄠ-ㄓㄨㄥ	溪湖高中	-6.60980192	names
ㄒㄧ-ㄍㄠ	溪高	-7.17149945	names
ㄏㄨˋ-ㄢ-ㄉㄧㄢˋ-ㄌㄧˋ-ㄎㄨㄥˋ-ㄍㄨˇ	滬安電力控股	-5.74707439	names
ㄍㄨㄣˇ-ㄕˊ-ㄔㄤˋ-ㄆㄧㄢˋ	滾石唱片	-6.60980192	names
ㄏㄢˋ-ㄌㄞˊ-ㄇㄟˇ-ㄕˊ	漢來美食	-6.60980192	names
ㄏㄢˋ-ㄊㄤˊ-ㄐㄧˊ-ㄔㄥˊ	漢唐集成	-6.60980192	names
ㄏㄢˋ-ㄌㄟˇ	漢磊	-7.17149945	names
ㄏㄢˋ-ㄒㄧㄤˊ-ㄏㄤˊ-ㄎㄨㄥ-ㄍㄨㄥ-ㄧㄝˋ	漢翔航空工業	-5.74707439	names
ㄖㄨㄣˋ-ㄉㄜˊ-ㄕˋ-ㄋㄟˋ-ㄓㄨㄤ-ㄒㄧㄡ-ㄕㄜˋ-ㄐㄧˋ-ㄍㄨㄥ-ㄔㄥˊ	潤德室內裝修設計工程	-5.74707439	names
ㄖㄨㄣˋ-ㄊㄞˋ-ㄑㄧˋ-ㄧㄝˋ	潤泰企業	-6.60980192	names
ㄖㄨㄣˋ-ㄊㄞˋ-ㄑㄩㄢˊ-ㄑㄧㄡˊ	潤泰全球	-6.60980192	names
ㄖㄨㄣˋ-ㄊㄞˋ-ㄔㄨㄤˋ-ㄒㄧㄣ-ㄍㄨㄛˊ-ㄐㄧˋ	潤泰創新國際	-5.74707439	names
ㄖㄨㄣˋ-ㄊㄞˋ-ㄐㄧㄥ-ㄇㄧˋ-ㄘㄞˊ-ㄌㄧㄠˋ	潤泰精密材料	-5.74707439	names
ㄔㄠˊ-ㄍㄤˇ-ㄔㄥˊ-ㄘㄢ-ㄧㄣˇ	潮港城餐飲	-6.17843815	names
ㄆㄥˊ-ㄏㄨˊ-ㄎㄜ-ㄉㄚˋ	澎湖科大	-6.60980192	names
ㄆㄥˊ-ㄏㄨˊ-ㄎㄜ-ㄐㄧˋ-ㄉㄚˋ-ㄒㄩㄝˊ	澎湖科技大學	-5.74707439	names
ㄅㄧㄣ-ㄕㄡˋ-ㄙ	濱壽司	-7.04116568	names
ㄨˊ-ㄉㄧˊ-ㄎㄜ-ㄐㄧˋ	無敵科技	-6.60980192	names
ㄏㄨㄢˋ-ㄉㄜˊ-ㄎㄜ-ㄐㄧˋ	煥德科技	-6.60980192	names
ㄧㄥˊ-ㄍㄨㄥ	營工	-7.17149945	names
ㄊㄜˋ-ㄌㄧˋ	特力	-7.17149945	names
ㄊㄜˋ-ㄧˋ-ㄕˊ-ㄧㄡˊ-ㄋㄥˊ-ㄩㄢˊ	特藝石油能源	-5.74707439	names
ㄒㄧ-ㄉㄨㄥˋ-ㄓˋ-ㄋㄥˊ	犀動智能	-6.60980192	names
ㄒㄩㄢˊ-ㄗㄤˋ-ㄉㄚˋ-ㄒㄩㄝˊ	玄奘大學	-6.60980192	names
ㄩˋ-ㄓㄨㄥ	玉中	-7.17149945	names
ㄩˋ-ㄕㄢ-ㄐㄧㄣ-ㄖㄨㄥˊ-ㄎㄨㄥˋ-ㄍㄨˇ	玉山金融控股	-5.74707439	names
ㄩˋ-ㄌㄧˇ-ㄍㄠ-ㄓㄨㄥ	玉里高中	-6.60980192	names
ㄩˋ-ㄍㄠ	玉高	-7.17149945	names
ㄨㄤˊ-ㄆㄧㄣˇ-ㄋㄧㄡˊ-ㄆㄞˊ	王品牛排	-6.60980192	names
ㄨㄤˊ-ㄉㄠˋ-ㄕㄤ-ㄧㄝˋ-ㄧㄣˊ-ㄏㄤˊ	王道商業銀行	-5.74707439	names
ㄨㄤˊ-ㄉㄠˋ-ㄧㄣˊ-ㄏㄤˊ	王道銀行	-6.60980192	names
ㄒㄧㄢˋ-ㄍㄨㄢ-ㄎㄜ-ㄐㄧˋ	現觀科技	-6.60980192	names
ㄌㄧㄡˊ-ㄌㄧˊ-ㄍㄨㄥ-ㄈㄤˊ	琉璃工房	-6.60980192	names
ㄖㄨㄟˋ-ㄩˋ-ㄅㄢˋ-ㄉㄠˇ-ㄊㄧˇ	瑞昱半導體	-6.17843815	names
ㄖㄨㄟˋ-ㄓˋ-ㄐㄧㄥ-ㄇㄧˋ	瑞智精密	-6.60980192	names
ㄖㄨㄟˋ-ㄌㄧㄣˊ-ㄇㄟˇ-ㄦˊ-ㄇㄟˇ	瑞麟美而美	-6.17843815	names
ㄏㄨㄢˊ-ㄑㄧㄡˊ-ㄐㄧㄥ-ㄩㄢˊ	環球晶圓	-6.60980192	names
ㄏㄨㄢˊ-ㄑㄧㄡˊ-ㄕㄨㄟˇ-ㄋㄧˊ	環球水泥	-6.60980192	names
ㄨㄚˇ-ㄔㄥˊ-ㄊㄞˋ-ㄍㄨㄛˊ-ㄌㄧㄠˋ-ㄌㄧˇ	瓦城泰國料理	-5.74707439	names
ㄍㄢ-ㄑㄩㄢˊ-ㄩˊ-ㄇㄧㄢˋ	甘泉魚麵	-6.60980192	names
ㄕㄥ-ㄉㄚˊ-ㄏㄨㄚˋ-ㄒㄩㄝˊ-ㄓˋ-ㄧㄠˋ	生達化學製藥	-5.74707439	names
ㄅㄞˇ-ㄅㄚ-ㄩˊ-ㄔㄤˇ	百八魚場	-6.60980192	names
ㄒㄧㄤˋ-ㄍㄨㄤ-ㄎㄜ	相光科	-7.04116568	names
ㄓㄣ-ㄌㄧˇ-ㄉㄚˋ-ㄒㄩㄝˊ	真理大學	-6.60980192	names
ㄓㄨㄥˋ-ㄒㄧㄥ-ㄍㄨㄛˊ-ㄐㄧˋ	眾星國際	-6.60980192	names
ㄒㄧˋ-ㄆㄧㄣˇ-ㄐㄧㄥ-ㄇㄧˋ-ㄍㄨㄥ-ㄧㄝˋ	矽品精密工業	-5.74707439	names
ㄒㄧˋ-ㄊㄨㄥˇ-ㄎㄜ-ㄐㄧˋ	矽統科技	-6.60980192	names
ㄧㄢˊ-ㄧㄤˊ-ㄎㄜ-ㄐㄧˋ	研揚科技	-6.60980192	names
ㄧㄢˊ-ㄏㄨㄚˊ-ㄎㄜ-ㄐㄧˋ	研華科技	-6.60980192	names
ㄕㄣˊ-ㄐㄧ-ㄊㄡˊ-ㄗ-ㄎㄨㄥˋ-ㄍㄨˇ	神基投資控股	-5.74707439	names
ㄕㄣˊ-ㄓㄡ-ㄕㄨˋ-ㄇㄚˇ	神州數碼	-6.60980192	names
ㄕㄣˊ-ㄓㄨㄣˇ-ㄎㄜ-ㄐㄧˋ	神準科技	-6.60980192	names
ㄕㄣˊ-ㄋㄠˇ-ㄍㄨㄛˊ-ㄐㄧˋ	神腦國際	-6.60980192	names
ㄒㄧㄤˊ-ㄕㄨㄛˋ-ㄎㄜ-ㄐㄧˋ	祥碩科技	-6.60980192	names
ㄈㄨˊ-ㄌㄧˋ-ㄇㄧㄢˋ-ㄅㄠ	福利麵包	-6.60980192	names
ㄈㄨˊ-ㄕㄥˋ-ㄊㄧㄥˊ	福勝亭	-7.04116568	names
ㄈㄨˊ-ㄕㄡˋ-ㄕˊ-ㄧㄝˋ	福壽實業	-6.60980192	names
ㄈㄨˊ-ㄇㄠˋ-ㄐㄧㄚ-ㄧㄡˊ-ㄓㄢˋ	福懋加油站	-6.17843815	names
ㄈㄨˊ-ㄇㄠˋ-ㄧㄡˊ-ㄓ	福懋油脂	-6.60980192	names
ㄈㄨˊ-ㄓˋ-ㄍㄠ-ㄓㄨㄥ	福智高中	-6.60980192	names
ㄏㄜˊ-ㄌㄧㄢˊ-ㄕㄨㄛˋ	禾聯碩	-7.04116568	names
ㄙ-ㄌㄧˋ-ㄙㄢ-ㄒㄧㄣˋ-ㄐㄧㄚ-ㄕㄤ	私立三信家商	-5.74707439	names
ㄙ-ㄌㄧˋ-ㄙㄢ-ㄩˋ-ㄍㄠ-ㄓㄨㄥ	私立三育高中	-5.74707439	names
ㄙ-ㄌㄧˋ-ㄕˋ-ㄐㄧㄝˋ-ㄍㄠ-ㄓㄨㄥ	私立世界高中	-5.74707439	names
ㄙ-ㄌㄧˋ-ㄓㄨㄥ-ㄕㄢ-ㄍㄨㄥ-ㄕㄤ	私立中山工商	-5.74707439	names
ㄙ-ㄌㄧˋ-ㄓㄨㄥ-ㄒㄧㄥ-ㄕㄤ-ㄍㄨㄥ	私立中興商工	-5.74707439	names
ㄙ-ㄌㄧˋ-ㄓㄨㄥ-ㄏㄨㄚˊ-ㄕㄤ-ㄏㄞˇ	私立中華商海	-5.74707439	names
ㄙ-ㄌㄧˋ-ㄓㄨㄥ-ㄏㄨㄚˊ-ㄧˋ-ㄒㄧㄠˋ	私立中華藝校	-5.74707439	names
ㄙ-ㄌㄧˋ-ㄓㄨㄥ-ㄉㄠˋ-ㄍㄠ-ㄓㄨㄥ	私立中道高中	-5.74707439	names
ㄙ-ㄌㄧˋ-ㄦˋ-ㄒㄧㄣˋ-ㄍㄠ-ㄓㄨㄥ	私立二信高中	-5.74707439	names
ㄙ-ㄌㄧˋ-ㄨˇ-ㄩˋ-ㄍㄠ-ㄓㄨㄥ	私立五育高中	-5.74707439	names
ㄙ-ㄌㄧˋ-ㄧㄚˇ-ㄓㄡ-ㄘㄢ-ㄌㄩˇ	私立亞洲餐旅	-5.74707439	names
ㄙ-ㄌㄧˋ-ㄧㄤˇ-ㄉㄜˊ-ㄍㄠ-ㄓㄨㄥ	私立仰德高中	-5.74707439	names
ㄙ-ㄌㄧˋ-ㄑㄧㄠˊ-ㄊㄞˋ-ㄍㄠ-ㄓㄨㄥ	私立僑泰高中	-5.74707439	names
ㄙ-ㄌㄧˋ-ㄍㄨㄤ-ㄖㄣˊ-ㄍㄠ-ㄓㄨㄥ	私立光仁高中	-5.74707439	names
ㄙ-ㄌㄧˋ-ㄍㄨㄤ-ㄑㄧˇ-ㄍㄠ-ㄓㄨㄥ	私立光啟高中	-5.74707439	names
ㄙ-ㄌㄧˋ-ㄍㄨㄤ-ㄈㄨˋ-ㄍㄠ-ㄓㄨㄥ	私立光復高中	-5.74707439	names
ㄙ-ㄌㄧˋ-ㄍㄨㄤ-ㄏㄨㄚˊ-ㄍㄠ-ㄕㄤ-ㄐㄧㄣˋ-ㄒㄧㄡ-ㄒㄩㄝˊ-ㄒㄧㄠˋ	私立光華高商進修學校	-5.74707439	names
ㄙ-ㄌㄧˋ-ㄋㄟˋ-ㄙ-ㄍㄠ-ㄍㄨㄥ	私立內思高工	-5.74707439	names
ㄙ-ㄌㄧˋ-ㄑㄩㄢˊ-ㄖㄣˊ-ㄕˊ-ㄧㄢˋ-ㄍㄠ-ㄓㄨㄥ	私立全人實驗高中	-5.74707439	names
ㄙ-ㄌㄧˋ-ㄍㄨㄥ-ㄉㄨㄥ-ㄍㄠ-ㄍㄨㄥ	私立公東高工	-5.74707439	names
ㄙ-ㄌㄧˋ-ㄌㄧㄡˋ-ㄒㄧㄣˋ-ㄍㄠ-ㄓㄨㄥ	私立六信高中	-5.74707439	names
ㄙ-ㄌㄧˋ-ㄌㄧㄡˋ-ㄏㄜˊ-ㄍㄠ-ㄓㄨㄥ	私立六和高中	-5.74707439	names
ㄙ-ㄌㄧˋ-ㄗㄞˋ-ㄒㄧㄥ-ㄓㄨㄥ-ㄒㄩㄝˊ	私立再興中學	-5.74707439	names
ㄙ-ㄌㄧˋ-ㄒㄧㄝˊ-ㄊㄨㄥˊ-ㄍㄠ-ㄓㄨㄥ	私立協同高中	-5.74707439	names
ㄙ-ㄌㄧˋ-ㄒㄧㄝˊ-ㄏㄜˊ-ㄧㄡˋ-ㄉㄜˊ-ㄍㄠ-ㄓㄨㄥ	私立協和祐德高中	-5.74707439	names
ㄙ-ㄌㄧˋ-ㄋㄢˊ-ㄍㄨㄤ-ㄍㄠ-ㄓㄨㄥ	私立南光高中	-5.74707439	names
ㄙ-ㄌㄧˋ-ㄋㄢˊ-ㄧㄥ-ㄕㄤ-ㄍㄨㄥ	私立南英商工	-5.74707439	names
ㄙ-ㄌㄧˋ-ㄋㄢˊ-ㄏㄨㄚˊ-ㄍㄠ-ㄓㄨㄥ-ㄐㄧㄣˋ-ㄒㄧㄡ-ㄒㄩㄝˊ-ㄒㄧㄠˋ	私立南華高中進修學校	-5.74707439	names
ㄙ-ㄌㄧˋ-ㄐㄩㄣ-ㄧˋ-ㄍㄠ-ㄓㄨㄥ	私立君毅高中	-5.74707439	names
ㄙ-ㄌㄧˋ-ㄑㄧㄠˊ-ㄓˋ-ㄍㄨㄥ-ㄕㄤ	私立喬治工商	-5.74707439	names
ㄙ-ㄌㄧˋ-ㄐㄧㄚ-ㄏㄨㄚˊ-ㄍㄠ-ㄓㄨㄥ	私立嘉華高中	-5.74707439	names
ㄙ-ㄌㄧˋ-ㄐㄧㄚ-ㄧㄤˊ-ㄍㄠ-ㄓㄨㄥ	私立嘉陽高中	-5.74707439	names
ㄙ-ㄌㄧˋ-ㄙˋ-ㄨㄟˊ-ㄍㄠ-ㄓㄨㄥ	私立四維高中	-5.74707439	names
ㄙ-ㄌㄧˋ-ㄆㄟˊ-ㄉㄜˊ-ㄍㄨㄥ-ㄐㄧㄚ	私立培德工家	-5.74707439	names
ㄙ-ㄌㄧˋ-ㄉㄚˋ-ㄊㄨㄥˊ-ㄍㄠ-ㄓㄨㄥ	私立大同高中	-5.74707439	names
ㄙ-ㄌㄧˋ-ㄉㄚˋ-ㄉㄜˊ-ㄍㄨㄥ-ㄕㄤ	私立大德工商	-5.74707439	names
ㄙ-ㄌㄧˋ-ㄉㄚˋ-ㄔㄥˊ-ㄕㄤ-ㄍㄨㄥ	私立大成商工	-5.74707439	names
ㄙ-ㄌㄧˋ-ㄉㄚˋ-ㄖㄨㄥˊ-ㄍㄠ-ㄓㄨㄥ	私立大榮高中	-5.74707439	names
ㄙ-ㄌㄧˋ-ㄉㄚˋ-ㄏㄨㄚˊ-ㄍㄠ-ㄓㄨㄥ	私立大華高中	-5.74707439	names
ㄙ-ㄌㄧˋ-ㄉㄚˋ-ㄔㄥˊ-ㄍㄠ-ㄓㄨㄥ	私立大誠高中	-5.74707439	names
ㄙ-ㄌㄧˋ-ㄎㄨㄟˊ-ㄕㄢ-ㄕˊ-ㄧㄢˋ-ㄍㄠ-ㄐㄧˊ-ㄓㄨㄥ-ㄒㄩㄝˊ	私立奎山實驗高級中學	-5.74707439	names
ㄙ-ㄌㄧˋ-ㄏㄨㄥˊ-ㄖㄣˊ-ㄍㄠ-ㄓㄨㄥ	私立宏仁高中	-5.74707439	names
ㄙ-ㄌㄧˋ-ㄧˊ-ㄋㄧㄥˊ-ㄍㄠ-ㄓㄨㄥ	私立宜寧高中	-5.74707439	names
ㄙ-ㄌㄧˋ-ㄔㄨㄥˊ-ㄧˋ-ㄍㄠ-ㄓㄨㄥ	私立崇義高中	-5.74707439	names
ㄙ-ㄌㄧˋ-ㄌㄧㄥˇ-ㄉㄨㄥ-ㄍㄠ-ㄓㄨㄥ	私立嶺東高中	-5.74707439	names
ㄙ-ㄌㄧˋ-ㄐㄩˋ-ㄖㄣˊ-ㄍㄠ-ㄓㄨㄥ	私立巨人高中	-5.74707439	names
ㄙ-ㄌㄧˋ-ㄎㄤ-ㄑㄧㄠˊ-ㄍㄠ-ㄓㄨㄥ	私立康橋高中	-5.74707439	names
ㄙ-ㄌㄧˋ-ㄧㄢˊ-ㄆㄧㄥˊ-ㄓㄨㄥ-ㄒㄩㄝˊ	私立延平中學	-5.74707439	names
ㄙ-ㄌㄧˋ-ㄐㄧㄢˋ-ㄊㄞˊ-ㄍㄠ-ㄓㄨㄥ	私立建臺高中	-5.74707439	names
ㄙ-ㄌㄧˋ-ㄏㄨㄥˊ-ㄨㄣˊ-ㄍㄠ-ㄓㄨㄥ	私立弘文高中	-5.74707439	names
ㄙ-ㄌㄧˋ-ㄏㄨㄥˊ-ㄇㄧㄥˊ-ㄕˊ-ㄧㄢˋ-ㄍㄠ-ㄓㄨㄥ	私立弘明實驗高中	-5.74707439	names
ㄙ-ㄌㄧˋ-ㄒㄩˊ-ㄏㄨㄟˋ-ㄍㄠ-ㄓㄨㄥ	私立徐匯高中	-5.74707439	names
ㄙ-ㄌㄧˋ-ㄈㄨˋ-ㄒㄧㄥ-ㄕㄤ-ㄍㄨㄥ	私立復興商工	-5.74707439	names
ㄙ-ㄌㄧˋ-ㄈㄨˋ-ㄒㄧㄥ-ㄕˊ-ㄧㄢˋ-ㄍㄠ-ㄓㄨㄥ	私立復興實驗高中	-5.74707439	names
ㄙ-ㄌㄧˋ-ㄈㄨˋ-ㄏㄨㄚˊ-ㄍㄠ-ㄓㄨㄥ	私立復華高中	-5.74707439	names
ㄙ-ㄌㄧˋ-ㄉㄜˊ-ㄍㄨㄤ-ㄍㄠ-ㄓㄨㄥ	私立德光高中	-5.74707439	names
ㄙ-ㄌㄧˋ-ㄓˋ-ㄖㄣˊ-ㄓㄨㄥ-ㄒㄩㄝˊ-ㄐㄧㄣˋ-ㄒㄧㄡ-ㄒㄩㄝˊ-ㄒㄧㄠˋ	私立志仁中學進修學校	-5.74707439	names
ㄙ-ㄌㄧˋ-ㄉㄨㄣ-ㄒㄩˋ-ㄍㄨㄥ-ㄕㄤ	私立惇敍工商	-5.74707439	names
ㄙ-ㄌㄧˋ-ㄘˊ-ㄧㄡˋ-ㄍㄨㄥ-ㄕㄤ	私立慈幼工商	-5.74707439	names
ㄙ-ㄌㄧˋ-ㄘˊ-ㄇㄧㄥˊ-ㄍㄠ-ㄓㄨㄥ	私立慈明高中	-5.74707439	names
ㄙ-ㄌㄧˋ-ㄏㄨㄟˋ-ㄉㄥ-ㄍㄠ-ㄓㄨㄥ	私立慧燈高中	-5.74707439	names
ㄙ-ㄌㄧˋ-ㄧㄤˊ-ㄗˇ-ㄍㄠ-ㄓㄨㄥ	私立揚子高中	-5.74707439	names
ㄙ-ㄌㄧˋ-ㄨㄣˊ-ㄕㄥ-ㄍㄠ-ㄓㄨㄥ	私立文生高中	-5.74707439	names
ㄙ-ㄌㄧˋ-ㄨㄣˊ-ㄒㄧㄥ-ㄍㄠ-ㄓㄨㄥ	私立文興高中	-5.74707439	names
ㄙ-ㄌㄧˋ-ㄈㄤ-ㄕㄨˋ-ㄕㄤ-ㄍㄨㄥ	私立方曙商工	-5.74707439	names
ㄙ-ㄌㄧˋ-ㄑㄧˊ-ㄇㄟˇ-ㄕㄤ-ㄍㄨㄥ	私立旗美商工	-5.74707439	names
ㄙ-ㄌㄧˋ-ㄇㄧㄥˊ-ㄊㄞˊ-ㄍㄠ-ㄓㄨㄥ	私立明台高中	-5.74707439	names
ㄙ-ㄌㄧˋ-ㄇㄧㄥˊ-ㄉㄜˊ-ㄍㄠ-ㄓㄨㄥ	私立明德高中	-5.74707439	names
ㄙ-ㄌㄧˋ-ㄇㄧㄥˊ-ㄉㄠˋ-ㄍㄠ-ㄓㄨㄥ	私立明道高中	-5.74707439	names
ㄙ-ㄌㄧˋ-ㄇㄧㄥˊ-ㄉㄚˊ-ㄍㄠ-ㄓㄨㄥ	私立明達高中	-5.74707439	names
ㄙ-ㄌㄧˋ-ㄕˊ-ㄩˇ-ㄍㄠ-ㄓㄨㄥ	私立時雨高中	-5.74707439	names
ㄙ-ㄌㄧˋ-ㄆㄨˇ-ㄊㄞˊ-ㄍㄠ-ㄓㄨㄥ	私立普台高中	-5.74707439	names
ㄙ-ㄌㄧˋ-ㄐㄧㄥˇ-ㄨㄣˊ-ㄍㄠ-ㄓㄨㄥ	私立景文高中	-5.74707439	names
ㄙ-ㄌㄧˋ-ㄓˋ-ㄍㄨㄤ-ㄕㄤ-ㄍㄨㄥ	私立智光商工	-5.74707439	names
ㄙ-ㄌㄧˋ-ㄒㄧㄠˇ-ㄇㄧㄥˊ-ㄋㄩˇ-ㄓㄨㄥ	私立曉明女中	-5.74707439	names
ㄙ-ㄌㄧˋ-ㄕㄨˋ-ㄍㄨㄤ-ㄋㄩˇ-ㄓㄨㄥ	私立曙光女中	-5.74707439	names
ㄙ-ㄌㄧˋ-ㄉㄨㄥ-ㄨˊ-ㄍㄨㄥ-ㄐㄧㄚ	私立東吳工家	-5.74707439	names
ㄙ-ㄌㄧˋ-ㄉㄨㄥ-ㄉㄚˋ-ㄈㄨˋ-ㄓㄨㄥ	私立東大附中	-5.74707439	names
ㄙ-ㄌㄧˋ-ㄉㄨㄥ-ㄕㄢ-ㄍㄠ-ㄓㄨㄥ	私立東山高中	-5.74707439	names
ㄙ-ㄌㄧˋ-ㄉㄨㄥ-ㄈㄤ-ㄍㄨㄥ-ㄕㄤ	私立東方工商	-5.74707439	names
ㄙ-ㄌㄧˋ-ㄉㄨㄥ-ㄊㄞˋ-ㄍㄠ-ㄓㄨㄥ	私立東泰高中	-5.74707439	names
ㄙ-ㄌㄧˋ-ㄉㄨㄥ-ㄏㄞˇ-ㄍㄠ-ㄓㄨㄥ	私立東海高中	-5.74707439	names
ㄙ-ㄌㄧˋ-ㄍㄜˊ-ㄓˋ-ㄍㄠ-ㄓㄨㄥ	私立格致高中	-5.74707439	names
ㄙ-ㄌㄧˋ-ㄕㄨˋ-ㄖㄣˊ-ㄐㄧㄚ-ㄕㄤ	私立樹人家商	-5.74707439	names
ㄙ-ㄌㄧˋ-ㄕㄨˋ-ㄉㄜˊ-ㄐㄧㄚ-ㄕㄤ	私立樹德家商	-5.74707439	names
ㄙ-ㄌㄧˋ-ㄓㄥˋ-ㄒㄧㄣ-ㄍㄠ-ㄓㄨㄥ	私立正心高中	-5.74707439	names
ㄙ-ㄌㄧˋ-ㄓㄥˋ-ㄧˋ-ㄍㄠ-ㄓㄨㄥ	私立正義高中	-5.74707439	names
ㄙ-ㄌㄧˋ-ㄇㄧㄣˊ-ㄕㄥ-ㄐㄧㄚ-ㄕㄤ	私立民生家商	-5.74707439	names
ㄙ-ㄌㄧˋ-ㄩㄥˇ-ㄆㄧㄥˊ-ㄍㄨㄥ-ㄕㄤ	私立永平工商	-5.74707439	names
ㄙ-ㄌㄧˋ-ㄩㄥˇ-ㄋㄧㄢˊ-ㄍㄠ-ㄓㄨㄥ	私立永年高中	-5.74707439	names
ㄙ-ㄌㄧˋ-ㄊㄞˋ-ㄅㄟˇ-ㄍㄠ-ㄓㄨㄥ	私立泰北高中	-5.74707439	names
ㄙ-ㄌㄧˋ-ㄏㄞˇ-ㄒㄧㄥ-ㄍㄠ-ㄓㄨㄥ	私立海星高中	-5.74707439	names
ㄙ-ㄌㄧˋ-ㄉㄢˋ-ㄐㄧㄤ-ㄍㄠ-ㄓㄨㄥ	私立淡江高中	-5.74707439	names
ㄙ-ㄌㄧˋ-ㄍㄤˇ-ㄇㄧㄥˊ-ㄍㄠ-ㄓㄨㄥ	私立港明高中	-5.74707439	names
ㄙ-ㄌㄧˋ-ㄏㄨˋ-ㄐㄧㄤ-ㄍㄠ-ㄓㄨㄥ	私立滬江高中	-5.74707439	names
ㄙ-ㄌㄧˋ-ㄧㄥˊ-ㄏㄞˇ-ㄍㄨㄛˊ-ㄐㄧˋ-ㄍㄠ-ㄓㄨㄥ	私立瀛海國際高中	-5.74707439	names
ㄙ-ㄌㄧˋ-ㄩˋ-ㄕㄢ-ㄍㄠ-ㄓㄨㄥ	私立玉山高中	-5.74707439	names
ㄙ-ㄌㄧˋ-ㄆㄢˊ-ㄕˊ-ㄍㄠ-ㄓㄨㄥ	私立磐石高中	-5.74707439	names
ㄙ-ㄌㄧˋ-ㄉㄠˋ-ㄐㄧㄤ-ㄏㄨˋ-ㄐㄧㄚ	私立稻江護家	-5.74707439	names
ㄙ-ㄌㄧˋ-ㄉㄠˋ-ㄐㄧㄤ-ㄍㄠ-ㄕㄤ	私立稻江高商	-5.74707439	names
ㄙ-ㄌㄧˋ-ㄍㄨˇ-ㄅㄠˇ-ㄐㄧㄚ-ㄕㄤ	私立穀保家商	-5.74707439	names
ㄙ-ㄌㄧˋ-ㄌㄧˋ-ㄖㄣˊ-ㄍㄠ-ㄓㄨㄥ	私立立人高中	-5.74707439	names
ㄙ-ㄌㄧˋ-ㄌㄧˋ-ㄖㄣˊ-ㄍㄠ-ㄓㄨㄥ	私立立仁高中	-5.74707539	names
ㄙ-ㄌㄧˋ-ㄌㄧˋ-ㄓˋ-ㄍㄠ-ㄓㄨㄥ	私立立志高中	-5.74707439	names
ㄙ-ㄌㄧˋ-ㄓㄨˊ-ㄌㄧㄣˊ-ㄍㄠ-ㄓㄨㄥ	私立竹林高中	-5.74707439	names
ㄙ-ㄌㄧˋ-ㄐㄧㄥ-ㄔㄥˊ-ㄍㄠ-ㄓㄨㄥ	私立精誠高中	-5.74707439	names
ㄙ-ㄌㄧˋ-ㄇㄟˇ-ㄏㄢˋ-ㄍㄠ-ㄓㄨㄥ	私立美和高中	-5.74707439	names
ㄙ-ㄌㄧˋ-ㄧˋ-ㄉㄚˋ-ㄍㄨㄛˊ-ㄐㄧˋ-ㄍㄠ-ㄓㄨㄥ	私立義大國際高中	-5.74707439	names
ㄙ-ㄌㄧˋ-ㄧˋ-ㄈㄥ-ㄍㄠ-ㄓㄨㄥ	私立義峰高中	-5.74707439	names
ㄙ-ㄌㄧˋ-ㄧˋ-ㄇㄧㄣˊ-ㄍㄠ-ㄓㄨㄥ	私立義民高中	-5.74707439	names
ㄙ-ㄌㄧˋ-ㄕㄥˋ-ㄒㄧㄣ-ㄋㄩˇ-ㄓㄨㄥ	私立聖心女中	-5.74707439	names
ㄙ-ㄌㄧˋ-ㄩˋ-ㄉㄜˊ-ㄍㄨㄥ-ㄐㄧㄚ	私立育德工家	-5.74707439	names
ㄙ-ㄌㄧˋ-ㄩˋ-ㄉㄚˊ-ㄍㄠ-ㄓㄨㄥ	私立育達高中	-5.74707439	names
ㄙ-ㄌㄧˋ-ㄋㄥˊ-ㄖㄣˊ-ㄐㄧㄚ-ㄕㄤ	私立能仁家商	-5.74707439	names
ㄙ-ㄌㄧˋ-ㄓˋ-ㄕㄢˋ-ㄍㄠ-ㄓㄨㄥ	私立至善高中	-5.74707439	names
ㄙ-ㄌㄧˋ-ㄓˋ-ㄩㄥˋ-ㄍㄠ-ㄓㄨㄥ	私立致用高中	-5.74707439	names
ㄙ-ㄌㄧˋ-ㄒㄧㄥ-ㄏㄨㄚˊ-ㄍㄠ-ㄓㄨㄥ	私立興華高中	-5.74707439	names
ㄙ-ㄌㄧˋ-ㄓㄨㄤ-ㄐㄧㄥˋ-ㄍㄨㄥ-ㄐㄧㄚ	私立莊敬工家	-5.74707439	names
ㄙ-ㄌㄧˋ-ㄏㄨㄚˊ-ㄍㄤ-ㄧˋ-ㄒㄧㄠˋ	私立華岡藝校	-5.74707439	names
ㄙ-ㄌㄧˋ-ㄏㄨㄚˊ-ㄉㄜˊ-ㄍㄨㄥ-ㄐㄧㄚ	私立華德工家	-5.74707439	names
ㄙ-ㄌㄧˋ-ㄏㄨㄚˊ-ㄕㄥˋ-ㄉㄨㄣˋ-ㄍㄠ-ㄓㄨㄥ	私立華盛頓高中	-5.74707439	names
ㄙ-ㄌㄧˋ-ㄏㄨㄚˊ-ㄒㄧㄥ-ㄓㄨㄥ-ㄒㄩㄝˊ	私立華興中學	-5.74707439	names
ㄙ-ㄌㄧˋ-ㄨㄢˋ-ㄋㄥˊ-ㄍㄨㄥ-ㄕㄤ	私立萬能工商	-5.74707439	names
ㄙ-ㄌㄧˋ-ㄨㄟ-ㄍㄜˊ-ㄍㄠ-ㄓㄨㄥ	私立葳格高中	-5.74707439	names
ㄙ-ㄌㄧˋ-ㄨㄟˊ-ㄍㄜˊ-ㄍㄠ-ㄓㄨㄥ	私立薇閣高中	-5.74707439	names
ㄙ-ㄌㄧˋ-ㄨㄟˋ-ㄌㄧˇ-ㄋㄩˇ-ㄓㄨㄥ	私立衛理女中	-5.74707439	names
ㄙ-ㄌㄧˋ-ㄨㄟˋ-ㄉㄠˋ-ㄍㄠ-ㄓㄨㄥ	私立衛道高中	-5.74707439	names
ㄙ-ㄌㄧˋ-ㄩˋ-ㄓㄤ-ㄍㄨㄥ-ㄕㄤ	私立豫章工商	-5.74707439	names
ㄙ-ㄌㄧˋ-ㄈㄨˇ-ㄖㄣˊ-ㄍㄠ-ㄓㄨㄥ	私立輔仁高中	-5.74707439	names
ㄙ-ㄌㄧˋ-ㄉㄚˊ-ㄖㄣˊ-ㄍㄠ-ㄓㄨㄥ	私立達人高中	-5.74707439	names
ㄙ-ㄌㄧˋ-ㄉㄚˊ-ㄉㄜˊ-ㄕㄤ-ㄍㄨㄥ	私立達德商工	-5.74707439	names
ㄙ-ㄌㄧˋ-ㄒㄧㄥˇ-ㄨˊ-ㄍㄠ-ㄓㄨㄥ	私立醒吾高中	-5.74707439	names
ㄙ-ㄌㄧˋ-ㄐㄧㄣ-ㄡ-ㄋㄩˇ-ㄓㄨㄥ	私立金甌女中	-5.74707439	names
ㄙ-ㄌㄧˋ-ㄐㄧㄣ-ㄌㄧㄥˊ-ㄋㄩˇ-ㄓㄨㄥ	私立金陵女中	-5.74707439	names
ㄙ-ㄌㄧˋ-ㄔㄤˊ-ㄖㄨㄥˊ-ㄋㄩˇ-ㄓㄨㄥ	私立長榮女中	-5.74707439	names
ㄙ-ㄌㄧˋ-ㄔㄤˊ-ㄖㄨㄥˊ-ㄍㄠ-ㄓㄨㄥ	私立長榮高中	-5.74707439	names
ㄙ-ㄌㄧˋ-ㄎㄞ-ㄆㄧㄥˊ-ㄘㄢ-ㄧㄣˇ	私立開平餐飲	-5.74707439	names
ㄙ-ㄌㄧˋ-ㄌㄨˋ-ㄒㄧㄥ-ㄍㄠ-ㄓㄨㄥ	私立陸興高中	-5.74707439	names
ㄙ-ㄌㄧˋ-ㄧㄤˊ-ㄇㄧㄥˊ-ㄍㄨㄥ-ㄕㄤ	私立陽明工商	-5.74707439	names
ㄙ-ㄌㄧˋ-ㄑㄧㄥ-ㄋㄧㄢˊ-ㄍㄠ-ㄓㄨㄥ	私立青年高中	-5.74707439	names
ㄙ-ㄌㄧˋ-ㄐㄧㄥˋ-ㄒㄧㄡ-ㄍㄠ-ㄓㄨㄥ	私立靜修高中	-5.74707439	names
ㄙ-ㄌㄧˋ-ㄐㄧㄥˋ-ㄒㄧㄣ-ㄍㄠ-ㄓㄨㄥ	私立靜心高中	-5.74707439	names
ㄙ-ㄌㄧˋ-ㄍㄠ-ㄩㄢˋ-ㄍㄨㄥ-ㄕㄤ	私立高苑工商	-5.74707439	names
ㄙ-ㄌㄧˋ-ㄍㄠ-ㄧㄥ-ㄍㄨㄥ-ㄕㄤ	私立高英工商	-5.74707439	names
ㄙ-ㄌㄧˋ-ㄌㄧˊ-ㄇㄧㄥˊ-ㄍㄠ-ㄓㄨㄥ	私立黎明高中	-5.74707439	names
ㄙ-ㄌㄧˋ-ㄌㄨㄥˊ-ㄉㄜˊ-ㄐㄧㄚ-ㄕㄤ	私立龍德家商	-5.74707439	names
ㄑㄧㄡ-ㄩˇ-ㄔㄨㄤˋ-ㄒㄧㄣ	秋雨創新	-6.60980192	names
ㄎㄜ-ㄎㄜ-ㄕˋ-ㄐㄧㄝˋ	科科世界	-6.60980192	names
ㄎㄜ-ㄐㄧㄢˋ-ㄇㄟˇ-ㄩˇ	科見美語	-6.60980192	names
ㄉㄠˋ-ㄐㄧㄤ-ㄏㄨˋ-ㄐㄧㄚ	稻江護家	-6.60980192	names
ㄉㄠˋ-ㄏㄨˋ	稻護	-7.17149945	names
ㄌㄧˋ-ㄑㄧˊ-ㄎㄜ-ㄐㄧˋ	立錡科技	-6.60980192	names
ㄓㄨˊ-ㄕㄤ	竹商	-7.17149945	names
ㄓㄨˊ-ㄈㄥ-ㄐㄧㄢˋ-ㄕㄜˋ	竹風建設	-6.60980192	names
ㄉㄧˋ-ㄧ-ㄕㄣ-ㄊㄨㄥˊ-ㄎㄜ-ㄐㄧˋ	第一伸銅科技	-5.74707439	names
ㄉㄧˋ-ㄧ-ㄐㄧㄣ-ㄖㄨㄥˊ-ㄎㄨㄥˋ-ㄍㄨˇ	第一金融控股	-5.74707439	names
ㄓㄨˊ-ㄐㄧㄢ-ㄙㄨㄢ-ㄘㄞˋ-ㄩˊ	築間酸菜魚	-6.17843815	names
ㄐㄧㄥ-ㄘㄞˇ-ㄏㄨㄛˇ-ㄍㄨㄛ	精彩火鍋	-6.60980192	names
ㄐㄧㄥ-ㄐㄧˋ-ㄉㄧㄢˋ-ㄋㄠˇ	精技電腦	-6.60980192	names
ㄐㄧㄥ-ㄒㄧ-ㄍㄨㄛˊ-ㄐㄧˋ	精熙國際	-6.60980192	names
ㄐㄧㄥ-ㄧㄥ-ㄉㄧㄢˋ-ㄋㄠˇ	精英電腦	-6.60980192	names
ㄐㄧㄥ-ㄏㄨㄚˊ-ㄍㄨㄤ-ㄒㄩㄝˊ	精華光學	-6.60980192	names
ㄒㄧˋ-ㄨㄟˊ	系微	-7.17149945	names
ㄏㄨㄥˊ-ㄒㄧㄣ-ㄌㄚˋ-ㄐㄧㄠ	紅心辣椒	-6.60980192	names
ㄔㄨㄣˊ-ㄨㄣˊ-ㄒㄩㄝˊ-ㄔㄨ-ㄅㄢˇ-ㄕㄜˋ	純文學出版社	-5.74707439	names
ㄊㄨㄥˇ-ㄧ-ㄐㄧㄢˋ-ㄕㄣ-ㄐㄩˋ-ㄌㄜˋ-ㄅㄨˋ	統一健身俱樂部	-5.74707439	names
ㄊㄨㄥˇ-ㄧ-ㄇㄧㄢˋ-ㄅㄠ-ㄅㄧㄢˋ-ㄌㄧˋ-ㄕㄤ-ㄉㄧㄢˋ	統一麵包便利商店	-5.74707439	names
ㄊㄨㄥˇ-ㄌㄧㄥˇ-ㄍㄨㄤˇ-ㄔㄤˇ	統領廣場	-6.60980192	names
ㄌㄩˋ-ㄏㄜˊ	綠河	-7.17149945	names
ㄌㄩˋ-ㄐㄧㄝˋ-ㄎㄜ-ㄐㄧˋ	綠界科技	-6.60980192	names
ㄨㄟˊ-ㄊㄚ-ㄌㄨˋ-ㄕˊ-ㄆㄧㄣˇ	維他露食品	-6.17843815	names
ㄨㄟˊ-ㄉㄨㄛ-ㄌㄧˋ-ㄧㄚˇ-ㄐㄧㄢˋ-ㄕㄜˋ	維多利亞建設	-5.74707439	names
ㄨㄟˇ-ㄔㄨㄤˋ-ㄗ-ㄊㄨㄥ	緯創資通	-6.60980192	names
ㄨㄟˇ-ㄧㄥˇ-ㄎㄜ-ㄐㄧˋ	緯穎科技	-6.60980192	names
ㄒㄧㄢˋ-ㄌㄧˋ-ㄙㄢ-ㄧˋ-ㄍㄠ-ㄓㄨㄥ	縣立三義高中	-5.74707439	names
ㄒㄧㄢˋ-ㄌㄧˋ-ㄦˋ-ㄌㄧㄣˊ-ㄍㄠ-ㄓㄨㄥ	縣立二林高中	-5.74707439	names
ㄒㄧㄢˋ-ㄌㄧˋ-ㄌㄞˊ-ㄧˋ-ㄍㄠ-ㄓㄨㄥ	縣立來義高中	-5.74707439	names
ㄒㄧㄢˋ-ㄌㄧˋ-ㄌㄧㄡˋ-ㄐㄧㄚ-ㄍㄠ-ㄐㄧˊ-ㄓㄨㄥ-ㄒㄩㄝˊ	縣立六家高級中學	-5.74707439	names
ㄒㄧㄢˋ-ㄌㄧˋ-ㄋㄢˊ-ㄆㄧㄥˊ-ㄓㄨㄥ-ㄒㄩㄝˊ	縣立南平中學	-5.74707439	names
ㄒㄧㄢˋ-ㄌㄧˋ-ㄋㄢˊ-ㄠˋ-ㄍㄠ-ㄓㄨㄥ	縣立南澳高中	-5.74707439	names
ㄒㄧㄢˋ-ㄌㄧˋ-ㄏㄜˊ-ㄇㄟˇ-ㄍㄠ-ㄓㄨㄥ	縣立和美高中	-5.74707439	names
ㄒㄧㄢˋ-ㄌㄧˋ-ㄉㄚˋ-ㄊㄨㄥˊ-ㄍㄠ-ㄓㄨㄥ	縣立大同高中	-5.74707439	names
ㄒㄧㄢˋ-ㄌㄧˋ-ㄓㄤ-ㄏㄨㄚˋ-ㄧˋ-ㄕㄨˋ-ㄍㄠ-ㄓㄨㄥ	縣立彰化藝術高中	-5.74707439	names
ㄒㄧㄢˋ-ㄌㄧˋ-ㄘˊ-ㄒㄧㄣ-ㄏㄨㄚˊ-ㄉㄜˊ-ㄈㄨˊ-ㄕˊ-ㄓㄨㄥ	縣立慈心華德福實中	-5.74707439	names
ㄒㄧㄢˋ-ㄌㄧˋ-ㄔㄥˊ-ㄍㄨㄥ-ㄍㄠ-ㄓㄨㄥ	縣立成功高中	-5.74707439	names
ㄒㄧㄢˋ-ㄌㄧˋ-ㄉㄡˇ-ㄋㄢˊ-ㄍㄠ-ㄓㄨㄥ	縣立斗南高中	-5.74707439	names
ㄒㄧㄢˋ-ㄌㄧˋ-ㄒㄩˋ-ㄍㄨㄤ-ㄍㄠ-ㄓㄨㄥ	縣立旭光高中	-5.74707439	names
ㄒㄧㄢˋ-ㄌㄧˋ-ㄉㄨㄥ-ㄍㄤˇ-ㄍㄠ-ㄓㄨㄥ	縣立東港高中	-5.74707439	names
ㄒㄧㄢˋ-ㄌㄧˋ-ㄈㄤ-ㄌㄧㄠˊ-ㄍㄠ-ㄓㄨㄥ	縣立枋寮高中	-5.74707439	names
ㄒㄧㄢˋ-ㄌㄧˋ-ㄩㄥˇ-ㄑㄧㄥˋ-ㄍㄠ-ㄓㄨㄥ	縣立永慶高中	-5.74707439	names
ㄒㄧㄢˋ-ㄌㄧˋ-ㄏㄨˊ-ㄎㄡˇ-ㄍㄠ-ㄓㄨㄥ	縣立湖口高中	-5.74707439	names
ㄒㄧㄢˋ-ㄌㄧˋ-ㄊㄧㄢˊ-ㄓㄨㄥ-ㄍㄠ-ㄓㄨㄥ	縣立田中高中	-5.74707439	names
ㄒㄧㄢˋ-ㄌㄧˋ-ㄓㄨˊ-ㄅㄟˇ-ㄕˊ-ㄧㄢˋ-ㄍㄠ-ㄓㄨㄥ	縣立竹北實驗高中	-5.74707439	names
ㄒㄧㄢˋ-ㄌㄧˋ-ㄓㄨˊ-ㄑㄧˊ-ㄍㄠ-ㄓㄨㄥ	縣立竹崎高中	-5.74707439	names
ㄒㄧㄢˋ-ㄌㄧˋ-ㄗˋ-ㄑㄧㄤˊ-ㄍㄠ-ㄍㄨㄥ	縣立自強高工	-5.74707439	names
ㄒㄧㄢˋ-ㄌㄧˋ-ㄒㄧㄥ-ㄏㄨㄚˊ-ㄍㄠ-ㄓㄨㄥ	縣立興華高中	-5.74707439	names
ㄒㄧㄢˋ-ㄌㄧˋ-ㄩㄢˋ-ㄓㄨㄥ	縣立苑中	-6.60980192	names
ㄒㄧㄢˋ-ㄌㄧˋ-ㄩㄢˋ-ㄌㄧˇ-ㄍㄠ-ㄓㄨㄥ	縣立苑裡高中	-5.74707439	names
ㄒㄧㄢˋ-ㄌㄧˋ-ㄩㄢˋ-ㄍㄠ	縣立苑高	-6.60980192	names
ㄒㄧㄢˋ-ㄌㄧˋ-ㄋㄧㄠˇ-ㄙㄨㄥ-ㄧˋ-ㄕㄨˋ-ㄍㄠ-ㄓㄨㄥ	縣立蔦松藝術高中	-5.74707439	names
ㄒㄧㄢˋ-ㄌㄧˋ-ㄌㄢˊ-ㄩˇ-ㄍㄠ-ㄓㄨㄥ	縣立蘭嶼高中	-5.74707439	names
ㄒㄧㄢˋ-ㄌㄧˋ-ㄇㄞˋ-ㄌㄧㄠˊ-ㄍㄠ-ㄓㄨㄥ	縣立麥寮高中	-5.74707439	names
ㄐㄧˋ-ㄇㄠˋ-ㄒㄧㄤˋ-ㄐㄧㄠ-ㄍㄨㄥ-ㄧㄝˋ	繼茂橡膠工業	-5.74707439	names
ㄌㄨㄛˊ-ㄉㄨㄥ-ㄍㄠ-ㄓㄨㄥ	羅東高中	-6.60980192	names
ㄇㄟˇ-ㄧㄚˇ-ㄎㄨㄥˋ-ㄍㄨˇ	美亞控股	-6.60980192	names
ㄇㄟˇ-ㄌㄧˋ-ㄉㄜˊ	美利德	-7.04116568	names
ㄇㄟˇ-ㄌㄧˋ-ㄉㄚˊ-ㄍㄨㄥ-ㄧㄝˋ	美利達工業	-6.17843815	names
ㄇㄟˇ-ㄏㄢˋ-ㄎㄜ-ㄐㄧˋ-ㄉㄚˋ-ㄒㄩㄝˊ	美和科技大學	-5.74707439	names
ㄇㄟˇ-ㄕㄤ-ㄇㄡˊ-ㄓˋ	美商謀智	-6.60980192	names
ㄇㄟˇ-ㄏㄠˇ-ㄓㄥˋ-ㄑㄩㄢˋ	美好證券	-6.60980192	names
ㄇㄟˇ-ㄉㄜˊ-ㄒㄧㄤˋ-ㄅㄤ	美德向邦	-6.60980192	names
ㄑㄩㄣˊ-ㄒㄧㄣˋ-ㄒㄧㄥˊ-ㄉㄨㄥˋ-ㄕㄨˋ-ㄨㄟˋ-ㄎㄜ-ㄐㄧˋ	群信行動數位科技	-5.74707439	names
ㄑㄩㄣˊ-ㄔㄨㄤˋ-ㄍㄨㄤ-ㄉㄧㄢˋ	群創光電	-6.60980192	names
ㄑㄩㄣˊ-ㄧˋ-ㄐㄧㄣ-ㄉㄧㄥˇ-ㄓㄥˋ-ㄑㄩㄢˋ	群益金鼎證券	-5.74707439	names
ㄑㄩㄣˊ-ㄌㄧㄢˊ-ㄉㄧㄢˋ-ㄗˇ	群聯電子	-6.60980192	names
ㄧˋ-ㄇㄟˇ-ㄕˊ-ㄆㄧㄣˇ	義美食品	-6.60980192	names
ㄩˇ-ㄊㄧㄢˊ-ㄐㄧ-ㄒㄧㄝˋ	羽田機械	-6.60980192	names
ㄏㄢˋ-ㄌㄧㄣˊ-ㄔㄚˊ-ㄍㄨㄢˇ	翰林茶館	-6.60980192	names
ㄌㄠˇ-ㄧㄝˊ-ㄐㄧㄡˇ-ㄉㄧㄢˋ	老爺酒店	-6.60980192	names
ㄌㄠˇ-ㄏㄨˇ-ㄊㄤˊ	老虎堂	-7.04116568	names
ㄌㄠˇ-ㄌㄞˋ-ㄔㄚˊ-ㄓㄢˋ	老賴茶棧	-6.60980192	names
ㄋㄞˋ-ㄙ-ㄑㄧˋ-ㄧㄝˋ	耐斯企業	-6.60980192	names
ㄍㄥ-ㄒㄧㄣ-ㄐㄧㄢˋ-ㄎㄤ-ㄍㄨㄢˇ-ㄌㄧˇ-ㄓㄨㄢ-ㄎㄜ-ㄒㄩㄝˊ-ㄒㄧㄠˋ	耕莘健康管理專科學校	-5.74707439	names
ㄕㄥˋ-ㄉㄜˊ-ㄎㄜ-ㄙ	聖德科斯	-6.60980192	names
ㄕㄥˋ-ㄒㄧㄣ-ㄍㄠ-ㄓㄨㄥ	聖心高中	-6.60980192	names
ㄕㄥˋ-ㄇㄨˇ-ㄧ-ㄏㄨˋ-ㄍㄨㄢˇ-ㄌㄧˇ-ㄓㄨㄢ-ㄎㄜ-ㄒㄩㄝˊ-ㄒㄧㄠˋ	聖母醫護管理專科學校	-5.74707439	names
ㄕㄥˋ-ㄩㄝ-ㄏㄢˋ-ㄎㄜ-ㄉㄚˋ	聖約翰科大	-6.17843815	names
ㄕㄥˋ-ㄩㄝ-ㄏㄢˋ-ㄎㄜ-ㄐㄧˋ-ㄉㄚˋ-ㄒㄩㄝˊ	聖約翰科技大學	-5.74707439	names
ㄕㄥˋ-ㄇㄚˇ-ㄉㄧㄥ-ㄍㄨㄛˊ-ㄐㄧˋ	聖馬丁國際	-6.17843815	names
ㄐㄩˋ-ㄏㄢˋ-ㄍㄨㄛˊ-ㄐㄧˋ	聚和國際	-6.60980192	names
ㄐㄩˋ-ㄐㄧ-ㄎㄜ-ㄐㄧˋ	聚積科技	-6.60980192	names
ㄌㄧㄢˊ-ㄌㄧˋ-ㄍㄨㄥ-ㄧㄝˋ	聯力工業	-6.60980192	names
ㄌㄧㄢˊ-ㄏㄜˊ-ㄗㄞˋ-ㄕㄥ-ㄋㄥˊ-ㄩㄢˊ	聯合再生能源	-5.74707439	names
ㄌㄧㄢˊ-ㄔㄥˊ-ㄉㄧㄢˋ-ㄋㄠˇ	聯成電腦	-6.60980192	names
ㄌㄧㄢˊ-ㄇㄠˋ-ㄉㄧㄢˋ-ㄗˇ	聯茂電子	-6.60980192	names
ㄌㄧㄢˊ-ㄏㄨㄚˊ-ㄉㄧㄢˋ-ㄗˇ	聯華電子	-6.60980192	names
ㄌㄧㄢˊ-ㄏㄨㄚˊ-ㄕˊ-ㄆㄧㄣˇ	聯華食品	-6.60980192	names
ㄌㄧㄢˊ-ㄩㄥˇ-ㄎㄜ-ㄐㄧˋ	聯詠科技	-6.60980192	names
ㄌㄧㄢˊ-ㄧㄤˊ-ㄅㄢˋ-ㄉㄠˇ-ㄊㄧˇ	聯陽半導體	-6.17843815	names
ㄖㄡˋ-ㄉㄨㄛ-ㄉㄨㄛ-ㄏㄨㄛˇ-ㄍㄨㄛ	肉多多火鍋	-6.17843815	names
ㄩˋ-ㄧㄥ-ㄧ-ㄏㄨˋ-ㄍㄨㄢˇ-ㄌㄧˇ-ㄓㄨㄢ-ㄎㄜ-ㄒㄩㄝˊ-ㄒㄧㄠˋ	育英醫護管理專科學校	-5.74707439	names
ㄩˋ-ㄉㄚˊ-ㄎㄜ-ㄐㄧˋ-ㄉㄚˋ-ㄒㄩㄝˊ	育達科技大學	-5.74707439	names
ㄏㄨˊ-ㄌㄧㄢˊ-ㄐㄧㄥ-ㄇㄧˋ	胡連精密	-6.60980192	names
ㄋㄥˊ-ㄌㄧㄤˋ-ㄒㄧㄠˇ-ㄐㄧㄝˇ	能量小姐	-6.60980192	names
ㄓˋ-ㄌㄧˇ-ㄎㄜ-ㄉㄚˋ	致理科大	-6.60980192	names
ㄓˋ-ㄌㄧˇ-ㄎㄜ-ㄐㄧˋ-ㄉㄚˋ-ㄒㄩㄝˊ	致理科技大學	-5.74707439	names
ㄓˋ-ㄇㄠˋ-ㄉㄧㄢˋ-ㄗˇ	致茂電子	-6.60980192	names
ㄊㄞˊ-ㄓㄨㄥ-ㄧ-ㄓㄨㄥ	臺中一中	-6.60980192	names
ㄊㄞˊ-ㄓㄨㄥ-ㄦˋ-ㄓㄨㄥ	臺中二中	-6.60980192	names
ㄊㄞˊ-ㄓㄨㄥ-ㄕˋ-ㄉㄚˋ-ㄇㄧㄥˊ-ㄍㄠ-ㄓㄨㄥ	臺中市大明高中	-5.74707439	names
ㄊㄞˊ-ㄓㄨㄥ-ㄕˋ-ㄒㄧㄣ-ㄇㄧㄣˊ-ㄍㄠ-ㄓㄨㄥ	臺中市新民高中	-5.74707439	names
ㄊㄞˊ-ㄓㄨㄥ-ㄎㄨㄞˋ-ㄐㄧㄝˊ-ㄅㄚ-ㄕˋ	臺中快捷巴士	-5.74707439	names
ㄊㄞˊ-ㄓㄨㄥ-ㄐㄧㄝˊ-ㄩㄣˋ	臺中捷運	-6.60980192	names
ㄊㄞˊ-ㄓㄨㄥ-ㄐㄧㄠ-ㄉㄚˋ	臺中教大	-6.60980192	names
ㄊㄞˊ-ㄓㄨㄥ-ㄐㄧㄠˋ-ㄩˋ-ㄉㄚˋ-ㄒㄩㄝˊ	臺中教育大學	-5.74707539	names
ㄊㄞˊ-ㄓㄨㄥ-ㄎㄜ-ㄉㄚˋ	臺中科大	-6.60980192	names
ㄊㄞˊ-ㄓㄨㄥ-ㄎㄜ-ㄐㄧˋ-ㄉㄚˋ-ㄒㄩㄝˊ	臺中科技大學	-5.74707539	names
ㄊㄞˊ-ㄅㄟˇ-ㄕㄤ-ㄧㄝˋ-ㄉㄚˋ-ㄒㄩㄝˊ	臺北商業大學	-5.74707539	names
ㄊㄞˊ-ㄅㄟˇ-ㄔㄥˊ-ㄕˋ-ㄉㄚˋ-ㄒㄩㄝˊ	臺北城市大學	-5.74707539	names
ㄊㄞˊ-ㄅㄟˇ-ㄔㄥˊ-ㄕˋ-ㄎㄜ-ㄉㄚˋ	臺北城市科大	-5.74707539	names
ㄊㄞˊ-ㄅㄟˇ-ㄔㄥˊ-ㄕˋ-ㄎㄜ-ㄐㄧˋ-ㄉㄚˋ-ㄒㄩㄝˊ	臺北城市科技大學	-5.74707439	names
ㄊㄞˊ-ㄅㄟˇ-ㄨㄞˋ-ㄏㄨㄟˋ	臺北外匯	-6.60980192	names
ㄊㄞˊ-ㄅㄟˇ-ㄕˋ-ㄧㄡˋ-ㄏㄨㄚˊ-ㄍㄠ-ㄓㄨㄥ	臺北市幼華高中	-5.74707439	names
ㄊㄞˊ-ㄅㄟˇ-ㄕˋ-ㄕㄨˋ-ㄨㄟˋ-ㄕˊ-ㄧㄢˋ-ㄍㄠ-ㄓㄨㄥ	臺北市數位實驗高中	-5.74707439	names
ㄊㄞˊ-ㄅㄟˇ-ㄕˋ-ㄒㄧㄣ-ㄇㄧㄣˊ-ㄍㄠ-ㄓㄨㄥ	臺北市新民高中	-5.74707439	names
ㄊㄞˊ-ㄅㄟˇ-ㄕˋ-ㄌㄧˋ-ㄉㄚˋ-ㄒㄩㄝˊ	臺北市立大學	-5.74707439	names
ㄊㄞˊ-ㄅㄟˇ-ㄕˋ-ㄎㄞ-ㄋㄢˊ-ㄍㄠ-ㄓㄨㄥ	臺北市開南高中	-5.74707439	names
ㄊㄞˊ-ㄅㄟˇ-ㄍㄨㄤˇ-ㄅㄛˋ-ㄉㄧㄢˋ-ㄊㄞˊ	臺北廣播電臺	-5.74707439	names
ㄊㄞˊ-ㄅㄟˇ-ㄐㄧㄝˊ-ㄩㄣˋ	臺北捷運	-6.60980192	names
ㄊㄞˊ-ㄅㄟˇ-ㄐㄧㄠˋ-ㄩˋ-ㄉㄚˋ-ㄒㄩㄝˊ	臺北教育大學	-5.74707439	names
ㄊㄞˊ-ㄅㄟˇ-ㄏㄞˇ-ㄧㄤˊ-ㄉㄚˋ-ㄒㄩㄝˊ	臺北海洋大學	-5.74707539	names
ㄊㄞˊ-ㄅㄟˇ-ㄎㄜ-ㄐㄧˋ-ㄉㄚˋ-ㄒㄩㄝˊ	臺北科技大學	-5.74707539	names
ㄊㄞˊ-ㄅㄟˇ-ㄧˋ	臺北藝	-7.04116568	names
ㄊㄞˊ-ㄅㄟˇ-ㄧˋ-ㄉㄚˋ	臺北藝大	-6.60980192	names
ㄊㄞˊ-ㄅㄟˇ-ㄏㄨˋ-ㄉㄚˋ	臺北護大	-6.60980192	names
ㄊㄞˊ-ㄅㄟˇ-ㄏㄨˋ-ㄌㄧˇ-ㄐㄧㄢˋ-ㄎㄤ-ㄉㄚˋ-ㄒㄩㄝˊ	臺北護理健康大學	-5.74707539	names
ㄊㄞˊ-ㄅㄟˇ-ㄋㄨㄥˊ-ㄔㄢˇ-ㄩㄣˋ-ㄒㄧㄠ	臺北農產運銷	-5.74707439	names
ㄊㄞˊ-ㄅㄟˇ-ㄧ-ㄒㄩㄝˊ-ㄉㄚˋ-ㄒㄩㄝˊ	臺北醫學大學	-5.74707439	names
ㄊㄞˊ-ㄋㄢˊ-ㄉㄚˋ-ㄒㄩㄝˊ	臺南大學	-6.60980192	names
ㄊㄞˊ-ㄋㄢˊ-ㄕˋ-ㄓㄨㄥ-ㄒㄧㄣˋ-ㄍㄨㄛˊ-ㄐㄧˋ-ㄍㄠ-ㄓㄨㄥ	臺南市中信國際高中	-5.74707439	names
ㄊㄞˊ-ㄋㄢˊ-ㄕˋ-ㄍㄨㄤ-ㄏㄨㄚˊ-ㄍㄠ-ㄓㄨㄥ	臺南市光華高中	-5.74707439	names
ㄊㄞˊ-ㄋㄢˊ-ㄕˋ-ㄎㄨㄣ-ㄕㄢ-ㄍㄠ-ㄓㄨㄥ	臺南市崑山高中	-5.74707439	names
ㄊㄞˊ-ㄋㄢˊ-ㄎㄜ-ㄐㄧˋ-ㄉㄚˋ-ㄒㄩㄝˊ	臺南科技大學	-5.74707539	names
ㄊㄞˊ-ㄋㄢˊ-ㄧˋ-ㄕㄨˋ-ㄉㄚˋ-ㄒㄩㄝˊ	臺南藝術大學	-5.74707539	names
ㄊㄞˊ-ㄋㄢˊ-ㄏㄨˋ-ㄒㄧㄠˋ	臺南護校	-6.60980192	names
ㄊㄞˊ-ㄉㄨㄥ-ㄉㄚˋ-ㄒㄩㄝˊ	臺東大學	-6.60980292	names
ㄊㄞˊ-ㄉㄨㄥ-ㄓㄨㄢ-ㄒㄧㄠˋ	臺東專校	-6.60980292	names
ㄊㄞˊ-ㄉㄨㄥ-ㄒㄧㄢˋ-ㄐㄩㄣ-ㄧ-ㄍㄠ-ㄓㄨㄥ	臺東縣均一高中	-5.74707439	names
ㄊㄞˊ-ㄉㄨㄥ-ㄍㄠ-ㄓㄨㄥ	臺東高中	-6.60980192	names
ㄊㄞˊ-ㄏㄞˇ-ㄉㄚˋ	臺海大	-7.04116568	names
ㄊㄞˊ-ㄨㄢ-ㄅㄨˊ-ㄉㄨㄥˋ-ㄔㄢˇ-ㄊㄡˊ-ㄗ-ㄒㄧㄣˋ-ㄊㄨㄛ	臺灣不動產投資信託	-5.74707439	names
ㄊㄞˊ-ㄨㄢ-ㄅㄨˋ-ㄉㄨㄥˋ-ㄔㄢˇ-ㄊㄡˊ-ㄗ-ㄒㄧㄣˋ-ㄊㄨㄛ	臺灣不動產投資信託	-6.24707439	names
ㄊㄞˊ-ㄨㄢ-ㄘㄨㄣˊ-ㄊㄨㄛ-ㄆㄧㄥˊ-ㄓㄥˋ	臺灣存託憑證	-5.74707439	names
ㄊㄞˊ-ㄨㄢ-ㄕ-ㄉㄚˋ	臺灣師大	-6.60980292	names
ㄊㄞˊ-ㄨㄢ-ㄒㄧˋ-ㄑㄩˇ-ㄒㄩㄝˊ-ㄩㄢˋ	臺灣戲曲學院	-5.74707539	names
ㄊㄞˊ-ㄨㄢ-ㄏㄞˇ-ㄉㄚˋ	臺灣海大	-6.60980192	names
ㄊㄞˊ-ㄨㄢ-ㄏㄞˇ-ㄧㄤˊ-ㄉㄚˋ-ㄒㄩㄝˊ	臺灣海洋大學	-5.74707539	names
ㄊㄞˊ-ㄨㄢ-ㄔㄢˇ-ㄨˋ-ㄅㄠˇ-ㄒㄧㄢˇ	臺灣產物保險	-5.74707439	names
ㄊㄞˊ-ㄨㄢ-ㄎㄜ-ㄉㄚˋ	臺灣科大	-6.60980292	names
ㄊㄞˊ-ㄨㄢ-ㄧˋ-ㄕㄨˋ-ㄉㄚˋ-ㄒㄩㄝˊ	臺灣藝術大學	-5.74707539	names
ㄊㄞˊ-ㄨㄢ-ㄐㄧㄣ-ㄖㄨㄥˊ-ㄎㄨㄥˋ-ㄍㄨˇ	臺灣金融控股	-5.74707439	names
ㄊㄞˊ-ㄨㄢ-ㄉㄧㄢˋ-ㄕˋ	臺灣電視	-6.60980192	names
ㄊㄞˊ-ㄨㄢ-ㄊㄧˇ-ㄉㄚˋ	臺灣體大	-6.60980292	names
ㄊㄞˊ-ㄨㄢ-ㄊㄧˇ-ㄩˋ-ㄩㄣˋ-ㄉㄨㄥˋ-ㄉㄚˋ-ㄒㄩㄝˊ	臺灣體育運動大學	-5.74707439	names
ㄊㄞˊ-ㄨㄢ-ㄍㄠ-ㄙㄨˋ-ㄊㄧㄝˇ-ㄌㄨˋ-ㄉㄚˋ-ㄕˋ-ㄋㄧㄢˊ-ㄅㄧㄠˇ	臺灣高速鐵路大事年表	-5.74707439	names
ㄊㄞˊ-ㄧˋ	臺藝	-7.17149945	names
ㄊㄞˊ-ㄐㄧㄣ	臺金	-7.17149945	names
ㄊㄞˊ-ㄧㄢˊ-ㄕˊ-ㄧㄝˋ	臺鹽實業	-6.60980192	names
ㄒㄧㄥ-ㄑㄧㄣˊ-ㄉㄧㄢˋ-ㄗˇ	興勤電子	-6.60980192	names
ㄒㄧㄥ-ㄈㄨˋ-ㄈㄚ-ㄐㄧㄢˋ-ㄕㄜˋ	興富發建設	-6.17843815	names
ㄙㄜˋ-ㄎㄨㄥˋ-ㄕㄜˋ-ㄧㄥˇ-ㄍㄨㄥ-ㄗㄨㄛˋ-ㄕˋ	色控攝影工作室	-5.74707439	names
ㄞˋ-ㄇㄨˇ-ㄌㄜˋ-ㄎㄜ-ㄐㄧˋ	艾姆勒科技	-6.17843815	names
ㄞˋ-ㄇㄟˇ-ㄊㄜˋ	艾美特	-7.04116568	names
ㄏㄨㄚ-ㄒㄧㄢ-ㄗˇ-ㄑㄧˋ-ㄧㄝˋ	花仙子企業	-6.17843815	names
ㄏㄨㄚ-ㄍㄨㄥ	花工	-7.17149945	names
ㄏㄨㄚ-ㄌㄧㄢˊ-ㄒㄧㄢˋ-ㄕㄤˋ-ㄊㄥˊ-ㄍㄨㄥ-ㄕㄤ	花蓮縣上騰工商	-5.74707439	names
ㄏㄨㄚ-ㄌㄧㄢˊ-ㄒㄧㄢˋ-ㄌㄧˋ-ㄊㄧˇ-ㄩˋ-ㄍㄠ-ㄓㄨㄥ	花蓮縣立體育高中	-5.74707439	names
ㄏㄨㄚ-ㄌㄧㄢˊ-ㄍㄠ-ㄕㄤ	花蓮高商	-6.60980192	names
ㄈㄤ-ㄓㄣ-ㄕㄨ-ㄕˊ	芳珍蔬食	-6.60980192	names
ㄩㄢˋ-ㄍㄠ	苑高	-7.17149945	names
ㄇㄠˋ-ㄨㄟˊ-ㄡ-ㄇㄞˇ-ㄍㄚˋ	茂為歐買尬	-6.17843815	names
ㄇㄠˋ-ㄉㄧˊ	茂迪	-7.17149945	names
ㄔㄚˊ-ㄉㄜ˙-ㄇㄛˊ-ㄕㄡˇ	茶的魔手	-6.60980192	names
ㄘㄠˇ-ㄊㄨㄣˊ-ㄕㄤ-ㄍㄨㄥ	草屯商工	-6.60980192	names
ㄏㄨㄚˊ-ㄧㄚˇ-ㄎㄜ-ㄐㄧˋ	華亞科技	-6.60980192	names
ㄏㄨㄚˊ-ㄑㄧㄠˊ-ㄍㄠ-ㄓㄨㄥ	華僑高中	-6.60980192	names
ㄏㄨㄚˊ-ㄋㄢˊ-ㄐㄧㄣ-ㄖㄨㄥˊ-ㄎㄨㄥˋ-ㄍㄨˇ	華南金融控股	-5.74707439	names
ㄏㄨㄚˊ-ㄧㄡˇ-ㄌㄧㄢˊ	華友聯	-7.04116568	names
ㄏㄨㄚˊ-ㄍㄨˋ-ㄐㄧㄢˋ-ㄕㄜˋ	華固建設	-6.60980192	names
ㄏㄨㄚˊ-ㄒㄧㄚˋ-ㄎㄜ-ㄉㄚˋ	華夏科大	-6.60980192	names
ㄏㄨㄚˊ-ㄒㄧㄚˋ-ㄎㄜ-ㄐㄧˋ-ㄉㄚˋ-ㄒㄩㄝˊ	華夏科技大學	-5.74707439	names
ㄏㄨㄚˊ-ㄈㄨˊ-ㄎㄜ-ㄐㄧˋ	華孚科技	-6.60980192	names
ㄏㄨㄚˊ-ㄅㄠˇ-ㄊㄨㄥ-ㄒㄩㄣˋ	華寶通訊	-6.60980192	names
ㄏㄨㄚˊ-ㄉㄜˊ-ㄈㄨˊ-ㄉㄚˋ-ㄉㄧˋ-ㄕˊ-ㄧㄢˋ-ㄒㄩㄝˊ-ㄒㄧㄠˋ	華德福大地實驗學校	-5.74707439	names
ㄏㄨㄚˊ-ㄑㄧㄥˊ-ㄎㄜ-ㄐㄧˋ	華擎科技	-6.60980192	names
ㄏㄨㄚˊ-ㄒㄧㄣ-ㄌㄧˋ-ㄏㄨㄚˊ	華新麗華	-6.60980192	names
ㄏㄨㄚˊ-ㄕㄥˋ-ㄉㄨㄣˋ-ㄍㄠ-ㄓㄨㄥ	華盛頓高中	-6.17843815	names
ㄏㄨㄚˊ-ㄧㄢˊ-ㄍㄨㄛˊ-ㄐㄧˋ-ㄧㄣ-ㄩㄝˋ	華研國際音樂	-5.74707439	names
ㄏㄨㄚˊ-ㄌㄧˋ-ㄑㄧˋ-ㄧㄝˋ	華立企業	-6.60980192	names
ㄏㄨㄚˊ-ㄧˋ-ㄍㄨㄛˊ-ㄐㄧˋ	華義國際	-6.60980192	names
ㄏㄨㄚˊ-ㄕㄢˋ-ㄎㄨㄥ-ㄔㄨˊ	華膳空廚	-6.60980192	names
ㄏㄨㄚˊ-ㄌㄧㄥˊ-ㄎㄜ-ㄐㄧˋ	華苓科技	-6.60980192	names
ㄏㄨㄚˊ-ㄈㄥ-ㄒㄧㄤˋ-ㄐㄧㄠ	華豐橡膠	-6.60980192	names
ㄏㄨㄚˊ-ㄅㄤ-ㄉㄧㄢˋ-ㄗˇ	華邦電子	-6.60980192	names
ㄏㄨㄚˊ-ㄌㄨㄥˊ-ㄈㄤˇ-ㄓ	華隆紡織	-6.60980192	names
ㄨㄢˋ-ㄍㄨㄛˊ-ㄊㄨㄥ-ㄌㄨˋ	萬國通路	-6.60980192	names
ㄨㄢˋ-ㄏㄞˇ-ㄏㄤˊ-ㄩㄣˋ	萬海航運	-6.60980192	names
ㄨㄢˋ-ㄋㄥˊ-ㄎㄜ-ㄉㄚˋ	萬能科大	-6.60980192	names
ㄨㄢˋ-ㄋㄥˊ-ㄎㄜ-ㄐㄧˋ-ㄉㄚˋ-ㄒㄩㄝˊ	萬能科技大學	-5.74707439	names
ㄨㄢˋ-ㄈㄤ-ㄍㄠ-ㄓㄨㄥ	萬芳高中	-6.60980192	names
ㄧㄝˋ-ㄌㄨˋ-ㄓ	葉露芝	-7.04116568	names
ㄆㄨˊ-ㄊㄠˊ-ㄨㄤˊ-ㄕㄥ-ㄐㄧˋ	葡萄王生技	-6.17843815	names
ㄇㄥˊ-ㄊㄧㄢˊ-ㄎㄜ-ㄐㄧˋ	蒙恬科技	-6.60980192	names
ㄨㄟˊ-ㄍㄜˊ-ㄍㄠ-ㄓㄨㄥ	薇閣高中	-6.60980192	names
ㄒㄩㄝ-ㄔㄤˊ-ㄒㄧㄥ	薛長興	-7.04116568	names
ㄉㄧㄥˇ-ㄔㄚˊ	薡茶	-7.17149945	names
ㄙㄚˋ-ㄉㄜˊ-ㄦˇ-ㄑㄧˋ-ㄧㄝˋ	薩得爾企業	-6.17843815	names
ㄌㄢˊ-ㄊㄧㄢ-ㄉㄧㄢˋ-ㄋㄠˇ	藍天電腦	-6.60980192	names
ㄌㄢˊ-ㄋㄩˇ	蘭女	-7.17149945	names
ㄌㄢˊ-ㄧㄤˊ-ㄋㄩˇ-ㄓㄨㄥ	蘭陽女中	-6.60980192	names
ㄌㄢˊ-ㄍㄠ	蘭高	-7.17149945	names
ㄏㄨˇ-ㄓㄨㄥ	虎中	-7.17149945	names
ㄏㄨˇ-ㄨㄟˇ-ㄎㄜ-ㄐㄧˋ-ㄉㄚˋ-ㄒㄩㄝˊ	虎尾科技大學	-5.74707439	names
ㄏㄨˇ-ㄨㄟˇ-ㄍㄠ-ㄓㄨㄥ	虎尾高中	-6.60980192	names
ㄏㄨˇ-ㄍㄠ	虎高	-7.17149945	names
ㄏㄨㄥˊ-ㄍㄨㄤ-ㄐㄧㄥ-ㄇㄧˋ-ㄍㄨㄥ-ㄧㄝˋ	虹光精密工業	-5.74707439	names
ㄈㄥ-ㄒㄧㄥˊ-ㄗ-ㄅㄣˇ	蜂行資本	-6.60980192	names
ㄒㄧㄚ-ㄆㄧˊ-ㄉㄧㄢˋ-ㄉㄠˋ-ㄉㄧㄢˋ	蝦皮店到店	-6.17843815	names
ㄒㄧㄚ-ㄆㄧˊ-ㄍㄡˋ-ㄨˋ	蝦皮購物	-6.60980192	names
ㄖㄨㄥˊ-ㄔㄥˊ-ㄉㄧㄢˋ-ㄒㄩㄣˋ	融程電訊	-6.60980192	names
ㄩˋ-ㄩㄢˊ	裕元	-7.17149945	names
ㄩˋ-ㄖㄨㄥˊ-ㄑㄧˋ-ㄧㄝˋ	裕融企業	-6.60980192	names
ㄩˋ-ㄌㄨㄥˊ-ㄑㄧˋ-ㄔㄜ	裕隆汽車	-6.60980192	names
ㄒㄧ-ㄊㄧˊ-ㄋㄧㄡˊ-ㄆㄞˊ	西堤牛排	-6.60980192	names
ㄒㄧ-ㄩㄢˋ-ㄍㄠ-ㄓㄨㄥ	西苑高中	-6.60980192	names
ㄒㄧ-ㄌㄨㄛˊ-ㄋㄨㄥˊ-ㄍㄨㄥ	西螺農工	-6.60980192	names
ㄒㄧ-ㄧㄚˇ-ㄊㄨˊ-ㄐㄧˊ-ㄆㄧㄣˇ-ㄎㄚ-ㄈㄟ	西雅圖極品咖啡	-5.74707439	names
ㄒㄩㄣˋ-ㄓㄡ-ㄎㄜ-ㄐㄧˋ	訊舟科技	-6.60980192	names
ㄕ-ㄎㄣˇ	詩肯	-7.17149945	names
ㄈㄥ-ㄩㄢˊ-ㄍㄠ-ㄓㄨㄥ	豐原高中	-6.60980192	names
ㄈㄥ-ㄊㄞˋ-ㄑㄧˋ-ㄧㄝˋ	豐泰企業	-6.60980192	names
ㄈㄥ-ㄑㄩㄣˊ-ㄑㄧˋ-ㄧㄝˋ	豐群企業	-6.60980192	names
ㄅㄟˋ-ㄌㄜˋ-ㄙ-ㄍㄨㄛˊ-ㄐㄧˋ	貝勒斯國際	-6.17843815	names
ㄘㄞˊ-ㄊㄨㄢˊ-ㄈㄚˇ-ㄖㄣˊ-ㄍㄨㄤ-ㄏㄨㄚˊ-ㄍㄠ-ㄍㄨㄥ	財團法人光華高工	-5.74707439	names
ㄘㄞˊ-ㄊㄨㄢˊ-ㄈㄚˇ-ㄖㄣˊ-ㄆㄧㄥˊ-ㄖㄨㄥˊ-ㄍㄠ-ㄓㄨㄥ	財團法人屏榮高中	-5.74707439	names
ㄘㄞˊ-ㄊㄨㄢˊ-ㄈㄚˇ-ㄖㄣˊ-ㄔㄤˊ-ㄔㄨㄣ-ㄊㄥˊ-ㄍㄠ-ㄓㄨㄥ	財團法人常春藤高中	-5.74707439	names
ㄘㄞˊ-ㄊㄨㄢˊ-ㄈㄚˇ-ㄖㄣˊ-ㄏㄥˊ-ㄧˋ-ㄍㄠ-ㄓㄨㄥ	財團法人恆毅高中	-5.74707439	names
ㄘㄞˊ-ㄊㄨㄢˊ-ㄈㄚˇ-ㄖㄣˊ-ㄘˊ-ㄐㄧˋ-ㄉㄚˋ-ㄒㄩㄝˊ-ㄈㄨˋ-ㄓㄨㄥ	財團法人慈濟大學附中	-5.74707439	names
ㄘㄞˊ-ㄊㄨㄢˊ-ㄈㄚˇ-ㄖㄣˊ-ㄘˊ-ㄐㄧˋ-ㄍㄠ-ㄓㄨㄥ	財團法人慈濟高中	-5.74707439	names
ㄘㄞˊ-ㄊㄨㄢˊ-ㄈㄚˇ-ㄖㄣˊ-ㄒㄧㄣ-ㄍㄨㄤ-ㄍㄠ-ㄓㄨㄥ	財團法人新光高中	-5.74707439	names
ㄘㄞˊ-ㄊㄨㄢˊ-ㄈㄚˇ-ㄖㄣˊ-ㄆㄨˇ-ㄇㄣˊ-ㄓㄨㄥ-ㄒㄩㄝˊ	財團法人普門中學	-5.74707439	names
ㄘㄞˊ-ㄊㄨㄢˊ-ㄈㄚˇ-ㄖㄣˊ-ㄓㄥˋ-ㄉㄜˊ-ㄍㄠ-ㄓㄨㄥ	財團法人正德高中	-5.74707439	names
ㄘㄞˊ-ㄊㄨㄢˊ-ㄈㄚˇ-ㄖㄣˊ-ㄕㄥˋ-ㄍㄨㄥ-ㄋㄩˇ-ㄓㄨㄥ	財團法人聖功女中	-5.74707439	names
ㄘㄞˊ-ㄊㄨㄢˊ-ㄈㄚˇ-ㄖㄣˊ-ㄘˊ-ㄒㄧㄡ-ㄍㄠ-ㄓㄨㄥ	財團法人辭修高中	-5.74707439	names
ㄗ-ㄊㄨㄥ-ㄉㄧㄢˋ-ㄋㄠˇ	資通電腦	-6.60980192	names
ㄍㄡˋ-ㄨˋ-ㄐㄩˊ-ㄗ˙	購物橘子	-6.60980192	names
ㄔˋ-ㄍㄨㄟˇ-ㄋㄧㄡˊ-ㄆㄞˊ	赤鬼牛排	-6.60980192	names
ㄩㄝˋ-ㄋㄢˊ-ㄓˋ-ㄗㄠˋ-ㄐㄧㄚ-ㄍㄨㄥ-ㄔㄨ-ㄎㄡˇ	越南製造加工出口	-5.74707439	names
ㄈㄨˇ-ㄒㄧㄣˋ-ㄎㄜ-ㄐㄧˋ	輔信科技	-6.60980192	names
ㄈㄨˇ-ㄉㄚˋ-ㄕㄥˋ-ㄓㄨㄥ	輔大聖中	-6.60980192	names
ㄈㄨˇ-ㄉㄚˋ-ㄕㄥˋ-ㄒㄧㄣ	輔大聖心	-6.60980192	names
ㄈㄨˇ-ㄉㄚˋ-ㄕㄥˋ-ㄒㄧㄣ-ㄍㄠ-ㄓㄨㄥ	輔大聖心高中	-5.74707439	names
ㄈㄨˇ-ㄧㄥ-ㄎㄜ-ㄉㄚˋ	輔英科大	-6.60980192	names
ㄈㄨˇ-ㄧㄥ-ㄎㄜ-ㄐㄧˋ-ㄉㄚˋ-ㄒㄩㄝˊ	輔英科技大學	-5.74707439	names
ㄧㄥˊ-ㄍㄨㄤˇ-ㄎㄜ-ㄐㄧˋ	迎廣科技	-6.60980192	names
ㄈㄥˊ-ㄉㄚˋ	逢大	-7.17149945	names
ㄌㄧㄢˊ-ㄐㄧㄚ-ㄨㄤˇ-ㄌㄨˋ-ㄕㄤ-ㄧㄝˋ	連加網路商業	-5.74707439	names
ㄧㄡˊ-ㄒㄧˋ-ㄐㄩˊ-ㄗ˙	遊戲橘子	-6.60980192	names
ㄉㄚˊ-ㄒㄧㄣ-ㄍㄨㄥ-ㄔㄥˊ	達欣工程	-6.60980192	names
ㄉㄚˊ-ㄉㄚˊ-ㄑㄧˋ-ㄧㄝˋ	達達企業	-6.60980192	names
ㄉㄚˊ-ㄌㄧˋ-ㄐㄧㄢˋ-ㄕㄜˋ	達麗建設	-6.60980192	names
ㄩㄢˇ-ㄔㄨㄢˊ-ㄉㄧㄢˋ-ㄒㄧㄣˋ	遠傳電信	-6.60980192	names
ㄩㄢˇ-ㄉㄨㄥ-ㄒㄧㄣ-ㄕˋ-ㄐㄧˋ	遠東新世紀	-6.17843815	names
ㄩㄢˇ-ㄉㄨㄥ-ㄅㄞˇ-ㄏㄨㄛˋ	遠東百貨	-6.60980192	names
ㄩㄢˇ-ㄒㄩㄥˊ	遠雄	-7.17149945	names
ㄩㄢˇ-ㄒㄩㄥˊ-ㄩㄝˋ-ㄌㄞˊ-ㄉㄚˋ-ㄈㄢˋ-ㄉㄧㄢˋ	遠雄悅來大飯店	-5.74707439	names
ㄒㄧㄤ-ㄌㄧㄣˊ-ㄐㄧㄢˋ-ㄕㄜˋ	鄉林建設	-6.60980192	names
ㄒㄧㄤ-ㄇㄧㄣˊ-ㄐㄧㄣ-ㄖㄨㄥˊ-ㄎㄜ-ㄐㄧˋ	鄉民金融科技	-5.74707439	names
ㄎㄨˋ-ㄆㄥˊ	酷澎	-7.17149945	names
ㄒㄧㄥˇ-ㄨˊ-ㄎㄜ-ㄉㄚˋ	醒吾科大	-6.60980192	names
ㄒㄧㄥˇ-ㄨˊ-ㄎㄜ-ㄐㄧˋ-ㄉㄚˋ-ㄒㄩㄝˊ	醒吾科技大學	-5.74707439	names
ㄌㄧˇ-ㄖㄣˊ	里仁	-7.17149945	names
ㄐㄧㄣ-ㄅㄠˇ-ㄉㄧㄢˋ-ㄗˇ	金寶電子	-6.60980192	names
ㄐㄧㄣ-ㄧˋ-ㄏㄜˊ-ㄏㄤˊ	金義合行	-6.60980192	names
ㄐㄧㄣ-ㄇㄣˊ-ㄐㄧㄡˇ-ㄔㄤˇ	金門酒廠	-6.60980192	names
ㄐㄧㄣ-ㄉㄧㄥˇ-ㄗㄨㄥˋ-ㄏㄜˊ-ㄓㄥˋ-ㄑㄩㄢˋ	金鼎綜合證券	-5.74707439	names
ㄒㄧㄣ-ㄒㄧㄤˋ-ㄉㄧㄢˋ-ㄗˇ	鈊象電子	-6.60980192	names
ㄧㄣˊ-ㄐㄧㄢˋ-ㄔㄨㄥ-ㄧㄣˋ	銀箭沖印	-6.60980192	names
ㄌㄞˊ-ㄉㄜˊ	錸德	-7.17149945	names
ㄌㄞˊ-ㄉㄜˊ-ㄎㄜ-ㄐㄧˋ	錸德科技	-6.60980192	names
ㄔㄤˊ-ㄐㄧㄚ-ㄐㄧ-ㄉㄧㄢˋ-ㄍㄨㄥ-ㄔㄥˊ	長佳機電工程	-5.74707439	names
ㄔㄤˊ-ㄍㄥ-ㄎㄜ-ㄉㄚˋ	長庚科大	-6.60980192	names
ㄔㄤˊ-ㄖㄨㄥˊ-ㄍㄨㄛˊ-ㄐㄧˋ-ㄔㄨˊ-ㄩㄣˋ	長榮國際儲運	-5.74707439	names
ㄔㄤˊ-ㄖㄨㄥˊ-ㄍㄨㄛˊ-ㄐㄧˋ-ㄌㄧㄢˊ-ㄙㄨㄛˇ-ㄐㄧㄡˇ-ㄉㄧㄢˋ	長榮國際連鎖酒店	-5.74707439	names
ㄔㄤˊ-ㄖㄨㄥˊ-ㄉㄚˋ-ㄒㄩㄝˊ	長榮大學	-6.60980192	names
ㄔㄤˊ-ㄖㄨㄥˊ-ㄏㄞˇ-ㄩㄣˋ	長榮海運	-6.60980192	names
ㄔㄤˊ-ㄖㄨㄥˊ-ㄎㄨㄥ-ㄔㄨˊ	長榮空廚	-6.60980192	names
ㄔㄤˊ-ㄖㄨㄥˊ-ㄏㄤˊ-ㄎㄨㄥ	長榮航空	-6.60980192	names
ㄔㄤˊ-ㄑㄧㄥ-ㄌㄧㄢˊ-ㄙㄨㄛˇ-ㄧㄠˋ-ㄐㄩˊ	長青連鎖藥局	-5.74707439	names
ㄎㄞ-ㄋㄢˊ-ㄉㄚˋ-ㄒㄩㄝˊ	開南大學	-6.60980192	names
ㄍㄨㄢ-ㄒㄧ-ㄍㄠ-ㄓㄨㄥ	關西高中	-6.60980192	names
ㄍㄨㄢ-ㄍㄠ	關高	-7.17149945	names
ㄚ-ㄍㄨㄢ-ㄍㄨㄛˊ-ㄐㄧˋ-ㄘㄢ-ㄧㄣˇ	阿官國際餐飲	-5.74707439	names
ㄚ-ㄕㄡˋ-ㄆㄧˊ-ㄒㄧㄝˊ	阿瘦皮鞋	-6.60980192	names
ㄈㄨˋ-ㄍㄨㄥ	附工	-7.17149945	names
ㄕㄥ-ㄐㄧˋ-ㄉㄧㄢˋ-ㄋㄠˇ	陞技電腦	-6.60980192	names
ㄕㄥ-ㄊㄞˋ-ㄎㄜ-ㄐㄧˋ	陞泰科技	-6.60980192	names
ㄧㄤˊ-ㄍㄨㄤ-ㄋㄥˊ-ㄩㄢˊ	陽光能源	-6.60980192	names
ㄧㄤˊ-ㄇㄧㄥˊ-ㄐㄧㄠ-ㄉㄚˋ	陽明交大	-6.60980192	names
ㄧㄤˊ-ㄇㄧㄥˊ-ㄐㄧㄠ-ㄉㄚˋ-ㄈㄨˋ-ㄓㄨㄥ	陽明交大附中	-5.74707439	names
ㄧㄤˊ-ㄇㄧㄥˊ-ㄐㄧㄠ-ㄊㄨㄥ-ㄉㄚˋ-ㄒㄩㄝˊ	陽明交通大學	-5.74707439	names
ㄧㄤˊ-ㄇㄧㄥˊ-ㄏㄞˇ-ㄩㄣˋ	陽明海運	-6.60980192	names
ㄌㄨㄥˊ-ㄔㄥˊ-ㄐㄧㄣ-ㄖㄨㄥˊ	隆成金融	-6.60980192	names
ㄌㄨㄥˊ-ㄇㄟˇ-ㄔㄨㄤ-ㄌㄧㄢˊ	隆美窗簾	-6.60980192	names
ㄒㄩㄥˊ-ㄕ-ㄌㄩˇ-ㄒㄧㄥˊ-ㄕㄜˋ	雄獅旅行社	-6.17843815	names
ㄐㄧˊ-ㄕㄥˋ	集盛	-7.17149945	names
ㄩㄣˊ-ㄌㄤˇ-ㄍㄨㄢ-ㄍㄨㄤ	雲朗觀光	-6.60980192	names
ㄩㄣˊ-ㄌㄧㄣˊ-ㄎㄜ-ㄉㄚˋ	雲林科大	-6.60980192	names
ㄌㄟˊ-ㄉㄧˊ-ㄎㄜˋ-ㄍㄨㄤ-ㄒㄩㄝˊ	雷笛克光學	-6.17843815	names
ㄌㄟˊ-ㄏㄨˇ-ㄎㄜ-ㄐㄧˋ	雷虎科技	-6.60980192	names
ㄌㄧㄣˊ-ㄩㄢˊ	霖園	-7.17149945	names
ㄆㄧ-ㄌㄧˋ-ㄍㄨㄛˊ-ㄐㄧˋ-ㄉㄨㄛ-ㄇㄟˊ-ㄊㄧˇ	霹靂國際多媒體	-5.74707439	names
ㄑㄧㄥ-ㄋㄧㄢˊ-ㄍㄠ-ㄓㄨㄥ	青年高中	-6.60980192	names
ㄑㄧㄥ-ㄩㄣˊ-ㄍㄨㄛˊ-ㄐㄧˋ-ㄎㄜ-ㄐㄧˋ	青雲國際科技	-5.74707439	names
ㄐㄧㄥˋ-ㄉㄚˋ	靜大	-7.17149945	names
ㄈㄟ-ㄔㄤˊ-ㄊㄞˋ-ㄍㄞˋ-ㄋㄧㄢˋ-ㄘㄢ-ㄈㄤ	非常泰概念餐坊	-5.74707439	names
ㄕㄨㄣˋ-ㄔㄥˊ-ㄉㄢˋ-ㄍㄠ	順成蛋糕	-6.60980192	names
ㄑㄧˊ-ㄅㄤ-ㄎㄜ-ㄐㄧˋ	頎邦科技	-6.60980192	names
ㄕˊ-ㄑㄧˊ-ㄐㄧㄚ	食其家	-7.04116568	names
ㄒㄧㄤˇ-ㄕˊ-ㄊㄧㄢ-ㄊㄤˊ	饗食天堂	-6.60980192	names
ㄕㄡˇ-ㄊㄞˋ-ㄐㄧㄢˋ-ㄕㄜˋ	首泰建設	-6.60980192	names
ㄇㄚˇ-ㄐㄧㄝ-ㄏㄨˋ-ㄌㄧˇ-ㄓㄨㄢ-ㄎㄜ-ㄒㄩㄝˊ-ㄒㄧㄠˋ	馬偕護理專科學校	-5.74707439	names
ㄇㄚˇ-ㄐㄧㄝ-ㄧ-ㄒㄩㄝˊ-ㄉㄚˋ-ㄒㄩㄝˊ	馬偕醫學大學	-5.74707439	names
ㄇㄚˇ-ㄐㄧㄝ-ㄧ-ㄏㄨˋ-ㄍㄨㄢˇ-ㄌㄧˇ-ㄓㄨㄢ-ㄎㄜ-ㄒㄩㄝˊ-ㄒㄧㄠˋ	馬偕醫護管理專科學校	-5.74707439	names
ㄇㄚˇ-ㄎㄜˇ-ㄒㄧㄢ-ㄕㄥ	馬可先生	-6.60980192	names
ㄇㄚˇ-ㄗㄨˇ-ㄐㄧㄡˇ-ㄔㄤˇ	馬祖酒廠	-6.60980192	names
ㄊㄥˊ-ㄩㄣˊ-ㄎㄜ-ㄐㄧˋ	騰雲科技	-6.60980192	names
ㄍㄠ-ㄉㄨㄢ-ㄧˋ-ㄇㄧㄠˊ-ㄕㄥ-ㄨˋ-ㄓˋ-ㄐㄧˋ	高端疫苗生物製劑	-5.74707439	names
ㄍㄠ-ㄒㄩㄥˊ-ㄕˋ-ㄌㄨㄣˊ-ㄔㄨㄢˊ	高雄市輪船	-6.17843815	names
ㄍㄠ-ㄒㄩㄥˊ-ㄕ-ㄉㄚˋ	高雄師大	-6.60980192	names
ㄍㄠ-ㄒㄩㄥˊ-ㄍㄨㄤˇ-ㄅㄛˋ-ㄉㄧㄢˋ-ㄊㄞˊ	高雄廣播電臺	-5.74707439	names
ㄍㄠ-ㄒㄩㄥˊ-ㄐㄧㄝˊ-ㄩㄣˋ	高雄捷運	-6.60980192	names
ㄍㄠ-ㄒㄩㄥˊ-ㄎㄜ-ㄉㄚˋ	高雄科大	-6.60980192	names
ㄍㄠ-ㄒㄩㄥˊ-ㄎㄜ-ㄐㄧˋ-ㄉㄚˋ-ㄒㄩㄝˊ	高雄科技大學	-5.74707439	names
ㄍㄠ-ㄒㄩㄥˊ-ㄧ-ㄉㄚˋ	高雄醫大	-6.60980192	names
ㄍㄠ-ㄒㄩㄥˊ-ㄘㄢ-ㄌㄩˇ-ㄉㄚˋ-ㄒㄩㄝˊ	高雄餐旅大學	-5.74707439	names
ㄩˊ-ㄓㄨㄥ-ㄩˊ	魚中魚	-7.04116568	names
ㄒㄧㄢ-ㄔㄚˊ-ㄉㄠˋ	鮮茶道	-7.04116568	names
ㄈㄥˋ-ㄏㄨㄤˊ-ㄌㄩˇ-ㄧㄡˊ	鳳凰旅遊	-6.60980192	names
ㄈㄥˋ-ㄕㄤ	鳳商	-7.17149945	names
ㄈㄥˋ-ㄕㄢ-ㄕㄤ-ㄍㄨㄥ	鳳山商工	-6.60980192	names
ㄏㄨㄥˊ-ㄏㄞˇ-ㄎㄜ-ㄐㄧˋ	鴻海科技	-6.60980192	names
ㄏㄨㄥˊ-ㄏㄞˇ-ㄐㄧㄥ-ㄇㄧˋ	鴻海精密	-6.60980192	names
ㄏㄨㄥˊ-ㄏㄨㄚˊ-ㄒㄧㄢ-ㄐㄧㄣˋ-ㄎㄜ-ㄐㄧˋ	鴻華先進科技	-5.74707439	names
ㄏㄜˋ-ㄔㄚˊ-ㄌㄡˊ	鶴茶樓	-7.04116568	names
ㄌㄧˋ-ㄧㄥ-ㄈㄤˊ	麗嬰房	-7.04116568	names
ㄌㄧˋ-ㄊㄞˊ-ㄎㄜ-ㄐㄧˋ	麗臺科技	-6.60980192	names
ㄏㄨㄤˊ-ㄐㄧㄣ-ㄊㄡˊ-ㄗ	黃金投資	-6.60980192	names
ㄌㄧˊ-ㄇㄧㄥˊ-ㄐㄧˋ-ㄕㄨˋ-ㄒㄩㄝˊ-ㄩㄢˋ	黎明技術學院	-5.74707439	names
ㄉㄧㄥˇ-ㄒㄧㄣ-ㄕㄨˋ-ㄓˋ	鼎新數智	-6.60980192	names
ㄉㄧㄥˇ-ㄨㄤˊ-ㄘㄢ-ㄧㄣˇ	鼎王餐飲	-6.60980192	names
ㄌㄨㄥˊ-ㄉㄜˊ-ㄐㄧㄚ-ㄕㄤ	龍德家商	-6.60980192	names
ㄌㄨㄥˊ-ㄏㄨㄚˊ-ㄎㄜ-ㄐㄧˋ-ㄉㄚˋ-ㄒㄩㄝˊ	龍華科技大學	-5.74707439	names
ㄌㄨㄥˊ-ㄅㄤ	龍邦	-7.17149945	names
ㄍㄨㄟ-ㄐㄧˋ-ㄇㄧㄥˊ-ㄆㄧㄣˇ	龜記茗品	-6.60980192	names
