word	jev_score
公視	0.860
公式	1.400
公事	1.130
攻勢	0.860
那邊	2.860
納編	0.710
其中	1.870
期中	1.360
常常	3.080
嚐嚐	2.080
權力	1.370
權利	1.670
程式	1.260
城市	2.140
部署	1.200
部屬	1.140
意義	1.530
異議	1.380
精力	1.440
經歷	1.630
反映	1.630
反應	1.510
特意	1.200
特異	1.170
仙人	1.300
先人	1.150
寓言	1.070
預言	1.220
樂聲	1.580
躍升	1.510
試用	1.430
是用	1.350
適用	1.390
醫科	1.210
一顆	1.310
一棵	1.280
全力	1.380
到家	1.330
道家	1.370
地獄	1.380
地域	1.500
搬上	1.410
班上	1.470
小聲	1.360
小生	1.400
畫下	1.340
劃下	1.420
捷徑	1.350
潔淨	1.330
原定	1.350
原訂	1.090
一只	1.750
意旨	0.590
到期	1.710
道奇	0.660
如其	0.920
如期	1.850
不復	0.900
不負	1.210
一動	1.600
一棟	1.650
一手	1.980
一首	1.400
監事	0.790
監視	0.820
不變	1.480
不便	1.000
漁人	0.970
愚人	0.810
愛之	0.950
愛知	1.110
訂出	1.160
定出	1.040
原意	1.000
園藝	1.000
進用	1.060
禁用	1.070
在運	0.970
載運	0.990
會晤	1.040
會務	1.020
公用	1.000
功用	1.040
議程	1.180
譯成	1.150
一成	1.200
無線	1.280
無限	1.230
出事	1.230
出世	1.200
一代	1.100
一帶	1.190
分子	1.350
份子	1.310
廢止	1.320
廢紙	1.280
處女座	1.280
處女作	1.240
一道	1.350
一到	1.210
大便	1.700
大變	1.370
蒸汽	1.080
蒸氣	0.680
座落	0.990
坐落	1.100
現今	1.740
現金	1.830
獻金	0.640
一集	1.350
一級	1.330
胃腸	0.990
未嘗	0.980
揭示	1.000
皆是	1.280
盡量	1.820
儘量	1.540
任性	1.500
韌性	1.270
佈告	1.140
布告	1.180
個個	1.660
各個	1.310
大觀	1.250
大關	1.220
琳瑯滿目	1.140
琳琅滿目	1.040
戰績	1.260
戰機	1.560
大四	1.620
大肆	1.610
唸書	1.670
念書	1.510
釋憲	1.520
視線	1.650
作法	1.670
做法	1.540
美人	1.380
每人	1.440
鮮豔	1.630
鮮艷	1.400
單向	1.170
單項	1.070
之夜	0.960
枝葉	1.110
以其	1.120
以期	1.030
印地安	0.960
印第安	0.880
違憲	0.810
為限	0.880
番茄	2.230
蕃茄	1.710
企管	0.940
氣管	1.070
實有	1.100
時有	1.680
接到	2.160
街道	1.720
玩玩	2.210
萬萬	1.380
法制	1.050
法治	1.090
天候	1.310
天后	1.350
天後	0.940
佛洛依德	1.320
佛洛伊德	1.330
情意	1.680
情誼	1.590
豈不	1.890
起步	1.560
淘氣	1.480
陶器	1.540
利於	1.490
立於	1.370
畫一	1.340
劃一	1.570
擺出	1.530
百出	1.540
享用	1.490
想用	1.400
鄭重	1.430
正中	1.370
學士	1.450
學識	1.310
服氣	1.420
福氣	1.350
本市	1.370
本是	1.410
本事	1.350
有位	1.380
有味	1.360
為生	1.330
維生	1.390
微生	1.420
有道	1.390
有到	1.330
凸顯	1.420
突顯	1.310
生技	0.790
生計	1.130
弱勢	1.250
若是	2.170
圖形	1.650
徒刑	0.880
戰士	1.310
戰事	0.830
毅然	1.040
亦然	1.160
街上	1.990
接上	1.480
疑慮	2.030
一律	1.400
北一	0.820
北醫	1.270
醫生	2.140
一生	1.870
一聲	1.840
大園	1.430
大圓	1.080
童工	1.180
同工	1.260
歷時	1.200
立時	1.330
中原	1.550
中元	1.580
遊記	1.400
郵寄	1.560
無須	1.560
無需	1.610
無常	1.560
無償	1.560
電源	1.650
店員	1.630
一想	1.770
意想	1.830
年終	1.790
年中	1.830
看中	1.770
看重	1.740
就近	1.720
就進	1.560
零食	1.450
零時	1.700
這隻	1.520
這支	1.540
亦即	1.380
食道	1.420
實到	1.290
供電	0.920
宮殿	0.850
中時	0.470
忠實	2.060
王宮	0.790
王公	0.620
連載	0.930
連在	1.870
高麗	0.590
高利	0.370
既不	1.450
記不	1.530
鄉間	1.240
相間	1.160
長城	0.960
長程	0.770
遇見	1.270
預見	1.330
佈告欄	1.130
布告欄	1.120
僅僅	1.600
緊緊	1.520
悄悄的	1.430
悄悄地	1.400
寄出	1.180
祭出	1.330
中立	1.360
中壢	1.470
沈重	1.420
沉重	1.270
沉思	1.240
沈思	1.250
突顯出	1.190
凸顯出	1.220
沉默	1.120
沈默	1.170
石化	1.180
實話	1.250
極具	1.180
急遽	1.240
注定	1.280
註定	1.220
易於	1.230
異於	1.180
液晶	1.220
業經	1.270
嘻嘻	1.260
西西	1.240
深厚	1.210
身後	1.330
局限於	0.830
侷限於	1.270
平和	1.800
評核	0.910
進程	1.200
進城	1.700
一戰	0.850
一站	0.950
白癡	1.810
白痴	1.950
西式	1.220
稀釋	1.230
徵召	0.920
徵兆	1.000
師傅	1.520
師父	1.080
不已	1.490
不以	1.460
結實	1.280
結石	2.030
稍候	2.460
稍後	2.020
又在	1.210
又再	1.150
大成	1.220
大城	1.260
生殖	1.380
升值	1.400
問到	1.480
問道	1.580
答復	1.350
答覆	1.350
出擊	1.310
初級	1.640
射線	1.350
設限	1.660
界線	1.520
界限	1.720
小的	1.510
曉得	1.550
熱衷	1.380
熱中	1.370
正直	1.430
正值	1.340
議員	1.370
億元	1.390
一元	1.430
一員	1.460
既有	1.420
計有	1.430
聖地	0.830
勝地	1.220
園地	0.940
原地	1.120
管絃樂團	0.710
管弦樂團	0.850
可謂	1.250
可為	1.170
十塊	1.790
石塊	1.400
例行	1.050
力行	1.280
帶進	1.560
殆盡	0.920
登陸	1.350
登錄	1.580
櫃台	1.640
櫃檯	1.410
一碗	1.760
一晚	1.850
記事	1.650
既是	1.830
心安	1.830
新安	1.670
長到	1.720
漲到	1.670
看的	1.810
看得	1.640
飛利浦	1.630
菲利普	1.580
多餘	1.650
多於	1.650
中日	1.770
終日	1.670
一項	1.730
一向	1.590
在審	1.720
再審	1.540
心智	1.570
新制	1.480
尖石	1.700
堅實	1.580
他是	1.650
它是	1.480
她是	1.630
移到	1.550
讀物	1.660
毒物	1.600
亦有	1.620
一有	1.430
一遍	2.270
一變	0.450
不屑	2.170
不懈	1.650
忠義	0.700
中譯	0.630
詬病	1.060
購併	0.710
治病	1.300
致病	0.840
不致於	1.590
不至於	1.560
行使	1.360
行駛	1.480
知識分子	1.360
知識份子	1.720
再說	2.330
在說	2.210
財源	1.410
裁員	1.210
印地安人	1.300
印第安人	1.470
做成	1.490
作成	1.430
一世	1.460
一是	1.530
一事	1.600
醫事	1.600
精彩	1.420
精采	1.260
一步	1.270
一部	1.330
一不	1.370
有性	1.300
有幸	1.310
富裕	1.310
復育	1.400
計時	1.290
紀實	1.270
陶藝	1.250
逃逸	1.240
做做	1.230
做作	1.240
分歧	1.210
分期	1.230
時時	1.220
十時	1.250
實實	1.230
雇用	1.300
僱用	1.160
回復	2.020
回覆	2.790
依附	1.180
一副	1.640
不斷的	2.400
不斷地	2.240
數目	1.820
樹木	1.940
畫上	1.350
劃上	1.220
終生	1.260
鐘聲	1.000
螺絲	0.830
羅斯	0.790
步伐	1.440
部發	1.160
激動	1.670
機動	1.480
戰力	0.790
站立	1.280
糊裡糊塗	1.720
糊里糊塗	1.520
銷聲匿跡	1.220
消聲匿跡	1.090
安份守己	1.360
安分守己	1.410
發布	1.450
發佈	1.390
源源	1.410
圓圓	1.400
公益	1.230
工藝	1.400
公義	1.260
一心	1.200
一新	1.080
有情	1.260
友情	1.170
振動	1.060
震動	0.950
民視	0.940
民事	1.220
蜻蜓	1.350
清廷	1.230
開眼	1.140
開演	1.230
初中	1.040
初衷	1.190
交集	1.160
焦急	1.310
瑪利亞	1.230
瑪麗亞	1.660
分布	1.200
分佈	0.950
分部	0.850
元首	0.640
援手	1.470
募集	0.960
目擊	1.230
意志	2.000
抑制	1.630
益智	1.320
吸菸	1.700
吸煙	1.380
琉璃	0.770
流離	1.010
散步	2.130
散布	1.760
散佈	1.510
有加	1.690
有家	1.510
佈置	1.450
布置	1.530
毅力	1.550
屹立	1.500
交道	1.450
交到	1.450
無意	1.400
無異	1.310
伸手	1.280
身手	1.430
一季	1.300
一技	1.450
時速	1.430
食宿	1.470
紳士	1.410
身世	1.500
員林	1.700
園林	1.710
儀式	1.720
巨額	1.780
鉅額	1.810
怵目驚心	1.700
觸目驚心	1.850
鵝鑾鼻	1.880
鵝鸞鼻	1.810
升為	1.920
生為	1.870
做夢	1.890
作夢	1.910
大夥	1.740
大火	1.760
悠悠	1.520
幽幽	1.190
不乏	1.120
報復	1.630
抱負	1.510
精英	1.480
菁英	0.960
回想	2.210
迴響	1.520
回響	1.640
室內	1.630
市內	1.230
市立	1.270
勢力	1.310
視力	1.800
棄物	1.100
器物	1.110
生效	1.170
生肖	1.180
旗艦	0.870
歧見	1.200
心事	1.390
新式	1.340
新市	1.290
型態	1.080
形態	1.170
掉到	1.160
調到	1.780
卻有	1.450
確有	1.550
度假	1.480
渡假	1.500
康乃狄克州	1.230
康乃迪克州	1.540
海盜	1.350
海道	1.360
即時	1.320
及時	1.380
在出	1.370
再出	1.460
不惜	1.420
不息	1.380
復健	1.380
附件	1.310
自立	1.370
自力	1.430
卻是	1.410
確是	1.300
上限	1.170
上線	1.370
後世	0.610
後市	0.630
輕輕	2.370
青青	1.110
清清	1.370
詮釋	1.280
全是	2.100
權勢	1.070
常在	1.870
長在	1.490
發覺	1.670
發掘	1.740
美味	1.940
每位	1.820
成形	1.160
成行	1.160
成型	1.110
精華	0.990
京華	1.520
相見	1.210
美洲	1.520
每週	1.600
每周	1.470
直升機	1.500
直昇機	1.770
神秘的	1.790
神祕的	1.640
戴上	1.550
帶上	1.590
神秘	1.490
神祕	1.570
急於	1.650
及於	1.540
份量	1.480
分量	1.510
惡夢	1.500
噩夢	1.510
公立	1.530
功力	1.490
功利	1.530
自衛	1.650
自慰	1.710
電器	1.770
電氣	1.710
查看	1.670
察看	1.630
近視	1.740
進士	1.770
病友	1.820
並有	0.940
一頁	1.830
一夜	2.080
想在	2.670
想再	2.490
過分	1.930
過份	1.650
便是	1.420
辨識	1.020
功夫	1.370
工夫	1.100
佈局	1.230
布局	1.390
有利	1.810
有力	1.740
茫茫	1.330
忙忙	1.420
遺失	1.290
移師	1.090
聲勢	1.220
生事	2.020
實用	1.560
食用	1.420
來試	1.240
來勢	1.290
水洩不通	1.430
水泄不通	1.420
一國	1.410
異國	1.320
義國	1.370
畫出	1.350
劃出	1.370
水分	1.320
水份	1.240
事故	1.130
是故	1.090
在跟	1.100
再跟	1.010
譽為	1.000
喻為	0.800
宣示	0.950
宣誓	0.870
原理	0.830
園裡	0.850
理法	0.890
理髮	0.890
及第	0.800
極地	0.950
捷克	0.780
傑克	0.920
儘快	2.150
盡快	2.320
小伙子	1.660
小夥子	1.510
稱作	1.200
稱做	1.140
封面	1.470
鋒面	0.920
自治	1.240
自製	1.550
自制	1.750
租界	1.000
租借	1.270
大理	1.190
大禮	1.170
外貿	1.240
外貌	1.270
換的	1.400
換得	1.400
政經	1.650
正經	1.260
開獎	1.350
開講	1.490
立人	1.530
利人	1.550
手勢	1.510
首飾	1.580
奇異	1.630
歧異	1.800
情節	1.670
情結	1.570
明定	1.520
明訂	1.540
進來	1.660
近來	1.650
香煙	1.630
香菸	1.870
斯堪地那維亞	1.730
斯堪的納維亞	1.840
事務	1.750
事物	1.810
引用	1.800
飲用	1.920
第一張	1.920
第一章	1.910
堤防	1.860
提防	1.890
聞到	1.850
聞道	2.030
不停地	1.860
不停的	2.320
凡是	1.170
凡事	2.020
可望	1.210
渴望	2.260
多是	1.540
多事	1.350
瑪麗	1.330
馬力	1.010
瑪莉	1.070
嘆為觀止	0.850
歎為觀止	0.780
成分	1.130
成份	1.240
提升	1.750
提昇	1.090
佔地	1.020
戰地	1.180
慢慢的	1.820
慢慢地	1.590
搖搖	1.670
遙遙	1.780
不時	1.970
不實	2.190
圓形	2.220
原型	2.140
秘密	1.910
祕密	1.650
密密	1.580
童年	1.510
同年	1.530
截至	1.410
節制	1.390
打的	1.260
打得	1.350
一隻	1.290
一支	1.350
一枝	1.300
在過	1.380
再過	1.290
症候	1.470
正後	1.290
簡體	1.320
檢體	1.230
當作	1.320
當做	1.220
荷爾蒙	1.310
賀爾蒙	1.310
政見	1.230
證件	1.130
說到	1.710
說道	0.960
下令	0.760
夏令	1.000
不覺	1.550
不絕	1.640
明治	0.620
明智	0.880
婦人	1.510
富人	1.240
慾望	1.820
欲望	2.040
不符	1.490
不服	1.580
極度	1.760
嫉妒	1.630
不慎	1.500
不甚	1.330
作為	1.540
做為	1.860
不再	1.910
不在	1.740
抽煙	1.770
抽菸	1.510
快快	1.380
塊塊	1.280
援助	1.310
原著	1.240
導入	1.350
倒入	1.340
一角	1.290
一腳	1.350
侷限	1.390
局限	1.230
姊姊	1.230
姐姐	1.290
歧視	1.230
騎士	1.300
其事	1.240
激進	1.140
幾近	1.090
精心	1.070
驚心	1.090
常人	1.110
長人	1.040
一刻	1.100
一課	1.130
際會	1.080
忌諱	1.190
忿忿不平	1.060
憤憤不平	1.430
球季	1.470
球技	1.680
力氣	2.160
利器	1.010
何在	1.610
合在	0.690
事宜	1.070
適宜	1.260
北卡羅萊納州	0.650
北卡羅來納州	0.670
有限	1.800
有線	1.640
依據	1.450
一句	1.680
立國	0.690
利國	0.830
直升	1.570
直昇	1.860
寶特瓶	1.790
保特瓶	1.750
極力	1.850
吉利	1.870
變得	2.040
變的	1.640
夥伴	1.610
伙伴	1.680
終極	1.690
中級	1.580
以後再	1.600
以後在	1.660
所幸	1.820
索性	1.730
日據	1.650
日劇	1.600
剩餘	1.700
勝於	1.720
以是	1.510
已是	1.410
不為	1.390
不畏	1.630
里程	1.580
理成	1.480
以致	1.370
以至	1.430
該在	1.390
該再	1.420
新進	1.390
新近	1.450
團員	1.450
團圓	1.890
第一集	1.360
第一級	0.750
無人	1.660
吾人	0.610
中國話	1.580
中國畫	1.350
做起來	2.230
坐起來	1.800
大公	0.970
大功	1.410
再生	1.180
在生	1.850
一份	1.870
一分	1.110
製成	1.120
製程	1.280
度過	1.260
渡過	1.220
手臂	1.220
守備	1.340
反映出	1.530
反應出	1.450
提心吊膽	1.240
提心弔膽	1.410
工會	1.330
公會	1.360
無異議	1.260
無意義	1.380
大叫	1.250
大校	1.250
身分	1.280
身份	1.240
在野	1.170
再也	1.250
橋樑	1.380
橋梁	1.320
急性	1.360
即興	1.420
極性	1.580
無庸置疑	1.500
毋庸置疑	1.480
縣政	1.570
憲政	1.490
計程	1.460
繼承	1.450
公有	1.440
工友	1.410
一體	1.540
液體	1.470
不做	2.820
不作	1.420
新新	1.200
辛辛	0.770
欣欣	1.560
生育	1.540
聲譽	1.280
易經	0.680
人士	1.510
人事	1.480
人世	1.360
讀到	1.720
獨到	1.310
光纖	0.930
光鮮	1.200
檢查	1.760
檢察	1.700
修養	1.550
休養	1.520
好友	1.830
好有	1.530
絕大部分	1.320
絕大部份	1.400
終止	1.400
中指	1.480
中止	1.360
就叫	1.350
就教	1.360
簡易	1.370
檢疫	1.330
情勢	1.280
情事	1.260
不盡	1.290
不進	1.330
一屆	1.320
醫界	1.350
嵌入	1.410
遷入	1.310
成品	1.370
誠品	1.390
有理	1.360
有禮	1.350
氾濫	1.390
泛濫	1.400
名牌	1.410
明牌	1.330
鑑於	1.420
見於	1.410
鑒於	1.440
外型	1.420
外形	1.500
介面	0.900
界面	1.950
做出	2.670
作出	1.180
植物	2.140
職務	0.860
他的	3.140
它的	2.320
她的	2.530
意象	1.120
意向	1.400
文明	1.260
聞名	0.950
水利	0.740
水力	0.900
柏克萊	1.210
博客來	1.560
形成	1.560
行程	1.410
清新	1.570
輕心	1.640
新生	1.690
心聲	1.740
併發	1.790
病發	1.950
姊妹	2.060
姐妹	2.040
了解	1.800
瞭解	1.790
別在	1.550
別再	1.520
簽訂	1.500
簽定	1.420
人身	1.600
人參	1.350
最常	1.500
最長	1.390
劃法	1.380
畫法	1.020
策劃	1.330
策畫	1.160
部分	1.200
部份	1.060
一期	1.260
一齊	1.050
新聞學	1.250
新文學	0.980
語意	1.000
語義	0.910
中市	0.600
中視	0.620
中式	1.680
不要再	2.920
不要在	2.710
極為	1.390
即為	1.190
計畫	1.600
計劃	1.320
高價	1.710
高架	1.420
就出	1.280
救出	1.870
絕不	2.100
決不	2.170
做了	1.950
作了	1.640
嘗試	1.620
常是	1.800
常識	1.520
嚐試	1.520
無疑	1.400
無遺	1.440
食物	1.250
實務	1.470
實物	1.490
伯伯	1.450
勃勃	1.450
薄薄	1.370
辦事	1.310
半世	1.320
交代	1.470
交待	1.320
契機	1.250
氣機	1.310
偵查	1.330
偵察	1.320
了解到	1.210
瞭解到	1.180
兼具	1.100
間距	1.240
制定	1.360
制訂	1.150
水道	1.090
水稻	1.170
心理	1.180
心裡	1.250
之餘	1.140
之於	1.180
國父	1.050
國富	0.560
全新	2.170
全心	1.540
常被	1.710
常備	1.380
一輩	1.530
一倍	1.320
掃描	1.380
掃瞄	1.430
過度	1.710
過渡	1.160
合適	1.320
合式	0.980
何事	1.360
香蕉	1.680
相交	1.480
支出	1.340
之初	1.220
相反的	1.330
相反地	1.560
阿嬤	2.080
阿媽	1.090
詞典	1.040
辭典	1.170
及其	1.110
極其	1.220
有鑑於此	1.220
有鑒於此	1.230
童話	1.360
同化	1.340
暫時	1.420
戰時	1.320
光華	1.440
光滑	1.420
兼顧	1.410
堅固	1.410
南市	1.430
男士	1.530
難事	1.550
一筆	1.600
一比	1.560
學歷	1.560
學力	1.700
深受	1.630
身受	1.620
字體	1.620
自體	1.680
有趣	1.640
有去	1.640
多位	1.650
多為	1.070
大部分	1.950
大部份	1.280
一部分	2.070
一部份	1.410
化成	1.080
畫成	1.030
劃成	1.270
全部	2.510
全不	1.400
形式	1.530
刑事	0.810
行事	1.090
型式	0.990
企劃	0.990
企畫	1.810
值得	1.850
質的	1.670
直的	1.750
星星	1.690
猩猩	1.660
造型	1.750
造形	1.650
他不是	1.610
她不是	1.540
做的	1.660
做得	1.780
不佳	1.520
不加	1.450
不准	1.290
不準	1.440
擬定	1.380
擬訂	1.410
可能在	1.170
可能再	1.220
老是	1.260
老式	1.470
核能	1.290
何能	1.350
雇主	1.150
僱主	1.280
大事	1.250
大勢	1.290
國是	1.130
國事	1.210
他在	1.240
她在	1.300
在看	1.280
再看	1.200
編制	1.100
編製	0.730
據點	1.010
句點	1.470
他自己	2.520
她自己	2.460
設的	1.780
射的	1.360
難的	1.720
男的	1.640
在做	2.710
再做	2.030
在座	1.650
寫的	1.850
寫得	1.990
公布	1.370
公佈	1.060
工部	0.950
評價	1.340
平價	1.390
儀器	1.200
遺棄	1.270
一氣	1.330
紀錄	1.430
記錄	1.470
跑到	1.210
跑道	1.170
信義計畫區	1.320
信義計劃區	1.190
病例	1.260
病歷	1.370
副秘書長	1.400
副祕書長	1.290
功課	1.290
公克	1.380
他不	1.310
她不	1.370
求的	1.430
求得	1.510
書寫	1.610
輸血	1.630
劃分	1.610
畫分	1.590
充分	1.540
充份	1.600
月初	1.560
月出	1.590
的部分	1.630
的部份	1.530
不了解	1.660
不瞭解	1.750
防治	0.770
防制	0.300
做出來	2.580
作出來	1.520
想起	2.760
響起	1.770
致力	1.080
智利	0.770
首長	0.900
手掌	1.510
實力	1.430
實例	1.330
肌肉	1.390
雞肉	1.460
大一	1.550
大衣	1.650
宣布	1.160
宣佈	1.130
上帝	1.240
上第	1.710
移動	1.650
正式	1.750
正是	1.640
正視	1.790
試試	1.630
逝世	1.700
事事	1.550
世事	1.640
定了	1.530
訂了	1.620
有其	1.570
有期	1.530
鮭魚	1.570
歸於	1.600
恐怖份子	1.470
恐怖分子	1.440
完了	1.420
玩了	1.720
記憶	1.540
技藝	1.670
十日	1.740
時日	1.790
為期	1.770
圍棋	1.790
並未	1.760
並為	1.750
我在	1.860
我再	1.800
和尚	1.770
河上	1.670
面向	1.820
面相	0.880
走進	2.070
走近	2.070
不利	1.290
不力	1.040
林毅夫	0.730
林義夫	0.350
水平	1.960
水瓶	1.520
富有	2.070
附有	1.250
世界盃	1.260
世界杯	1.110
幹嘛	1.360
幹麼	1.330
喜馬拉雅山	1.260
喜瑪拉雅山	1.050
亞利桑那州	1.050
亞利桑納州	1.190
亞歷桑那州	1.060
秘書	1.210
祕書	1.600
潛力	1.610
前例	1.570
多采多姿	1.660
多彩多姿	1.700
厲害	1.660
利害	1.840
身分證	1.690
身份證	1.610
限於	1.580
陷於	1.560
藝文	1.460
一文	1.520
克服	1.540
客服	1.600
一億	1.590
一意	1.570
疑義	1.490
何時	1.470
合時	1.530
著名	1.540
註明	1.530
大地	1.510
大帝	1.470
和解	1.520
何解	1.580
付出	1.470
復出	1.390
公務	0.770
工務	0.540
初期	1.580
出奇	1.690
涉及	1.690
射擊	0.750
重複	1.960
重覆	1.080
不致	0.830
不治	0.640
污染	1.410
汙染	1.320
意願	1.200
議院	0.720
不易	1.050
不意	0.990
不義	1.140
不亦	0.990
不行	1.840
步行	1.820
不只	1.570
不止	1.340
家具	1.480
加劇	1.030
做好	1.270
作好	1.100
秘書長	1.060
祕書長	0.990
規劃	1.020
規畫	1.130
飛彈	1.220
非但	1.020
當事	1.240
當是	1.170
分為	1.250
氛圍	1.180
營利	1.330
盈利	1.260
自行	1.250
字形	1.290
字型	1.310
唯有	1.310
惟有	1.390
部分的	1.330
部份的	1.390
手法	1.360
守法	1.450
疑問	1.360
一問	1.560
不需	1.530
不須	0.890
你自己	2.630
妳自己	2.030
預定	1.630
預訂	1.520
內涵	1.140
內含	1.100
一件	2.220
一見	1.230
自由市	0.750
自由式	1.110
蒐集	1.100
搜集	1.180
案件	1.270
按鍵	1.230
有意	1.590
有益	1.550
有異	1.620
聲明	1.150
聲名	1.090
意識	1.500
議事	0.990
義式	1.030
商人	1.260
傷人	1.110
與會	1.130
語彙	1.320
為例	1.310
為力	1.170
徵收	1.340
征收	1.420
想的	1.490
想得	1.650
記錄下來	1.680
紀錄下來	1.680
說的	1.680
說得	1.700
在想	1.800
再想	1.800
教室	1.740
教士	1.630
過的	1.850
過得	2.010
一同	2.030
異同	2.080
名人	1.930
明仁	2.090
他認為	2.010
她認為	2.170
較好	2.170
叫好	1.640
只是	2.940
指示	1.060
祇是	1.670
危機	1.320
維基	1.320
其他	2.500
其它	1.630
忘記	2.750
旺季	1.310
南方	2.100
男方	1.250
給予	1.710
給與	1.280
癌症	0.950
嚴正	0.840
活的	1.560
活得	1.690
西元	0.930
西園	1.030
發言	1.480
發炎	1.230
大部	1.390
大不	1.370
帶著	1.530
戴著	1.470
旅行	1.650
履行	1.520
平時	1.410
平實	1.470
一本	1.360
譯本	1.330
其他的	1.260
其它的	1.340
一張	1.330
一章	1.290
條文	1.170
條紋	1.370
衣服	1.500
一幅	1.480
不下	1.460
部下	1.580
福爾摩沙	1.490
福爾摩莎	1.790
街頭	1.630
接頭	1.940
來的	1.820
來得	2.010
你是	1.900
妳是	2.390
需要	3.280
須要	0.710
一位	1.900
一味	0.930
九十	1.720
九時	1.940
就有	2.450
舊有	1.110
真是	2.440
甄試	0.750
倒是	2.020
道士	0.630
感到	2.050
趕到	1.720
桃園	1.650
桃源	1.260
現行	0.890
線型	0.650
你有	0.990
妳有	1.550
一致	1.560
醫治	1.260
一一	1.660
依依	1.500
上有	1.560
尚有	1.300
並沒	1.570
病媒	1.610
老闆	1.740
老板	1.350
實是	1.560
時事	1.550
會是	1.470
匯市	1.500
出生	1.560
出聲	1.510
才是	1.650
裁示	1.560
叫做	1.540
叫作	1.680
期間	1.660
其間	1.770
走到	1.650
走道	1.760
政大	1.720
正大	1.710
定位	1.660
訂位	1.670
財務	1.690
財物	1.730
哪邊	2.780
在上	2.470
再上	2.130
意味	1.130
意謂	0.980
異位	0.600
同事	2.410
同是	0.970
也在	2.240
也再	1.480
有人	1.850
友人	1.820
沒什麼	2.310
沒甚麼	1.790
你的	2.740
妳的	1.230
景觀	1.050
警官	1.030
比例	1.050
比利	1.280
月份	1.640
月分	1.540
做到	1.580
坐到	1.420
作到	1.560
九九	1.460
久久	1.420
同仁	1.440
同人	1.680
不會	1.440
部會	1.520
注意	1.250
助益	1.510
期待	1.230
臍帶	1.570
不滿	1.360
佈滿	1.500
長長	1.150
片子	1.540
騙子	1.050
依照	1.330
一兆	1.080
