word	reading	guessed char:chosen/alternatives
尾長梟	ㄨㄟˇ-ㄔㄤˊ-ㄒㄧㄠ	尾:ㄨㄟˇ/ㄧˇ 長:ㄔㄤˊ/ㄓㄤˇ/ㄓㄤˋ
凊面	ㄐㄧㄥˋ-ㄇㄧㄢˋ	凊:ㄐㄧㄥˋ/ㄑㄧㄥˋ
波子機	ㄆㄛ-ㄗˇ-ㄐㄧ	波:ㄆㄛ/ㄅㄛ 子:ㄗˇ/ㄗ˙/ㄗㄜˇ
紐仔空	ㄋㄧㄡˇ-ㄗˇ-ㄎㄨㄥ	仔:ㄗˇ/ㄗㄞˇ
梨子地織	ㄌㄧˊ-ㄗ˙-ㄉㄧˋ-ㄓ	地:ㄉㄧˋ/ㄉㄜ˙/ㄉㄧ˙
金銀地金	ㄐㄧㄣ-ㄧㄣˊ-ㄉㄧˋ-ㄐㄧㄣ	地:ㄉㄧˋ/ㄉㄜ˙/ㄉㄧ˙
康居園	ㄎㄤ-ㄐㄩ-ㄩㄢˊ	居:ㄐㄩ/ㄐㄧ
大劑	ㄉㄚˋ-ㄐㄧˋ	大:ㄉㄚˋ/ㄉㄞˋ
說片	ㄕㄨㄛ-ㄆㄧㄢˋ	說:ㄕㄨㄛ/ㄕㄨㄟˋ/ㄩㄝˋ
奇缺	ㄑㄧˊ-ㄑㄩㄝ	奇:ㄑㄧˊ/ㄐㄧ
紙袋仔	ㄓˇ-ㄉㄞˋ-ㄗˇ	仔:ㄗˇ/ㄗㄞˇ
相手歯車	ㄒㄧㄤˋ-ㄕㄡˇ-ㄔˇ-ㄔㄜ	車:ㄔㄜ/ㄐㄩ
惠濟區	ㄏㄨㄟˋ-ㄐㄧˋ-ㄑㄩ	區:ㄑㄩ/ㄡ
戲劇家	ㄒㄧˋ-ㄐㄩˋ-ㄐㄧㄚ	家:ㄐㄧㄚ/ㄍㄨ
咾咕石	ㄌㄠˇ-ㄍㄨ-ㄕˊ	石:ㄕˊ/ㄉㄢˋ
旗校	ㄑㄧˊ-ㄒㄧㄠˋ	校:ㄒㄧㄠˋ/ㄐㄧㄠˋ
岳溪	ㄩㄝˋ-ㄒㄧ	溪:ㄒㄧ/ㄑㄧ
松柏仔蕾	ㄙㄨㄥ-ㄅㄛˊ-ㄗˇ-ㄌㄟˇ	仔:ㄗˇ/ㄗㄞˇ
綏江縣	ㄙㄨㄟ-ㄐㄧㄤ-ㄒㄧㄢˋ	縣:ㄒㄧㄢˋ/ㄒㄩㄢˊ
朝一	ㄔㄠˊ-ㄧ	朝:ㄔㄠˊ/ㄓㄠ
底封面兒	ㄉㄧˇ-ㄈㄥ-ㄇㄧㄢˋ-ㄦˊ	兒:ㄦˊ/ㄋㄧˊ/ㄦ
子麻	ㄗˇ-ㄇㄚˊ	子:ㄗˇ/ㄗ˙/ㄗㄜˇ
於於	ㄩˊ-ㄩˊ	於:ㄩˊ/ㄨ 於:ㄩˊ/ㄨ
卡臼沙	ㄎㄚˇ-ㄐㄧㄡˋ-ㄕㄚ	卡:ㄎㄚˇ/ㄑㄧㄚˇ
女石	ㄋㄩˇ-ㄕˊ	女:ㄋㄩˇ/ㄖㄨˇ 石:ㄕˊ/ㄉㄢˋ
臭丫頭	ㄔㄡˋ-ㄧㄚ-ㄊㄡˊ	臭:ㄔㄡˋ/ㄒㄧㄡˋ
花生仁子	ㄏㄨㄚ-ㄕㄥ-ㄖㄣˊ-ㄗˇ	子:ㄗˇ/ㄗ˙/ㄗㄜˇ
批地	ㄆㄧ-ㄉㄧˋ	地:ㄉㄧˋ/ㄉㄜ˙/ㄉㄧ˙
破砕反応	ㄆㄛˋ-ㄘㄨㄟˋ-ㄈㄢˇ-ㄧㄥ	砕:ㄘㄨㄟˋ/ㄙㄨㄟˋ
剾白肉油	ㄎㄡ-ㄅㄞˊ-ㄖㄡˋ-ㄧㄡˊ	剾:ㄎㄡ/ㄡ
掀蓋	ㄒㄧㄢ-ㄍㄞˋ	蓋:ㄍㄞˋ/ㄏㄜˊ
樂安縣	ㄌㄜˋ-ㄢ-ㄒㄧㄢˋ	樂:ㄌㄜˋ/ㄧㄠˋ/ㄩㄝˋ 縣:ㄒㄧㄢˋ/ㄒㄩㄢˊ
粹學	ㄘㄨㄟˋ-ㄒㄩㄝˊ	學:ㄒㄩㄝˊ/ㄒㄧㄠˊ
砕木機	ㄘㄨㄟˋ-ㄇㄨˋ-ㄐㄧ	砕:ㄘㄨㄟˋ/ㄙㄨㄟˋ
暗號兒	ㄢˋ-ㄏㄠˋ-ㄦˊ	兒:ㄦˊ/ㄋㄧˊ/ㄦ
樹棲	ㄕㄨˋ-ㄑㄧ	棲:ㄑㄧ/ㄒㄧ
熟菓	ㄕㄡˊ-ㄍㄨㄛˇ	熟:ㄕㄡˊ/ㄕㄨˊ
亡家	ㄨㄤˊ-ㄐㄧㄚ	亡:ㄨㄤˊ/ㄨˊ 家:ㄐㄧㄚ/ㄍㄨ
乾酒	ㄍㄢ-ㄐㄧㄡˇ	乾:ㄍㄢ/ㄑㄧㄢˊ
狂吠狴犴	ㄎㄨㄤˊ-ㄈㄟˋ-ㄅㄧˋ-ㄏㄢˋ	犴:ㄏㄢˋ/ㄢˋ
干血	ㄍㄢ-ㄒㄧㄝˇ	血:ㄒㄧㄝˇ/ㄒㄩㄝˋ
大出海	ㄉㄚˋ-ㄔㄨ-ㄏㄞˇ	大:ㄉㄚˋ/ㄉㄞˋ
毛虫子	ㄇㄠˊ-ㄏㄨㄟˇ-ㄗˇ	虫:ㄏㄨㄟˇ/ㄔㄨㄥˊ 子:ㄗˇ/ㄗ˙/ㄗㄜˇ
阿穆爾灣	ㄚ-ㄇㄨˋ-ㄦˇ-ㄨㄢ	阿:ㄚ/ㄚˋ/ㄚ˙/ㄜ
茲悉	ㄗ-ㄒㄧ	茲:ㄗ/ㄘˊ
塗改液	ㄊㄨˊ-ㄍㄞˇ-ㄧˋ	液:ㄧˋ/ㄧㄝˋ
打夥兒	ㄉㄚˇ-ㄏㄨㄛˇ-ㄦˊ	兒:ㄦˊ/ㄋㄧˊ/ㄦ
大拿	ㄉㄚˋ-ㄋㄚˊ	大:ㄉㄚˋ/ㄉㄞˋ
的顱	ㄉㄜ˙-ㄌㄨˊ	的:ㄉㄜ˙/ㄉㄧˊ/ㄉㄧˋ
毛利家	ㄇㄠˊ-ㄌㄧˋ-ㄐㄧㄚ	家:ㄐㄧㄚ/ㄍㄨ
