word	kind	before(main primary | new primary)	after(new primary | new variant)
和國公	primary	ㄏㄢˋ-ㄍㄨㄛˊ-ㄍㄨㄥ	ㄏㄜˊ-ㄍㄨㄛˊ-ㄍㄨㄥ
和牛	primary	ㄏㄢˋ-ㄋㄧㄡˊ	ㄏㄜˊ-ㄋㄧㄡˊ
和子	primary	ㄏㄢˋ-ㄗˇ	ㄏㄜˊ-ㄗˇ
宏和	primary	ㄏㄨㄥˊ-ㄏㄢˋ	ㄏㄨㄥˊ-ㄏㄜˊ
和譯	primary	ㄏㄢˋ-ㄧˋ	ㄏㄜˊ-ㄧˋ
水和熱	primary	ㄕㄨㄟˇ-ㄏㄢˋ-ㄖㄜˋ	ㄕㄨㄟˇ-ㄏㄜˊ-ㄖㄜˋ
雜和	primary	ㄗㄚˊ-ㄏㄢˋ	ㄗㄚˊ-ㄏㄜˊ
岸和田	primary	ㄢˋ-ㄏㄢˋ-ㄊㄧㄢˊ	ㄢˋ-ㄏㄜˊ-ㄊㄧㄢˊ
佐和耳	primary	ㄗㄨㄛˇ-ㄏㄢˋ-ㄦˇ	ㄗㄨㄛˇ-ㄏㄜˊ-ㄦˇ
和泉	primary	ㄏㄢˋ-ㄑㄩㄢˊ	ㄏㄜˊ-ㄑㄩㄢˊ
厚和豪特	primary	ㄏㄡˋ-ㄏㄢˋ-ㄏㄠˊ-ㄊㄜˋ	ㄏㄡˋ-ㄏㄜˊ-ㄏㄠˊ-ㄊㄜˋ
和集合	primary	ㄏㄢˋ-ㄐㄧˊ-ㄏㄜˊ	ㄏㄜˊ-ㄐㄧˊ-ㄏㄜˊ
趙令和	primary	ㄓㄠˋ-ㄌㄧㄥˋ-ㄏㄢˋ	ㄓㄠˋ-ㄌㄧㄥˋ-ㄏㄜˊ
和鉛	primary	ㄏㄢˋ-ㄑㄧㄢ	ㄏㄜˊ-ㄑㄧㄢ
義和	primary	ㄧˋ-ㄏㄢˋ	ㄧˋ-ㄏㄜˊ
和麪	primary	ㄏㄢˋ-ㄇㄧㄢˋ	ㄏㄨㄛˊ-ㄇㄧㄢˋ
承和	primary	ㄔㄥˊ-ㄏㄢˋ	ㄔㄥˊ-ㄏㄜˊ
氣和	primary	ㄑㄧˋ-ㄏㄢˋ	ㄑㄧˋ-ㄏㄜˊ
相和曲	primary	ㄒㄧㄤˋ-ㄏㄢˋ-ㄑㄩˇ	ㄒㄧㄤˋ-ㄏㄜˊ-ㄑㄩˇ
釐和	primary	ㄌㄧˊ-ㄏㄢˋ	ㄌㄧˊ-ㄏㄜˊ
賄和	primary	ㄏㄨㄟˋ-ㄏㄢˋ	ㄏㄨㄟˋ-ㄏㄜˊ
和較法	primary	ㄏㄢˋ-ㄐㄧㄠˋ-ㄈㄚˇ	ㄏㄜˊ-ㄐㄧㄠˋ-ㄈㄚˇ
慶和	primary	ㄑㄧㄥˋ-ㄏㄢˋ	ㄑㄧㄥˋ-ㄏㄜˊ
和毛	primary	ㄏㄢˋ-ㄇㄠˊ	ㄏㄜˊ-ㄇㄠˊ
鸞和	primary	ㄌㄨㄢˊ-ㄏㄢˋ	ㄌㄨㄢˊ-ㄏㄜˊ
和雄	primary	ㄏㄢˋ-ㄒㄩㄥˊ	ㄏㄜˊ-ㄒㄩㄥˊ
曦和	primary	ㄒㄧ-ㄏㄢˋ	ㄒㄧ-ㄏㄜˊ
十和子	primary	ㄕˊ-ㄏㄢˋ-ㄗˇ	ㄕˊ-ㄏㄜˊ-ㄗˇ
藹和	primary	ㄞˇ-ㄏㄢˋ	ㄞˇ-ㄏㄜˊ
司馬和	primary	ㄙ-ㄇㄚˇ-ㄏㄢˋ	ㄙ-ㄇㄚˇ-ㄏㄜˊ
朴泰和	primary	ㄆㄨˊ-ㄊㄞˋ-ㄏㄢˋ	ㄆㄨˊ-ㄊㄞˋ-ㄏㄜˊ
和賣	primary	ㄏㄢˋ-ㄇㄞˋ	ㄏㄜˊ-ㄇㄞˋ
瑞和	primary	ㄖㄨㄟˋ-ㄏㄢˋ	ㄖㄨㄟˋ-ㄏㄜˊ
和適	primary	ㄏㄢˋ-ㄕˋ	ㄏㄜˊ-ㄕˋ
不協和音	primary	ㄅㄨˊ-ㄒㄧㄝˊ-ㄏㄜˊ-ㄧㄣ	ㄅㄨˋ-ㄒㄧㄝˊ-ㄏㄜˊ-ㄧㄣ
和必斯	primary	ㄏㄢˋ-ㄅㄧˋ-ㄙ	ㄏㄜˊ-ㄅㄧˋ-ㄙ
和己	primary	ㄏㄢˋ-ㄐㄧˇ	ㄏㄜˊ-ㄐㄧˇ
哈拉和林	primary	ㄏㄚ-ㄌㄚ-ㄏㄢˋ-ㄌㄧㄣˊ	ㄏㄚ-ㄌㄚ-ㄏㄜˊ-ㄌㄧㄣˊ
興和	primary	ㄒㄧㄥ-ㄏㄢˋ	ㄒㄧㄥ-ㄏㄜˊ
處和	primary	ㄔㄨˋ-ㄏㄢˋ	ㄔㄨˋ-ㄏㄜˊ
和郁那	primary	ㄏㄢˋ-ㄩˋ-ㄋㄚˋ	ㄏㄜˊ-ㄩˋ-ㄋㄚˋ
和食店	primary	ㄏㄢˋ-ㄕˊ-ㄉㄧㄢˋ	ㄏㄜˊ-ㄕˊ-ㄉㄧㄢˋ
宣和	primary	ㄒㄩㄢ-ㄏㄢˋ	ㄒㄩㄢ-ㄏㄜˊ
和蘭	primary	ㄏㄢˋ-ㄌㄢˊ	ㄏㄜˊ-ㄌㄢˊ
和溫	primary	ㄏㄢˋ-ㄨㄣ	ㄏㄜˊ-ㄨㄣ
立方和	primary	ㄌㄧˋ-ㄈㄤ-ㄏㄢˋ	ㄌㄧˋ-ㄈㄤ-ㄏㄜˊ
時和歲豐	primary	ㄕˊ-ㄏㄢˋ-ㄙㄨㄟˋ-ㄈㄥ	ㄕˊ-ㄏㄜˊ-ㄙㄨㄟˋ-ㄈㄥ
綏和	primary	ㄙㄨㄟ-ㄏㄢˋ	ㄙㄨㄟ-ㄏㄜˊ
和布蕪	primary	ㄏㄢˋ-ㄅㄨˋ-ㄨˊ	ㄏㄜˊ-ㄅㄨˋ-ㄨˊ
和枝	primary	ㄏㄢˋ-ㄓ	ㄏㄜˊ-ㄓ
