一分爲二	一分為二	ㄧ-ㄈㄣ-ㄨㄟˊ-ㄦˋ
一切衆生	一切眾生	ㄧ-ㄑㄧㄝˋ-ㄓㄨㄥˋ-ㄕㄥ
一口竈	一口灶	ㄧ-ㄎㄡˇ-ㄗㄠˋ
一吐爲快	一吐為快	ㄧ-ㄊㄨˇ-ㄨㄟˊ-ㄎㄨㄞˋ
一條綫	一條線	ㄧ-ㄊㄧㄠˊ-ㄒㄧㄢˋ
一槍裏	一槍裡	ㄧ-ㄑㄧㄤ-ㄌㄧˇ
一着	一著	ㄧ-ㄓㄜ˙
一綫	一線	ㄧ-ㄒㄧㄢˋ
一綫生機	一線生機	ㄧ-ㄒㄧㄢˋ-ㄕㄥ-ㄐㄧ
一羣	一群	ㄧ-ㄑㄩㄣˊ
一臺花	一台花	ㄧ-ㄊㄞˊ-ㄏㄨㄚ
一言爲定	一言為定	ㄧ-ㄧㄢˊ-ㄨㄟˊ-ㄉㄧㄥˋ
一説	一說	ㄧ-ㄕㄨㄛ
七星臺	七星台	ㄑㄧ-ㄒㄧㄥ-ㄊㄞˊ
七綫	七線	ㄑㄧ-ㄒㄧㄢˋ
七臺河	七台河	ㄑㄧ-ㄊㄞˊ-ㄏㄜˊ
三五成羣	三五成群	ㄙㄢ-ㄨˇ-ㄔㄥˊ-ㄑㄩㄣˊ
三八綫	三八線	ㄙㄢ-ㄅㄚ-ㄒㄧㄢˋ
三合麪	三合麵	ㄙㄢ-ㄏㄜˊ-ㄇㄧㄢˋ
三味綫	三味線	ㄙㄢ-ㄨㄟˋ-ㄒㄧㄢˋ
三敎	三教	ㄙㄢ-ㄐㄧㄠ
三棱草	三稜草	ㄙㄢ-ㄌㄥˊ-ㄘㄠˇ
三棱鏡	三稜鏡	ㄙㄢ-ㄌㄥˊ-ㄐㄧㄥˋ
三稜	三棱	ㄙㄢ-ㄌㄥˊ
三綫	三線	ㄙㄢ-ㄒㄧㄢˋ
三臺	三台	ㄙㄢ-ㄊㄞˊ
三臺縣	三台縣	ㄙㄢ-ㄊㄞˊ-ㄒㄧㄢˋ
上下牀	上下床	ㄕㄤˋ-ㄒㄧㄚˋ-ㄔㄨㄤˊ
上層路綫	上層路線	ㄕㄤˋ-ㄘㄥˊ-ㄌㄨˋ-ㄒㄧㄢˋ
上峯	上峰	ㄕㄤˋ-ㄈㄥ
上牀	上床	ㄕㄤˋ-ㄔㄨㄤˊ
上竈	上灶	ㄕㄤˋ-ㄗㄠˋ
上綫	上線	ㄕㄤˋ-ㄒㄧㄢˋ
上綱上綫	上綱上線	ㄕㄤˋ-ㄍㄤ-ㄕㄤˋ-ㄒㄧㄢˋ
上脣	上唇	ㄕㄤˋ-ㄔㄨㄣˊ
上臺	上台	ㄕㄤˋ-ㄊㄞˊ
上齶	上顎	ㄕㄤˋ-ㄜˋ
下不爲例	下不為例	ㄒㄧㄚˋ-ㄅㄨˋ-ㄨㄟˊ-ㄌㄧˋ
下劃綫	下劃線	ㄒㄧㄚˋ-ㄏㄨㄚˋ-ㄒㄧㄢˋ
下牀	下床	ㄒㄧㄚˋ-ㄔㄨㄤˊ
下着	下著	ㄒㄧㄚˋ-ㄓㄜ˙
下綫	下線	ㄒㄧㄚˋ-ㄒㄧㄢˋ
下脣掣肌	下唇掣肌	ㄒㄧㄚˋ-ㄔㄨㄣˊ-ㄔㄜˋ-ㄐㄧ
下臺階	下台階	ㄒㄧㄚˋ-ㄊㄞˊ-ㄐㄧㄝ
下麪	下麵	ㄒㄧㄚˋ-ㄇㄧㄢˋ
下齶	下顎	ㄒㄧㄚˋ-ㄜˋ
不以爲	不以為	ㄅㄨˋ-ㄧˇ-ㄨㄟˊ
不以爲奇	不以為奇	ㄅㄨˋ-ㄧˇ-ㄨㄟˊ-ㄑㄧˊ
不以爲忤	不以為忤	ㄅㄨˋ-ㄧˇ-ㄨㄟˊ-ㄨˇ
不以爲恥	不以為恥	ㄅㄨˋ-ㄧˇ-ㄨㄟˊ-ㄔˇ
不以爲意	不以為意	ㄅㄨˋ-ㄧˇ-ㄨㄟˊ-ㄧˋ
不以爲然	不以為然	ㄅㄨˋ-ㄧˇ-ㄨㄟˊ-ㄖㄢˊ
不作爲	不作為	ㄅㄨˋ-ㄗㄨㄛˋ-ㄨㄟˊ
不分皁白	不分皂白	ㄅㄨˋ-ㄈㄣ-ㄗㄠˋ-ㄅㄞˊ
不喫	不吃	ㄅㄨˋ-ㄔ
不失爲	不失為	ㄅㄨˋ-ㄕ-ㄨㄟˊ
不明就裏	不明就裡	ㄅㄨˋ-ㄇㄧㄥˊ-ㄐㄧㄡˋ-ㄌㄧˇ
不爲	不為	ㄅㄨˋ-ㄨㄟˊ
不爲人知	不為人知	ㄅㄨˋ-ㄨㄟˊ-ㄖㄣˊ-ㄓ
不爲已甚	不為已甚	ㄅㄨˋ-ㄨㄟˊ-ㄧˇ-ㄕㄣˋ
不爲所動	不為所動	ㄅㄨˋ-ㄨㄟˊ-ㄙㄨㄛˇ-ㄉㄨㄥˋ
不爲過	不為過	ㄅㄨˋ-ㄨㄟˊ-ㄍㄨㄛˋ
不知就裏	不知就裡	ㄅㄨˋ-ㄓ-ㄐㄧㄡˋ-ㄌㄧˇ
不足爲奇	不足為奇	ㄅㄨˋ-ㄗㄨˊ-ㄨㄟˊ-ㄑㄧˊ
不足爲怪	不足為怪	ㄅㄨˋ-ㄗㄨˊ-ㄨㄟˊ-ㄍㄨㄞˋ
不足爲慮	不足為慮	ㄅㄨˋ-ㄗㄨˊ-ㄨㄟˊ-ㄌㄩˋ
不足爲憑	不足為憑	ㄅㄨˋ-ㄗㄨˊ-ㄨㄟˊ-ㄆㄧㄥˊ
不足爲據	不足為據	ㄅㄨˋ-ㄗㄨˊ-ㄨㄟˊ-ㄐㄩˋ
不足爲訓	不足為訓	ㄅㄨˋ-ㄗㄨˊ-ㄨㄟˊ-ㄒㄩㄣˋ
世界綫	世界線	ㄕˋ-ㄐㄧㄝˋ-ㄒㄧㄢˋ
丙種射綫	丙種射線	ㄅㄧㄥˇ-ㄓㄨㄥˇ-ㄕㄜˋ-ㄒㄧㄢˋ
中台	中臺	ㄓㄨㄥ-ㄊㄞˊ
中國臺北	中國台北	ㄓㄨㄥ-ㄍㄨㄛˊ-ㄊㄞˊ-ㄅㄟˇ
中垂綫	中垂線	ㄓㄨㄥ-ㄔㄨㄟˊ-ㄒㄧㄢˋ
中心綫	中心線	ㄓㄨㄥ-ㄒㄧㄣ-ㄒㄧㄢˋ
中控臺	中控台	ㄓㄨㄥ-ㄎㄨㄥˋ-ㄊㄞˊ
中沙羣島	中沙群島	ㄓㄨㄥ-ㄕㄚ-ㄑㄩㄣˊ-ㄉㄠˇ
中筋麪粉	中筋麵粉	ㄓㄨㄥ-ㄐㄧㄣ-ㄇㄧㄢˋ-ㄈㄣˇ
中綫	中線	ㄓㄨㄥ-ㄒㄧㄢˋ
中臺灣	中台灣	ㄓㄨㄥ-ㄊㄞˊ-ㄨㄢ
中臺科大	中台科大	ㄓㄨㄥ-ㄊㄞˊ-ㄎㄜ-ㄉㄚˋ
中華臺北	中華台北	ㄓㄨㄥ-ㄏㄨㄚˊ-ㄊㄞˊ-ㄅㄟˇ
中軸綫	中軸線	ㄓㄨㄥ-ㄓㄡˊ-ㄒㄧㄢˋ
串綫	串線	ㄔㄨㄢˋ-ㄒㄧㄢˋ
主峯	主峰	ㄓㄨˇ-ㄈㄥ
主席臺	主席台	ㄓㄨˇ-ㄒㄧˊ-ㄊㄞˊ
主綫	主線	ㄓㄨˇ-ㄒㄧㄢˋ
乙種射綫	乙種射線	ㄧˇ-ㄓㄨㄥˇ-ㄕㄜˋ-ㄒㄧㄢˋ
九段綫	九段線	ㄐㄧㄡˇ-ㄉㄨㄢˋ-ㄒㄧㄢˋ
九臺	九台	ㄐㄧㄡˇ-ㄊㄞˊ
乾綫	乾線	ㄍㄢ-ㄒㄧㄢˋ
乾脆麪	乾脆麵	ㄍㄢ-ㄘㄨㄟˋ-ㄇㄧㄢˋ
乾麪	乾麵	ㄍㄢ-ㄇㄧㄢˋ
事在人爲	事在人為	ㄕˋ-ㄗㄞˋ-ㄖㄣˊ-ㄨㄟˊ
事業綫	事業線	ㄕˋ-ㄧㄝˋ-ㄒㄧㄢˋ
事爲	事為	ㄕˋ-ㄨㄟˊ
二人臺	二人台	ㄦˋ-ㄖㄣˊ-ㄊㄞˊ
二綫	二線	ㄦˋ-ㄒㄧㄢˋ
二臺貨	二台貨	ㄦˋ-ㄊㄞˊ-ㄏㄨㄛˋ
二項分佈	二項分布	ㄦˋ-ㄒㄧㄤˋ-ㄈㄣ-ㄅㄨˋ
互相爲謀	互相為謀	ㄏㄨˋ-ㄒㄧㄤ-ㄨㄟˊ-ㄇㄡˊ
五峯	五峰	ㄨˇ-ㄈㄥ
五綫	五線	ㄨˇ-ㄒㄧㄢˋ
五綫譜	五線譜	ㄨˇ-ㄒㄧㄢˋ-ㄆㄨˇ
五臺	五台	ㄨˇ-ㄊㄞˊ
五臺山	五台山	ㄨˇ-ㄊㄞˊ-ㄕㄢ
井臺	井台	ㄐㄧㄥˇ-ㄊㄞˊ
亞羣	亞群	ㄧㄚˇ-ㄑㄩㄣˊ
亞臨牀	亞臨床	ㄧㄚˇ-ㄌㄧㄣˊ-ㄔㄨㄤˊ
亞鉛綫	亞鉛線	ㄧㄚˇ-ㄑㄧㄢ-ㄒㄧㄢˋ
交叉綫	交叉線	ㄐㄧㄠ-ㄔㄚ-ㄒㄧㄢˋ
交換臺	交換台	ㄐㄧㄠ-ㄏㄨㄢˋ-ㄊㄞˊ
交綫	交線	ㄐㄧㄠ-ㄒㄧㄢˋ
交通綫	交通線	ㄐㄧㄠ-ㄊㄨㄥ-ㄒㄧㄢˋ
亭臺	亭台	ㄊㄧㄥˊ-ㄊㄞˊ
亭臺樓閣	亭台樓閣	ㄊㄧㄥˊ-ㄊㄞˊ-ㄌㄡˊ-ㄍㄜˊ
亮綫	亮線	ㄌㄧㄤˋ-ㄒㄧㄢˋ
人多勢衆	人多勢眾	ㄖㄣˊ-ㄉㄨㄛ-ㄕˋ-ㄓㄨㄥˋ
人滿爲患	人滿為患	ㄖㄣˊ-ㄇㄢˇ-ㄨㄟˊ-ㄏㄨㄢˋ
人爲	人為	ㄖㄣˊ-ㄨㄟˊ
人羣	人群	ㄖㄣˊ-ㄑㄩㄣˊ
人臺	人台	ㄖㄣˊ-ㄊㄞˊ
人魚綫	人魚線	ㄖㄣˊ-ㄩˊ-ㄒㄧㄢˋ
仕事臺	仕事台	ㄕˋ-ㄕˋ-ㄊㄞˊ
付着	付著	ㄈㄨˋ-ㄓㄜ˙
仙臺	仙台	ㄒㄧㄢ-ㄊㄞˊ
仙臺病毒	仙台病毒	ㄒㄧㄢ-ㄊㄞˊ-ㄅㄧㄥˋ-ㄉㄨˊ
代爲	代為	ㄉㄞˋ-ㄨㄟˊ
以人爲本	以人為本	ㄧˇ-ㄖㄣˊ-ㄨㄟˊ-ㄅㄣˇ
以史爲鑒	以史為鑒	ㄧˇ-ㄕˇ-ㄨㄟˊ-ㄐㄧㄢˋ
以和爲貴	以和為貴	ㄧˇ-ㄏㄜˊ-ㄨㄟˊ-ㄍㄨㄟˋ
以攻爲守	以攻為守	ㄧˇ-ㄍㄨㄥ-ㄨㄟˊ-ㄕㄡˇ
以爲	以為	ㄧˇ-ㄨㄟˊ
以退爲進	以退為進	ㄧˇ-ㄊㄨㄟˋ-ㄨㄟˊ-ㄐㄧㄣˋ
以鄰爲壑	以鄰為壑	ㄧˇ-ㄌㄧㄣˊ-ㄨㄟˊ-ㄏㄨㄛˋ
任人擺布	任人擺佈	ㄖㄣˋ-ㄖㄣˊ-ㄅㄞˇ-ㄅㄨˋ
任爲	任為	ㄖㄣˋ-ㄨㄟˊ
份仔麪	份仔麵	ㄈㄣˋ-ㄗˇ-ㄇㄧㄢˋ
伊府麪	伊府麵	ㄧ-ㄈㄨˇ-ㄇㄧㄢˋ
伊搭裏	伊搭裡	ㄧ-ㄉㄚ-ㄌㄧˇ
伊麪	伊麵	ㄧ-ㄇㄧㄢˋ
伏綫	伏線	ㄈㄨˊ-ㄒㄧㄢˋ
伏裏	伏裡	ㄈㄨˊ-ㄌㄧˇ
伸展臺	伸展台	ㄕㄣ-ㄓㄢˇ-ㄊㄞˊ
佈伍	布伍	ㄅㄨˋ-ㄨˇ
佈列	布列	ㄅㄨˋ-ㄌㄧㄝˋ
佈展	布展	ㄅㄨˋ-ㄓㄢˇ
佈市仔	布市仔	ㄅㄨˋ-ㄕˋ-ㄗˇ
佈建	布建	ㄅㄨˋ-ㄐㄧㄢˋ
佈控	布控	ㄅㄨˋ-ㄎㄨㄥˋ
佈政	布政	ㄅㄨˋ-ㄓㄥˋ
佈教	布教	ㄅㄨˋ-ㄐㄧㄠ
佈春	布春	ㄅㄨˋ-ㄔㄨㄣ
佈田	布田	ㄅㄨˋ-ㄊㄧㄢˊ
佈稻	布稻	ㄅㄨˋ-ㄉㄠˋ
佈粙	布粙	ㄅㄨˋ-ㄐㄧㄡˋ
佈臆	布臆	ㄅㄨˋ-ㄧˋ
佈菜	布菜	ㄅㄨˋ-ㄘㄞˋ
佈覆	布覆	ㄅㄨˋ-ㄈㄨˋ
佈設	布設	ㄅㄨˋ-ㄕㄜˋ
佈謝	布謝	ㄅㄨˋ-ㄒㄧㄝˋ
佈道家	布道家	ㄅㄨˋ-ㄉㄠˋ-ㄐㄧㄚ
佈道師	布道師	ㄅㄨˋ-ㄉㄠˋ-ㄕ
佈道會	布道會	ㄅㄨˋ-ㄉㄠˋ-ㄏㄨㄟˋ
低筋麪粉	低筋麵粉	ㄉㄧ-ㄐㄧㄣ-ㄇㄧㄢˋ-ㄈㄣˇ
住血綫蟲	住血線蟲	ㄓㄨˋ-ㄒㄧㄝˇ-ㄒㄧㄢˋ-ㄔㄨㄥˊ
佔優	占優	ㄓㄢˋ-ㄧㄡ
佔奪	占奪	ㄓㄢˋ-ㄉㄨㄛˊ
佔爲己有	佔為己有	ㄓㄢˋ-ㄨㄟˊ-ㄐㄧˇ-ㄧㄡˇ
何樂不爲	何樂不為	ㄏㄜˊ-ㄌㄜˋ-ㄅㄨˋ-ㄨㄟˊ
何爲	何為	ㄏㄜˊ-ㄨㄟˊ
何裏	何裡	ㄏㄜˊ-ㄌㄧˇ
何裏搭	何裡搭	ㄏㄜˊ-ㄌㄧˇ-ㄉㄚ
作業臺	作業台	ㄗㄨㄛˋ-ㄧㄝˋ-ㄊㄞˊ
作爲	作為	ㄗㄨㄛˋ-ㄨㄟˊ
作爲犯	作為犯	ㄗㄨㄛˋ-ㄨㄟˊ-ㄈㄢˋ
你在哪裏	你在哪裡	ㄋㄧˇ-ㄗㄞˋ-ㄋㄚˇ-ㄌㄧˇ
併綫	併線	ㄅㄧㄥˋ-ㄒㄧㄢˋ
來復綫	來復線	ㄌㄞˊ-ㄈㄨˋ-ㄒㄧㄢˋ
來裏	來裡	ㄌㄞˊ-ㄌㄧˇ
侗臺語	侗台語	ㄊㄨㄥˊ-ㄊㄞˊ-ㄩˇ
侗臺語系	侗台語系	ㄊㄨㄥˊ-ㄊㄞˊ-ㄩˇ-ㄒㄧˋ
供臺	供台	ㄍㄨㄥ-ㄊㄞˊ
侵權行爲	侵權行為	ㄑㄧㄣ-ㄑㄩㄢˊ-ㄒㄧㄥˊ-ㄨㄟˊ
侵綫	侵線	ㄑㄧㄣ-ㄒㄧㄢˋ
俗説	俗說	ㄙㄨˊ-ㄕㄨㄛ
信以爲真	信以為真	ㄒㄧㄣˋ-ㄧˇ-ㄨㄟˊ-ㄓㄣ
信號臺	信號台	ㄒㄧㄣˋ-ㄏㄠˋ-ㄊㄞˊ
信衆	信眾	ㄒㄧㄣˋ-ㄓㄨㄥˋ
倒着	倒著	ㄉㄠˇ-ㄓㄜ˙
倒竈	倒灶	ㄉㄠˇ-ㄗㄠˋ
借着	借著	ㄐㄧㄝˋ-ㄓㄜ˙
倫琴射綫	倫琴射線	ㄌㄨㄣˊ-ㄑㄧㄣˊ-ㄕㄜˋ-ㄒㄧㄢˋ
偏着	偏著	ㄆㄧㄢ-ㄓㄜ˙
做爲	做為	ㄗㄨㄛˋ-ㄨㄟˊ
停止綫	停止線	ㄊㄧㄥˊ-ㄓˇ-ㄒㄧㄢˋ
側綫	側線	ㄘㄜˋ-ㄒㄧㄢˋ
偵聽臺	偵聽台	ㄓㄣ-ㄊㄧㄥ-ㄊㄞˊ
傍着	傍著	ㄅㄤ-ㄓㄜ˙
傲岸不羣	傲岸不群	ㄠˋ-ㄢˋ-ㄅㄨˋ-ㄑㄩㄣˊ
傳導綫	傳導線	ㄔㄨㄢˊ-ㄉㄠˇ-ㄒㄧㄢˋ
傳説	傳說	ㄔㄨㄢˊ-ㄕㄨㄛ
傳輸綫	傳輸線	ㄔㄨㄢˊ-ㄕㄨ-ㄒㄧㄢˋ
債臺	債台	ㄓㄞˋ-ㄊㄞˊ
債臺高築	債台高築	ㄓㄞˋ-ㄊㄞˊ-ㄍㄠ-ㄓㄨˊ
傻裏傻氣	傻裡傻氣	ㄕㄚˇ-ㄌㄧˇ-ㄕㄚˇ-ㄑㄧˋ
僫説	僫說	ㄜˇ-ㄕㄨㄛ
儲祕書	儲秘書	ㄔㄨˊ-ㄇㄧˋ-ㄕㄨ
兀裏	兀裡	ㄨˋ-ㄌㄧˇ
兄臺	兄台	ㄒㄩㄥ-ㄊㄞˊ
充氣牀	充氣床	ㄔㄨㄥ-ㄑㄧˋ-ㄔㄨㄤˊ
充電綫	充電線	ㄔㄨㄥ-ㄉㄧㄢˋ-ㄒㄧㄢˋ
先入爲主	先入為主	ㄒㄧㄢ-ㄖㄨˋ-ㄨㄟˊ-ㄓㄨˇ
先着	先著	ㄒㄧㄢ-ㄓㄜ˙
先睹爲快	先睹為快	ㄒㄧㄢ-ㄉㄨˇ-ㄨㄟˊ-ㄎㄨㄞˋ
光亮綫	光亮線	ㄍㄨㄤ-ㄌㄧㄤˋ-ㄒㄧㄢˋ
光明綫	光明線	ㄍㄨㄤ-ㄇㄧㄥˊ-ㄒㄧㄢˋ
光明臺	光明台	ㄍㄨㄤ-ㄇㄧㄥˊ-ㄊㄞˊ
光汙染	光污染	ㄍㄨㄤ-ㄨ-ㄖㄢˇ
光着	光著	ㄍㄨㄤ-ㄓㄜ˙
光綫	光線	ㄍㄨㄤ-ㄒㄧㄢˋ
光綫追蹤	光線追蹤	ㄍㄨㄤ-ㄒㄧㄢˋ-ㄓㄨㄟ-ㄗㄨㄥ
光麪	光麵	ㄍㄨㄤ-ㄇㄧㄢˋ
克氏綫	克氏線	ㄎㄜˋ-ㄕˋ-ㄒㄧㄢˋ
克裏	克裡	ㄎㄜˋ-ㄌㄧˇ
兒童牀	兒童床	ㄦˊ-ㄊㄨㄥˊ-ㄔㄨㄤˊ
兔脣脣	兔唇唇	ㄊㄨˋ-ㄔㄨㄣˊ-ㄔㄨㄣˊ
入土爲安	入土為安	ㄖㄨˋ-ㄊㄨˇ-ㄨㄟˊ-ㄢ
入羣	入群	ㄖㄨˋ-ㄑㄩㄣˊ
入臺證	入台證	ㄖㄨˋ-ㄊㄞˊ-ㄓㄥˋ
內綫	內線	ㄋㄟˋ-ㄒㄧㄢˋ
內綫交易	內線交易	ㄋㄟˋ-ㄒㄧㄢˋ-ㄐㄧㄠ-ㄧˋ
內裏	內裡	ㄋㄟˋ-ㄌㄧˇ
全綫	全線	ㄑㄩㄢˊ-ㄒㄧㄢˋ
全麥麪包	全麥麵包	ㄑㄩㄢˊ-ㄇㄞˋ-ㄇㄧㄢˋ-ㄅㄠ
八下裏	八下裡	ㄅㄚ-ㄒㄧㄚˋ-ㄌㄧˇ
八木天綫	八木天線	ㄅㄚ-ㄇㄨˋ-ㄊㄧㄢ-ㄒㄧㄢˋ
八綫	八線	ㄅㄚ-ㄒㄧㄢˋ
八角牀	八角床	ㄅㄚ-ㄐㄧㄠˇ-ㄔㄨㄤˊ
公之於衆	公之於眾	ㄍㄨㄥ-ㄓ-ㄩˊ-ㄓㄨㄥˋ
公仔麪	公仔麵	ㄍㄨㄥ-ㄗˇ-ㄇㄧㄢˋ
公切綫	公切線	ㄍㄨㄥ-ㄑㄧㄝ-ㄒㄧㄢˋ
公衆	公眾	ㄍㄨㄥ-ㄓㄨㄥˋ
公衆人物	公眾人物	ㄍㄨㄥ-ㄓㄨㄥˋ-ㄖㄣˊ-ㄨˋ
公衆假期	公眾假期	ㄍㄨㄥ-ㄓㄨㄥˋ-ㄐㄧㄚˋ-ㄑㄧˊ
公衆意見	公眾意見	ㄍㄨㄥ-ㄓㄨㄥˋ-ㄧˋ-ㄐㄧㄢˋ
公衆號	公眾號	ㄍㄨㄥ-ㄓㄨㄥˋ-ㄏㄠˋ
公諸於衆	公諸於眾	ㄍㄨㄥ-ㄓㄨ-ㄩˊ-ㄓㄨㄥˋ
六綫	六線	ㄌㄧㄡˋ-ㄒㄧㄢˋ
共振峯	共振峰	ㄍㄨㄥˋ-ㄓㄣˋ-ㄈㄥ
共泄	共洩	ㄍㄨㄥˋ-ㄒㄧㄝˋ
共綫	共線	ㄍㄨㄥˋ-ㄒㄧㄢˋ
冬至綫	冬至線	ㄉㄨㄥ-ㄓˋ-ㄒㄧㄢˋ
冰冰麪	冰冰麵	ㄅㄧㄥ-ㄅㄧㄥ-ㄇㄧㄢˋ
冰牀	冰床	ㄅㄧㄥ-ㄔㄨㄤˊ
冷啓動	冷啟動	ㄌㄥˇ-ㄑㄧˇ-ㄉㄨㄥˋ
冷着	冷著	ㄌㄥˇ-ㄓㄜ˙
冷麪	冷麵	ㄌㄥˇ-ㄇㄧㄢˋ
凊痹	凊痺	ㄐㄧㄥˋ-ㄅㄧˋ
凍着	凍著	ㄉㄨㄥˋ-ㄓㄜ˙
凸臺	凸台	ㄊㄨˊ-ㄊㄞˊ
凹綫	凹線	ㄠ-ㄒㄧㄢˋ
出爛汙	出爛污	ㄔㄨ-ㄌㄢˋ-ㄨ
出牀	出床	ㄔㄨ-ㄔㄨㄤˊ
出綫	出線	ㄔㄨ-ㄒㄧㄢˋ
出羣拔萃	出群拔萃	ㄔㄨ-ㄑㄩㄣˊ-ㄅㄚˊ-ㄘㄨㄟˋ
出臺	出台	ㄔㄨ-ㄊㄞˊ
出衆	出眾	ㄔㄨ-ㄓㄨㄥˋ
出類拔羣	出類拔群	ㄔㄨ-ㄌㄟˋ-ㄅㄚˊ-ㄑㄩㄣˊ
刀削麪	刀削麵	ㄉㄠ-ㄒㄧㄠ-ㄇㄧㄢˋ
分佈式	分布式	ㄈㄣ-ㄅㄨˋ-ㄕˋ
分割綫	分割線	ㄈㄣ-ㄍㄜ-ㄒㄧㄢˋ
分數綫	分數線	ㄈㄣ-ㄕㄨˋ-ㄒㄧㄢˋ
分爲	分為	ㄈㄣ-ㄨㄟˊ
分界綫	分界線	ㄈㄣ-ㄐㄧㄝˋ-ㄒㄧㄢˋ
切仔麪	切仔麵	ㄑㄧㄝ-ㄗˇ-ㄇㄧㄢˋ
切綫	切線	ㄑㄧㄝ-ㄒㄧㄢˋ
切麪	切麵	ㄑㄧㄝ-ㄇㄧㄢˋ
列爲	列為	ㄌㄧㄝˋ-ㄨㄟˊ
刣雞敎猴	刣雞教猴	ㄓㄨㄥ-ㄐㄧ-ㄐㄧㄠ-ㄏㄡˊ
刣鷄敎猴	刣鷄教猴	ㄓㄨㄥ-ㄐㄧ-ㄐㄧㄠ-ㄏㄡˊ
別搭裏	別搭裡	ㄅㄧㄝˊ-ㄉㄚ-ㄌㄧˇ
別説	別說	ㄅㄧㄝˊ-ㄕㄨㄛ
到此爲止	到此為止	ㄉㄠˋ-ㄘˇ-ㄨㄟˊ-ㄓˇ
制臺	制台	ㄓˋ-ㄊㄞˊ
刺斜裏	刺斜裡	ㄘˋ-ㄒㄧㄝˊ-ㄌㄧˇ
刺着血母	刺著血母	ㄘˋ-ㄓㄜ˙-ㄒㄧㄝˇ-ㄇㄨˇ
刻板行爲	刻板行為	ㄎㄜ-ㄅㄢˇ-ㄒㄧㄥˊ-ㄨㄟˊ
削麪	削麵	ㄒㄧㄠ-ㄇㄧㄢˋ
前綫	前線	ㄑㄧㄢˊ-ㄒㄧㄢˋ
前臺	前台	ㄑㄧㄢˊ-ㄊㄞˊ
副都心綫	副都心線	ㄈㄨˋ-ㄉㄨ-ㄒㄧㄣ-ㄒㄧㄢˋ
割綫	割線	ㄍㄜ-ㄒㄧㄢˋ
割綫法	割線法	ㄍㄜ-ㄒㄧㄢˋ-ㄈㄚˇ
剿説	剿說	ㄐㄧㄠˇ-ㄕㄨㄛ
劃清界綫	劃清界線	ㄏㄨㄚˋ-ㄑㄧㄥ-ㄐㄧㄝˋ-ㄒㄧㄢˋ
劃綫支票	劃線支票	ㄏㄨㄚˋ-ㄒㄧㄢˋ-ㄓ-ㄆㄧㄠˋ
劈裏啪啦	劈裡啪啦	ㄆㄧ-ㄌㄧˇ-ㄆㄚ-ㄌㄚ
力排衆議	力排眾議	ㄌㄧˋ-ㄆㄞˊ-ㄓㄨㄥˋ-ㄧˋ
加拿大綫	加拿大線	ㄐㄧㄚ-ㄋㄚˊ-ㄉㄚˋ-ㄒㄧㄢˋ
助人爲樂	助人為樂	ㄓㄨˋ-ㄖㄣˊ-ㄨㄟˊ-ㄌㄜˋ
助桀爲虐	助桀為虐	ㄓㄨˋ-ㄐㄧㄝˊ-ㄨㄟˊ-ㄋㄩㄝˋ
助紂爲虐	助紂為虐	ㄓㄨˋ-ㄓㄡˋ-ㄨㄟˊ-ㄋㄩㄝˋ
勃朗峯	勃朗峰	ㄅㄛˊ-ㄌㄤˇ-ㄈㄥ
勉爲其難	勉為其難	ㄇㄧㄢˇ-ㄨㄟˊ-ㄑㄧˊ-ㄋㄢˊ
勒裏	勒裡	ㄌㄜˋ-ㄌㄧˇ
動綫	動線	ㄉㄨㄥˋ-ㄒㄧㄢˋ
勞師動衆	勞師動眾	ㄌㄠˊ-ㄕ-ㄉㄨㄥˋ-ㄓㄨㄥˋ
勸説	勸說	ㄑㄩㄢˋ-ㄕㄨㄛ
化整爲零	化整為零	ㄏㄨㄚˋ-ㄓㄥˇ-ㄨㄟˊ-ㄌㄧㄥˊ
化敵爲友	化敵為友	ㄏㄨㄚˋ-ㄉㄧˊ-ㄨㄟˊ-ㄧㄡˇ
化爲	化為	ㄏㄨㄚˋ-ㄨㄟˊ
化爲泡影	化為泡影	ㄏㄨㄚˋ-ㄨㄟˊ-ㄆㄠˋ-ㄧㄥˇ
化爲烏有	化為烏有	ㄏㄨㄚˋ-ㄨㄟˊ-ㄨ-ㄧㄡˇ
化粧臺	化粧台	ㄏㄨㄚˋ-ㄓㄨㄤ-ㄊㄞˊ
化繁爲簡	化繁為簡	ㄏㄨㄚˋ-ㄈㄢˊ-ㄨㄟˊ-ㄐㄧㄢˇ
化險爲夷	化險為夷	ㄏㄨㄚˋ-ㄒㄧㄢˇ-ㄨㄟˊ-ㄧˊ
北回歸綫	北回歸線	ㄅㄟˇ-ㄏㄨㄟˊ-ㄍㄨㄟ-ㄒㄧㄢˋ
北綫	北線	ㄅㄟˇ-ㄒㄧㄢˋ
北臺灣	北台灣	ㄅㄟˇ-ㄊㄞˊ-ㄨㄢ
匡臺	匡台	ㄎㄨㄤ-ㄊㄞˊ
十八綫	十八線	ㄕˊ-ㄅㄚ-ㄒㄧㄢˋ
十字綫	十字線	ㄕˊ-ㄗˋ-ㄒㄧㄢˋ
千層麪	千層麵	ㄑㄧㄢ-ㄘㄥˊ-ㄇㄧㄢˋ
千島羣島	千島群島	ㄑㄧㄢ-ㄉㄠˇ-ㄑㄩㄣˊ-ㄉㄠˇ
千百成羣	千百成群	ㄑㄧㄢ-ㄅㄞˇ-ㄔㄥˊ-ㄑㄩㄣˊ
千里馬綫	千里馬線	ㄑㄧㄢ-ㄌㄧˇ-ㄇㄚˇ-ㄒㄧㄢˋ
半夜裏	半夜裡	ㄅㄢˋ-ㄧㄝˋ-ㄌㄧˇ
半月綫	半月線	ㄅㄢˋ-ㄩㄝˋ-ㄒㄧㄢˋ
半綫脂鯉	半線脂鯉	ㄅㄢˋ-ㄒㄧㄢˋ-ㄓ-ㄌㄧˇ
半羣	半群	ㄅㄢˋ-ㄑㄩㄣˊ
卑汙	卑污	ㄅㄟ-ㄨ
卓爾不羣	卓爾不群	ㄓㄨㄛˊ-ㄦˇ-ㄅㄨˋ-ㄑㄩㄣˊ
卓袱臺	卓袱台	ㄓㄨㄛˊ-ㄈㄨˊ-ㄊㄞˊ
南北綫	南北線	ㄋㄢˊ-ㄅㄟˇ-ㄒㄧㄢˋ
南回歸綫	南回歸線	ㄋㄢˊ-ㄏㄨㄟˊ-ㄍㄨㄟ-ㄒㄧㄢˋ
南有臺	南有台	ㄋㄢˊ-ㄧㄡˇ-ㄊㄞˊ
南沙羣島	南沙群島	ㄋㄢˊ-ㄕㄚ-ㄑㄩㄣˊ-ㄉㄠˇ
南洋羣島	南洋群島	ㄋㄢˊ-ㄧㄤˊ-ㄑㄩㄣˊ-ㄉㄠˇ
南綫	南線	ㄋㄢˊ-ㄒㄧㄢˋ
南臺灣	南台灣	ㄋㄢˊ-ㄊㄞˊ-ㄨㄢ
南鍼	南針	ㄋㄢˊ-ㄓㄣ
博採衆長	博採眾長	ㄅㄛˊ-ㄘㄞˇ-ㄓㄨㄥˋ-ㄔㄤˊ
博覽綫	博覽線	ㄅㄛˊ-ㄌㄢˇ-ㄒㄧㄢˋ
博覽羣書	博覽群書	ㄅㄛˊ-ㄌㄢˇ-ㄑㄩㄣˊ-ㄕㄨ
占便宜	佔便宜	ㄓㄢˋ-ㄆㄧㄢˊ-ㄧˊ
占地	佔地	ㄓㄢˋ-ㄉㄧˋ
占城	佔城	ㄓㄢˋ-ㄔㄥˊ
占有權	佔有權	ㄓㄢˋ-ㄧㄡˇ-ㄑㄩㄢˊ
占爲己有	佔為己有	ㄓㄢˋ-ㄨㄟˊ-ㄐㄧˇ-ㄧㄡˇ
占用	佔用	ㄓㄢˋ-ㄩㄥˋ
占線	佔線	ㄓㄢˋ-ㄒㄧㄢˋ
占領地	佔領地	ㄓㄢˋ-ㄌㄧㄥˇ-ㄉㄧˋ
占領者	佔領者	ㄓㄢˋ-ㄌㄧㄥˇ-ㄓㄜˇ
占領軍	佔領軍	ㄓㄢˋ-ㄌㄧㄥˇ-ㄐㄩㄣ
卡門綫	卡門線	ㄎㄚˇ-ㄇㄣˊ-ㄒㄧㄢˋ
印牀	印床	ㄧㄣˋ-ㄔㄨㄤˊ
即爲	即為	ㄐㄧˊ-ㄨㄟˊ
即食麪	即食麵	ㄐㄧˊ-ㄕˊ-ㄇㄧㄢˋ
卸世卸衆	卸世卸眾	ㄒㄧㄝˋ-ㄕˋ-ㄒㄧㄝˋ-ㄓㄨㄥˋ
厚着	厚著	ㄏㄡˋ-ㄓㄜ˙
厝檐	厝簷	ㄘㄨㄛˋ-ㄧㄢˊ
厝檐口	厝簷口	ㄘㄨㄛˋ-ㄧㄢˊ-ㄎㄡˇ
厝檐墘	厝簷墘	ㄘㄨㄛˋ-ㄧㄢˊ-ㄑㄧˊ
厝檐沿	厝簷沿	ㄘㄨㄛˋ-ㄧㄢˊ-ㄧㄢˊ
厝裏	厝裡	ㄘㄨㄛˋ-ㄌㄧˇ
原本榻裏	原本榻裡	ㄩㄢˊ-ㄅㄣˇ-ㄊㄚˋ-ㄌㄧˇ
原爲	原為	ㄩㄢˊ-ㄨㄟˊ
及格綫	及格線	ㄐㄧˊ-ㄍㄜˊ-ㄒㄧㄢˋ
反客爲主	反客為主	ㄈㄢˇ-ㄎㄜˋ-ㄨㄟˊ-ㄓㄨˇ
反敗爲勝	反敗為勝	ㄈㄢˇ-ㄅㄞˋ-ㄨㄟˊ-ㄕㄥˋ
反斜綫	反斜線	ㄈㄢˇ-ㄒㄧㄝˊ-ㄒㄧㄢˋ
反棱柱	反稜柱	ㄈㄢˇ-ㄌㄥˊ-ㄓㄨˋ
反爲	反為	ㄈㄢˇ-ㄨㄟˊ
反脣	反唇	ㄈㄢˇ-ㄔㄨㄣˊ
反貪汙	反貪污	ㄈㄢˇ-ㄊㄢ-ㄨ
受衆	受眾	ㄕㄡˋ-ㄓㄨㄥˋ
叢臺	叢台	ㄘㄨㄥˊ-ㄊㄞˊ
口唇	口脣	ㄎㄡˇ-ㄔㄨㄣˊ
口燥唇乾	口燥脣乾	ㄎㄡˇ-ㄗㄠˋ-ㄔㄨㄣˊ-ㄍㄢ
口脣膏	口唇膏	ㄎㄡˇ-ㄔㄨㄣˊ-ㄍㄠ
口裏	口裡	ㄎㄡˇ-ㄌㄧˇ
古城臺	古城台	ㄍㄨˇ-ㄔㄥˊ-ㄊㄞˊ
古琴臺	古琴台	ㄍㄨˇ-ㄑㄧㄣˊ-ㄊㄞˊ
另起爐竈	另起爐灶	ㄌㄧㄥˋ-ㄑㄧˇ-ㄌㄨˊ-ㄗㄠˋ
只裏	只裡	ㄓˇ-ㄌㄧˇ
叫牀	叫床	ㄐㄧㄠˋ-ㄔㄨㄤˊ
司令臺	司令台	ㄙ-ㄌㄧㄥˋ-ㄊㄞˊ
司天臺	司天台	ㄙ-ㄊㄧㄢ-ㄊㄞˊ
司綫員	司線員	ㄙ-ㄒㄧㄢˋ-ㄩㄢˊ
吃小竈	吃小灶	ㄔ-ㄒㄧㄠˇ-ㄗㄠˋ
吃小竈兒	吃小灶兒	ㄔ-ㄒㄧㄠˇ-ㄗㄠˋ-ㄦˊ
吃掛麪	吃掛麵	ㄔ-ㄍㄨㄚˋ-ㄇㄧㄢˋ
吃裏扒外	吃裡扒外	ㄔ-ㄌㄧˇ-ㄆㄚˊ-ㄨㄞˋ
吃過刀麪	吃過刀麵	ㄔ-ㄍㄨㄛˋ-ㄉㄠ-ㄇㄧㄢˋ
各自爲戰	各自為戰	ㄍㄜˋ-ㄗˋ-ㄨㄟˊ-ㄓㄢˋ
各自爲政	各自為政	ㄍㄜˋ-ㄗˋ-ㄨㄟˊ-ㄓㄥˋ
合二爲一	合二為一	ㄏㄜˊ-ㄦˋ-ㄨㄟˊ-ㄧ
合兩爲一	合兩為一	ㄏㄜˊ-ㄌㄧㄤˇ-ㄨㄟˊ-ㄧ
合模綫	合模線	ㄏㄜˊ-ㄇㄛˊ-ㄒㄧㄢˋ
合牀	合床	ㄏㄜˊ-ㄔㄨㄤˊ
合着	合著	ㄏㄜˊ-ㄓㄜ˙
合綫	合線	ㄏㄜˊ-ㄒㄧㄢˋ
合羣	合群	ㄏㄜˊ-ㄑㄩㄣˊ
合而爲一	合而為一	ㄏㄜˊ-ㄦˊ-ㄨㄟˊ-ㄧ
合衆國	合眾國	ㄏㄜˊ-ㄓㄨㄥˋ-ㄍㄨㄛˊ
吊牀	吊床	ㄉㄧㄠˋ-ㄔㄨㄤˊ
吊綫	吊線	ㄉㄧㄠˋ-ㄒㄧㄢˋ
同牀異夢	同床異夢	ㄊㄨㄥˊ-ㄔㄨㄤˊ-ㄧˋ-ㄇㄥˋ
同臺	同台	ㄊㄨㄥˊ-ㄊㄞˊ
同言綫	同言線	ㄊㄨㄥˊ-ㄧㄢˊ-ㄒㄧㄢˋ
名爲	名為	ㄇㄧㄥˊ-ㄨㄟˊ
向着	向著	ㄒㄧㄤˋ-ㄓㄜ˙
向風羣島	向風群島	ㄒㄧㄤˋ-ㄈㄥ-ㄑㄩㄣˊ-ㄉㄠˇ
吟味臺	吟味台	ㄧㄣˊ-ㄨㄟˋ-ㄊㄞˊ
含裏糊	含裡糊	ㄏㄢˊ-ㄌㄧˇ-ㄏㄨ
吸着	吸著	ㄒㄧ-ㄓㄜ˙
吹臺	吹台	ㄔㄨㄟ-ㄊㄞˊ
周臺	周台	ㄓㄡ-ㄊㄞˊ
味香麪	味香麵	ㄨㄟˋ-ㄒㄧㄤ-ㄇㄧㄢˋ
命裏注定	命裡注定	ㄇㄧㄥˋ-ㄌㄧˇ-ㄓㄨˋ-ㄉㄧㄥˋ
命裏註定	命裡註定	ㄇㄧㄥˋ-ㄌㄧˇ-ㄓㄨˋ-ㄉㄧㄥˋ
和好敎	和好教	ㄏㄜˊ-ㄏㄠˇ-ㄐㄧㄠ
咖喱麪	咖喱麵	ㄎㄚ-ㄌㄧˊ-ㄇㄧㄢˋ
咪高峯	咪高峰	ㄇㄧ-ㄍㄠ-ㄈㄥ
咬綫	咬線	ㄧㄠˇ-ㄒㄧㄢˋ
咯裏	咯裡	ㄌㄨㄛˋ-ㄌㄧˇ
哀啓	哀啟	ㄞ-ㄑㄧˇ
哥羅麪	哥羅麵	ㄍㄜ-ㄌㄨㄛˊ-ㄇㄧㄢˋ
哪着	哪著	ㄋㄚˇ-ㄓㄜ˙
哪裏	哪裡	ㄋㄚˇ-ㄌㄧˇ
哭喪着臉	哭喪著臉	ㄎㄨ-ㄙㄤ-ㄓㄜ˙-ㄌㄧㄢˇ
哭泣着	哭泣著	ㄎㄨ-ㄑㄧˋ-ㄓㄜ˙
唇吻	脣吻	ㄔㄨㄣˊ-ㄨㄣˇ
唇紅齒白	脣紅齒白	ㄔㄨㄣˊ-ㄏㄨㄥˊ-ㄔˇ-ㄅㄞˊ
唇齶裂	唇顎裂	ㄔㄨㄣˊ-ㄜˋ-ㄌㄧㄝˋ
唐牀破	唐床破	ㄊㄤˊ-ㄔㄨㄤˊ-ㄆㄛˋ
唔着	唔著	ㄨˊ-ㄓㄜ˙
唱對臺戲	唱對台戲	ㄔㄤˋ-ㄉㄨㄟˋ-ㄊㄞˊ-ㄒㄧˋ
商業祕密	商業秘密	ㄕㄤ-ㄧㄝˋ-ㄇㄧˋ-ㄇㄧˋ
啓上	啟上	ㄑㄧˇ-ㄕㄤˋ
啓事	啟事	ㄑㄧˇ-ㄕˋ
啓動	啟動	ㄑㄧˇ-ㄉㄨㄥˋ
啓動子	啟動子	ㄑㄧˇ-ㄉㄨㄥˋ-ㄗˇ
啓動費	啟動費	ㄑㄧˇ-ㄉㄨㄥˋ-ㄈㄟˋ
啓封	啟封	ㄑㄧˇ-ㄈㄥ
啓導	啟導	ㄑㄧˇ-ㄉㄠˇ
啓市	啟市	ㄑㄧˇ-ㄕˋ
啓德	啟德	ㄑㄧˇ-ㄉㄜˊ
啓明	啟明	ㄑㄧˇ-ㄇㄧㄥˊ
啓明星	啟明星	ㄑㄧˇ-ㄇㄧㄥˊ-ㄒㄧㄥ
啓東	啟東	ㄑㄧˇ-ㄉㄨㄥ
啓浪	啟浪	ㄑㄧˇ-ㄌㄤˋ
啓用	啟用	ㄑㄧˇ-ㄩㄥˋ
啓發	啟發	ㄑㄧˇ-ㄈㄚ
啓示	啟示	ㄑㄧˇ-ㄕˋ
啓示錄	啟示錄	ㄑㄧˇ-ㄕˋ-ㄌㄨˋ
啓程	啟程	ㄑㄧˇ-ㄔㄥˊ
啓者	啟者	ㄑㄧˇ-ㄓㄜˇ
啓聞	啟聞	ㄑㄧˇ-ㄨㄣˊ
啓航	啟航	ㄑㄧˇ-ㄏㄤˊ
啓蒙	啟蒙	ㄑㄧˇ-ㄇㄥˊ
啓蒙主義	啟蒙主義	ㄑㄧˇ-ㄇㄥˊ-ㄓㄨˇ-ㄧˋ
啓蒙時代	啟蒙時代	ㄑㄧˇ-ㄇㄥˊ-ㄕˊ-ㄉㄞˋ
啓蒙運動	啟蒙運動	ㄑㄧˇ-ㄇㄥˊ-ㄩㄣˋ-ㄉㄨㄥˋ
啓蟄	啟蟄	ㄑㄧˇ-ㄓˊ
啓輝器	啟輝器	ㄑㄧˇ-ㄏㄨㄟ-ㄑㄧˋ
啓迪	啟迪	ㄑㄧˇ-ㄉㄧˊ
啓釁	啟釁	ㄑㄧˇ-ㄒㄧㄣˋ
啓隆	啟隆	ㄑㄧˇ-ㄌㄨㄥˊ
啓齒	啟齒	ㄑㄧˇ-ㄔˇ
喊綫	喊線	ㄏㄢˇ-ㄒㄧㄢˋ
喙脣	喙唇	ㄏㄨㄟˋ-ㄔㄨㄣˊ
喙脣珠	喙唇珠	ㄏㄨㄟˋ-ㄔㄨㄣˊ-ㄓㄨ
喙脣皮	喙唇皮	ㄏㄨㄟˋ-ㄔㄨㄣˊ-ㄆㄧˊ
喙齒綫	喙齒線	ㄏㄨㄟˋ-ㄔˇ-ㄒㄧㄢˋ
喫一驚	吃一驚	ㄔ-ㄧ-ㄐㄧㄥ
喫力	吃力	ㄔ-ㄌㄧˋ
喫掛麵	吃掛麵	ㄔ-ㄍㄨㄚˋ-ㄇㄧㄢˋ
喫水	吃水	ㄔ-ㄕㄨㄟˇ
喫水線	吃水線	ㄔ-ㄕㄨㄟˇ-ㄒㄧㄢˋ
喫煙	吃煙	ㄔ-ㄧㄢ
喫緊	吃緊	ㄔ-ㄐㄧㄣˇ
喫茶店	吃茶店	ㄔ-ㄔㄚˊ-ㄉㄧㄢˋ
喫菸	吃菸	ㄔ-ㄧㄢ
喫藥	吃藥	ㄔ-ㄧㄠˋ
喫虧	吃虧	ㄔ-ㄎㄨㄟ
喫醋	吃醋	ㄔ-ㄘㄨˋ
喫食	吃食	ㄔ-ㄕˊ
單人牀	單人床	ㄉㄢ-ㄖㄣˊ-ㄔㄨㄤˊ
單倍羣	單倍群	ㄉㄢ-ㄅㄟˋ-ㄑㄩㄣˊ
單峯駝	單峰駝	ㄉㄢ-ㄈㄥ-ㄊㄨㄛˊ
單峯駱駝	單峰駱駝	ㄉㄢ-ㄈㄥ-ㄌㄨㄛˋ-ㄊㄨㄛˊ
單檐眼	單簷眼	ㄉㄢ-ㄧㄢˊ-ㄧㄢˇ
單眼檐	單眼簷	ㄉㄢ-ㄧㄢˇ-ㄧㄢˊ
單綫	單線	ㄉㄢ-ㄒㄧㄢˋ
單行綫	單行線	ㄉㄢ-ㄒㄧㄥˊ-ㄒㄧㄢˋ
嗔着	嗔著	ㄔㄣ-ㄓㄜ˙
嘆爲聽止	嘆為聽止	ㄊㄢˋ-ㄨㄟˊ-ㄊㄧㄥ-ㄓˇ
嘆爲觀止	嘆為觀止	ㄊㄢˋ-ㄨㄟˊ-ㄍㄨㄢ-ㄓˇ
嘩衆取寵	嘩眾取寵	ㄏㄨㄚ-ㄓㄨㄥˋ-ㄑㄩˇ-ㄔㄨㄥˇ
嘴脣兒	嘴唇兒	ㄗㄨㄟˇ-ㄔㄨㄣˊ-ㄦˊ
嘴脣皮	嘴唇皮	ㄗㄨㄟˇ-ㄔㄨㄣˊ-ㄆㄧˊ
嘴脣膏	嘴唇膏	ㄗㄨㄟˇ-ㄔㄨㄣˊ-ㄍㄠ
噪音汙染	噪音污染	ㄗㄠˋ-ㄧㄣ-ㄨ-ㄖㄢˇ
四下裏	四下裡	ㄙˋ-ㄒㄧㄚˋ-ㄌㄧˇ
四方臺	四方台	ㄙˋ-ㄈㄤ-ㄊㄞˊ
四棱豆	四稜豆	ㄙˋ-ㄌㄥˊ-ㄉㄡˋ
四海爲家	四海為家	ㄙˋ-ㄏㄞˇ-ㄨㄟˊ-ㄐㄧㄚ
四綫	四線	ㄙˋ-ㄒㄧㄢˋ
四臺嘴	四台嘴	ㄙˋ-ㄊㄞˊ-ㄗㄨㄟˇ
四衆	四眾	ㄙˋ-ㄓㄨㄥˋ
四衆人	四眾人	ㄙˋ-ㄓㄨㄥˋ-ㄖㄣˊ
四路裏	四路裡	ㄙˋ-ㄌㄨˋ-ㄌㄧˇ
四面臺	四面台	ㄙˋ-ㄇㄧㄢˋ-ㄊㄞˊ
回歸綫	回歸線	ㄏㄨㄟˊ-ㄍㄨㄟ-ㄒㄧㄢˋ
回毋着	回毋著	ㄏㄨㄟˊ-ㄨˊ-ㄓㄜ˙
國境綫	國境線	ㄍㄨㄛˊ-ㄐㄧㄥˋ-ㄒㄧㄢˋ
國家祕密	國家秘密	ㄍㄨㄛˊ-ㄐㄧㄚ-ㄇㄧˋ-ㄇㄧˋ
國臺辦	國台辦	ㄍㄨㄛˊ-ㄊㄞˊ-ㄅㄢˋ
圓牀	圓床	ㄩㄢˊ-ㄔㄨㄤˊ
圓綫蟲	圓線蟲	ㄩㄢˊ-ㄒㄧㄢˋ-ㄔㄨㄥˊ
圓脣	圓唇	ㄩㄢˊ-ㄔㄨㄣˊ
圓臺	圓台	ㄩㄢˊ-ㄊㄞˊ
圖牀	圖床	ㄊㄨˊ-ㄔㄨㄤˊ
團沙羣島	團沙群島	ㄊㄨㄢˊ-ㄕㄚ-ㄑㄩㄣˊ-ㄉㄠˇ
土壤汙染	土壤污染	ㄊㄨˇ-ㄖㄤˇ-ㄨ-ㄖㄢˇ
土臺	土台	ㄊㄨˇ-ㄊㄞˊ
土裏刨食	土裡刨食	ㄊㄨˇ-ㄌㄧˇ-ㄅㄠˋ-ㄕˊ
土裏土氣	土裡土氣	ㄊㄨˇ-ㄌㄧˇ-ㄊㄨˇ-ㄑㄧˋ
在綫	在線	ㄗㄞˋ-ㄒㄧㄢˋ
在綫交友	在線交友	ㄗㄞˋ-ㄒㄧㄢˋ-ㄐㄧㄠ-ㄧㄡˇ
在綫課程	在線課程	ㄗㄞˋ-ㄒㄧㄢˋ-ㄎㄜˋ-ㄔㄥˊ
圪臺臺	圪台台	ㄧ-ㄊㄞˊ-ㄊㄞˊ
地動説	地動說	ㄉㄧˋ-ㄉㄨㄥˋ-ㄕㄨㄛ
地平綫	地平線	ㄉㄧˋ-ㄆㄧㄥˊ-ㄒㄧㄢˋ
地綫	地線	ㄉㄧˋ-ㄒㄧㄢˋ
地腳綫	地腳線	ㄉㄧˋ-ㄐㄧㄠˇ-ㄒㄧㄢˋ
坍臺	坍台	ㄊㄢ-ㄊㄞˊ
坐毋着	坐毋著	ㄗㄨㄛˋ-ㄨˊ-ㄓㄜ˙
垂綫	垂線	ㄔㄨㄟˊ-ㄒㄧㄢˋ
垮臺	垮台	ㄎㄨㄚˇ-ㄊㄞˊ
埃搭裏	埃搭裡	ㄞ-ㄉㄚ-ㄌㄧˇ
埋綫	埋線	ㄇㄞˊ-ㄒㄧㄢˋ
城裏	城裡	ㄔㄥˊ-ㄌㄧˇ
城裏人	城裡人	ㄔㄥˊ-ㄌㄧˇ-ㄖㄣˊ
培根蛋麪	培根蛋麵	ㄆㄟˊ-ㄍㄣ-ㄉㄢˋ-ㄇㄧㄢˋ
基綫	基線	ㄐㄧ-ㄒㄧㄢˋ
堆仔麪	堆仔麵	ㄉㄨㄟ-ㄗˇ-ㄇㄧㄢˋ
堪哪裏	堪哪裡	ㄎㄢ-ㄋㄚˇ-ㄌㄧˇ
場綫	場線	ㄔㄤˇ-ㄒㄧㄢˋ
塌臺	塌台	ㄊㄚ-ㄊㄞˊ
塔臺	塔台	ㄊㄚˇ-ㄊㄞˊ
塗汙	塗污	ㄊㄨˊ-ㄨ
墓羣	墓群	ㄇㄨˋ-ㄑㄩㄣˊ
墨綫	墨線	ㄇㄛˋ-ㄒㄧㄢˋ
墨綫盒子	墨線盒子	ㄇㄛˋ-ㄒㄧㄢˋ-ㄏㄜˊ-ㄗ˙
壁裏	壁裡	ㄅㄧˋ-ㄌㄧˇ
壽麪	壽麵	ㄕㄡˋ-ㄇㄧㄢˋ
夏至綫	夏至線	ㄒㄧㄚˋ-ㄓˋ-ㄒㄧㄢˋ
外泄	外洩	ㄨㄞˋ-ㄒㄧㄝˋ
外綫	外線	ㄨㄞˋ-ㄒㄧㄢˋ
外裏	外裡	ㄨㄞˋ-ㄌㄧˇ
多綫程	多線程	ㄉㄨㄛ-ㄒㄧㄢˋ-ㄔㄥˊ
夜裏	夜裡	ㄧㄝˋ-ㄌㄧˇ
夜裏個	夜裡個	ㄧㄝˋ-ㄌㄧˇ-ㄍㄜˋ
夜裏向	夜裡向	ㄧㄝˋ-ㄌㄧˇ-ㄒㄧㄤˋ
夠得着	夠得著	ㄍㄡˋ-ㄉㄜˊ-ㄓㄜ˙
夢泄	夢洩	ㄇㄥˋ-ㄒㄧㄝˋ
夢裏	夢裡	ㄇㄥˋ-ㄌㄧˇ
大喫一驚	大吃一驚	ㄉㄚˋ-ㄔ-ㄧ-ㄐㄧㄥ
大庭廣衆	大庭廣眾	ㄉㄚˋ-ㄊㄧㄥˊ-ㄍㄨㄤˇ-ㄓㄨㄥˋ
大有作爲	大有作為	ㄉㄚˋ-ㄧㄡˇ-ㄗㄨㄛˋ-ㄨㄟˊ
大有可爲	大有可為	ㄉㄚˋ-ㄧㄡˇ-ㄎㄜˇ-ㄨㄟˊ
大滷麪	大滷麵	ㄉㄚˋ-ㄌㄨˇ-ㄇㄧㄢˋ
大爲	大為	ㄉㄚˋ-ㄨㄟˊ
大牀	大床	ㄉㄚˋ-ㄔㄨㄤˊ
大臺	大台	ㄉㄚˋ-ㄊㄞˊ
大衆	大眾	ㄉㄚˋ-ㄓㄨㄥˋ
大衆傳媒	大眾傳媒	ㄉㄚˋ-ㄓㄨㄥˋ-ㄔㄨㄢˊ-ㄇㄟˊ
大衆傳播	大眾傳播	ㄉㄚˋ-ㄓㄨㄥˋ-ㄔㄨㄢˊ-ㄅㄛ
大衆化	大眾化	ㄉㄚˋ-ㄓㄨㄥˋ-ㄏㄨㄚˋ
大衆媒體	大眾媒體	ㄉㄚˋ-ㄓㄨㄥˋ-ㄇㄟˊ-ㄊㄧˇ
大衆文化	大眾文化	ㄉㄚˋ-ㄓㄨㄥˋ-ㄨㄣˊ-ㄏㄨㄚˋ
大衆汽車	大眾汽車	ㄉㄚˋ-ㄓㄨㄥˋ-ㄑㄧˋ-ㄔㄜ
大衆社會	大眾社會	ㄉㄚˋ-ㄓㄨㄥˋ-ㄕㄜˋ-ㄏㄨㄟˋ
大衆籌資	大眾籌資	ㄉㄚˋ-ㄓㄨㄥˋ-ㄔㄡˊ-ㄗ
大衆臉	大眾臉	ㄉㄚˋ-ㄓㄨㄥˋ-ㄌㄧㄢˇ
大行臺	大行台	ㄉㄚˋ-ㄒㄧㄥˊ-ㄊㄞˊ
大陰脣	大陰唇	ㄉㄚˋ-ㄧㄣ-ㄔㄨㄣˊ
大雅臺	大雅台	ㄉㄚˋ-ㄧㄚˇ-ㄊㄞˊ
大麪	大麵	ㄉㄚˋ-ㄇㄧㄢˋ
天下爲公	天下為公	ㄊㄧㄢ-ㄒㄧㄚˋ-ㄨㄟˊ-ㄍㄨㄥ
天使麪	天使麵	ㄊㄧㄢ-ㄕˇ-ㄇㄧㄢˋ
天動説	天動說	ㄊㄧㄢ-ㄉㄨㄥˋ-ㄕㄨㄛ
天啓	天啟	ㄊㄧㄢ-ㄑㄧˇ
天啓宗教	天啟宗教	ㄊㄧㄢ-ㄑㄧˇ-ㄗㄨㄥ-ㄐㄧㄠˋ
天地綫	天地線	ㄊㄧㄢ-ㄉㄧˋ-ㄒㄧㄢˋ
天文臺	天文台	ㄊㄧㄢ-ㄨㄣˊ-ㄊㄞˊ
天狗喫日	天狗吃日	ㄊㄧㄢ-ㄍㄡˇ-ㄔ-ㄖˋ
天狗喫月	天狗吃月	ㄊㄧㄢ-ㄍㄡˇ-ㄔ-ㄩㄝˋ
天綫	天線	ㄊㄧㄢ-ㄒㄧㄢˋ
天綫鍋	天線鍋	ㄊㄧㄢ-ㄒㄧㄢˋ-ㄍㄨㄛ
天臺	天台	ㄊㄧㄢ-ㄊㄞˊ
天臺山	天台山	ㄊㄧㄢ-ㄊㄞˊ-ㄕㄢ
天際綫	天際線	ㄊㄧㄢ-ㄐㄧˋ-ㄒㄧㄢˋ
太白臺	太白台	ㄊㄞˋ-ㄅㄞˊ-ㄊㄞˊ
太陽牀	太陽床	ㄊㄞˋ-ㄧㄤˊ-ㄔㄨㄤˊ
夷爲平地	夷為平地	ㄧˊ-ㄨㄟˊ-ㄆㄧㄥˊ-ㄉㄧˋ
奇臺	奇台	ㄑㄧˊ-ㄊㄞˊ
奉爲	奉為	ㄈㄥˋ-ㄨㄟˊ
奉爲圭臬	奉為圭臬	ㄈㄥˋ-ㄨㄟˊ-ㄍㄨㄟ-ㄋㄧㄝˋ
奶臺	奶台	ㄋㄞˇ-ㄊㄞˊ
奸汙	奸污	ㄐㄧㄢ-ㄨ
好喫	好吃	ㄏㄠˇ-ㄔ
好自爲之	好自為之	ㄏㄠˇ-ㄗˋ-ㄨㄟˊ-ㄓ
好麪	好麵	ㄏㄠˇ-ㄇㄧㄢˋ
如坐鍼氈	如坐針氈	ㄖㄨˊ-ㄗㄨㄛˋ-ㄓㄣ-ㄓㄢ
妄爲	妄為	ㄨㄤˋ-ㄨㄟˊ
妄説	妄說	ㄨㄤˋ-ㄕㄨㄛ
妖裏妖氣	妖裡妖氣	ㄧㄠ-ㄌㄧˇ-ㄧㄠ-ㄑㄧˋ
妖言惑衆	妖言惑眾	ㄧㄠ-ㄧㄢˊ-ㄏㄨㄛˋ-ㄓㄨㄥˋ
妝臺	妝台	ㄓㄨㄤ-ㄊㄞˊ
姦污	姦汙	ㄐㄧㄢ-ㄨ
威棱	威稜	ㄨㄟ-ㄌㄥˊ
娃娃牀	娃娃床	ㄨㄚˊ-ㄨㄚˊ-ㄔㄨㄤˊ
娘嫺	娘嫻	ㄋㄧㄤˊ-ㄒㄧㄢˊ
娘屋裏	娘屋裡	ㄋㄧㄤˊ-ㄨ-ㄌㄧˇ
媽祖麪	媽祖麵	ㄇㄚ-ㄗㄨˇ-ㄇㄧㄢˋ
嬰兒牀	嬰兒床	ㄧㄥ-ㄦˊ-ㄔㄨㄤˊ
子午綫	子午線	ㄗˇ-ㄨˇ-ㄒㄧㄢˋ
子母牀	子母床	ㄗˇ-ㄇㄨˇ-ㄔㄨㄤˊ
子羣	子群	ㄗˇ-ㄑㄩㄣˊ
字裏行間	字裡行間	ㄗˋ-ㄌㄧˇ-ㄏㄤˊ-ㄐㄧㄢ
孤力難爲	孤力難為	ㄍㄨ-ㄌㄧˋ-ㄋㄢˊ-ㄨㄟˊ
學士臺	學士台	ㄒㄩㄝˊ-ㄕˋ-ㄊㄞˊ
學科羣	學科群	ㄒㄩㄝˊ-ㄎㄜ-ㄑㄩㄣˊ
孺子可敎	孺子可教	ㄖㄨˊ-ㄗˇ-ㄎㄜˇ-ㄐㄧㄠ
宇宙射綫	宇宙射線	ㄩˇ-ㄓㄡˋ-ㄕㄜˋ-ㄒㄧㄢˋ
宇宙綫	宇宙線	ㄩˇ-ㄓㄡˋ-ㄒㄧㄢˋ
守望臺	守望台	ㄕㄡˇ-ㄨㄤˋ-ㄊㄞˊ
安全綫	安全線	ㄢ-ㄑㄩㄢˊ-ㄒㄧㄢˋ
安民恤衆	安民恤眾	ㄢ-ㄇㄧㄣˊ-ㄒㄩˋ-ㄓㄨㄥˋ
安邦綫	安邦線	ㄢ-ㄅㄤ-ㄒㄧㄢˋ
定着	定著	ㄉㄧㄥˋ-ㄓㄜ˙
定説	定說	ㄉㄧㄥˋ-ㄕㄨㄛ
客家麪	客家麵	ㄎㄜˋ-ㄐㄧㄚ-ㄇㄧㄢˋ
客戶羣	客戶群	ㄎㄜˋ-ㄏㄨˋ-ㄑㄩㄣˊ
客羣	客群	ㄎㄜˋ-ㄑㄩㄣˊ
宣講臺	宣講台	ㄒㄩㄢ-ㄐㄧㄤˇ-ㄊㄞˊ
害羣之馬	害群之馬	ㄏㄞˋ-ㄑㄩㄣˊ-ㄓ-ㄇㄚˇ
家庭病牀	家庭病床	ㄐㄧㄚ-ㄊㄧㄥˊ-ㄅㄧㄥˋ-ㄔㄨㄤˊ
家裏	家裡	ㄐㄧㄚ-ㄌㄧˇ
家裏人	家裡人	ㄐㄧㄚ-ㄌㄧˇ-ㄖㄣˊ
家裏有礦	家裡有礦	ㄐㄧㄚ-ㄌㄧˇ-ㄧㄡˇ-ㄎㄨㄤˋ
家裏的	家裡的	ㄐㄧㄚ-ㄌㄧˇ-ㄉㄜ˙
家裏蹲	家裡蹲	ㄐㄧㄚ-ㄌㄧˇ-ㄉㄨㄣ
寒場裏	寒場裡	ㄏㄢˊ-ㄔㄤˇ-ㄌㄧˇ
寒着	寒著	ㄏㄢˊ-ㄓㄜ˙
察合臺	察合台	ㄔㄚˊ-ㄏㄜˊ-ㄊㄞˊ
察察爲明	察察為明	ㄔㄚˊ-ㄔㄚˊ-ㄨㄟˊ-ㄇㄧㄥˊ
寡不敵衆	寡不敵眾	ㄍㄨㄚˇ-ㄅㄨˋ-ㄉㄧˊ-ㄓㄨㄥˋ
寡佔	寡占	ㄍㄨㄚˇ-ㄓㄢˋ
實綫	實線	ㄕˊ-ㄒㄧㄢˋ
實驗臺	實驗台	ㄕˊ-ㄧㄢˋ-ㄊㄞˊ
審覈	審核	ㄕㄣˇ-ㄏㄜˊ
寫字臺	寫字台	ㄒㄧㄝˇ-ㄗˋ-ㄊㄞˊ
封爲	封為	ㄈㄥ-ㄨㄟˊ
封鎖綫	封鎖線	ㄈㄥ-ㄙㄨㄛˇ-ㄒㄧㄢˋ
封面裏	封面裡	ㄈㄥ-ㄇㄧㄢˋ-ㄌㄧˇ
射綫	射線	ㄕㄜˋ-ㄒㄧㄢˋ
專綫	專線	ㄓㄨㄢ-ㄒㄧㄢˋ
專綫車	專線車	ㄓㄨㄢ-ㄒㄧㄢˋ-ㄔㄜ
尊臺	尊台	ㄗㄨㄣ-ㄊㄞˊ
尋人啓事	尋人啟事	ㄒㄩㄣˊ-ㄖㄣˊ-ㄑㄧˇ-ㄕˋ
對數螺綫	對數螺線	ㄉㄨㄟˋ-ㄕㄨˋ-ㄌㄨㄛˊ-ㄒㄧㄢˋ
對綫	對線	ㄉㄨㄟˋ-ㄒㄧㄢˋ
對臺	對台	ㄉㄨㄟˋ-ㄊㄞˊ
對臺戲	對台戲	ㄉㄨㄟˋ-ㄊㄞˊ-ㄒㄧˋ
對角綫	對角線	ㄉㄨㄟˋ-ㄐㄧㄠˇ-ㄒㄧㄢˋ
導火綫	導火線	ㄉㄠˇ-ㄏㄨㄛˇ-ㄒㄧㄢˋ
導綫	導線	ㄉㄠˇ-ㄒㄧㄢˋ
小五臺	小五台	ㄒㄧㄠˇ-ㄨˇ-ㄊㄞˊ
小牀	小床	ㄒㄧㄠˇ-ㄔㄨㄤˊ
小竈	小灶	ㄒㄧㄠˇ-ㄗㄠˋ
小竈兒	小灶兒	ㄒㄧㄠˇ-ㄗㄠˋ-ㄦˊ
小衆	小眾	ㄒㄧㄠˇ-ㄓㄨㄥˋ
小説	小說	ㄒㄧㄠˇ-ㄕㄨㄛ
小説家	小說家	ㄒㄧㄠˇ-ㄕㄨㄛ-ㄐㄧㄚ
小陰脣	小陰唇	ㄒㄧㄠˇ-ㄧㄣ-ㄔㄨㄣˊ
小麪	小麵	ㄒㄧㄠˇ-ㄇㄧㄢˋ
小麪包	小麵包	ㄒㄧㄠˇ-ㄇㄧㄢˋ-ㄅㄠ
尖峯	尖峰	ㄐㄧㄢ-ㄈㄥ
尤爲	尤為	ㄧㄡˊ-ㄨㄟˊ
就着	就著	ㄐㄧㄡˋ-ㄓㄜ˙
就裏	就裡	ㄐㄧㄡˋ-ㄌㄧˇ
尿牀	尿床	ㄋㄧㄠˋ-ㄔㄨㄤˊ
屋檐鳥	屋簷鳥	ㄨ-ㄧㄢˊ-ㄋㄧㄠˇ
屋裏	屋裡	ㄨ-ㄌㄧˇ
屋裏人	屋裡人	ㄨ-ㄌㄧˇ-ㄖㄣˊ
屋裏向	屋裡向	ㄨ-ㄌㄧˇ-ㄒㄧㄤˋ
屋裏的	屋裡的	ㄨ-ㄌㄧˇ-ㄉㄜ˙
展布	展佈	ㄓㄢˇ-ㄅㄨˋ
展望臺	展望台	ㄓㄢˇ-ㄨㄤˋ-ㄊㄞˊ
展示臺	展示台	ㄓㄢˇ-ㄕˋ-ㄊㄞˊ
展臺	展台	ㄓㄢˇ-ㄊㄞˊ
山峯	山峰	ㄕㄢ-ㄈㄥ
山衝裏	山衝裡	ㄕㄢ-ㄔㄨㄥ-ㄌㄧˇ
岸綫	岸線	ㄢˋ-ㄒㄧㄢˋ
峯口	峰口	ㄈㄥ-ㄎㄡˇ
峯巒	峰巒	ㄈㄥ-ㄌㄨㄢˊ
峯巔	峰巔	ㄈㄥ-ㄉㄧㄢ
峯會	峰會	ㄈㄥ-ㄏㄨㄟˋ
峯頂	峰頂	ㄈㄥ-ㄉㄧㄥˇ
崩口脣	崩口唇	ㄅㄥ-ㄎㄡˇ-ㄔㄨㄣˊ
崴着	崴著	ㄨㄟ-ㄓㄜ˙
巓峯	巓峰	ㄉㄧㄢ-ㄈㄥ
巔峯	巔峰	ㄉㄧㄢ-ㄈㄥ
工作平臺	工作平台	ㄍㄨㄥ-ㄗㄨㄛˋ-ㄆㄧㄥˊ-ㄊㄞˊ
工作臺	工作台	ㄍㄨㄥ-ㄗㄨㄛˋ-ㄊㄞˊ
左右爲難	左右為難	ㄗㄨㄛˇ-ㄧㄡˋ-ㄨㄟˊ-ㄋㄢˊ
差有差着	差有差著	ㄔㄚ-ㄧㄡˇ-ㄔㄚ-ㄓㄜ˙
巷説	巷說	ㄒㄧㄤˋ-ㄕㄨㄛ
巽他羣島	巽他群島	ㄒㄩㄣˋ-ㄊㄚ-ㄑㄩㄣˊ-ㄉㄠˇ
布署	佈署	ㄅㄨˋ-ㄕㄨˇ
布道	佈道	ㄅㄨˋ-ㄉㄠˋ
布達	佈達	ㄅㄨˋ-ㄉㄚˊ
布雷艇	佈雷艇	ㄅㄨˋ-ㄌㄟˊ-ㄊㄧㄥˇ
帳臺	帳台	ㄓㄤˋ-ㄊㄞˊ
帶敎	帶教	ㄉㄞˋ-ㄐㄧㄠ
常態分布	常態分佈	ㄔㄤˊ-ㄊㄞˋ-ㄈㄣ-ㄅㄨˋ
帽檐兒	帽簷兒	ㄇㄠˋ-ㄧㄢˊ-ㄦˊ
平分綫	平分線	ㄆㄧㄥˊ-ㄈㄣ-ㄒㄧㄢˋ
平地樓臺	平地樓台	ㄆㄧㄥˊ-ㄉㄧˋ-ㄌㄡˊ-ㄊㄞˊ
平臺	平台	ㄆㄧㄥˊ-ㄊㄞˊ
平臺期	平台期	ㄆㄧㄥˊ-ㄊㄞˊ-ㄑㄧˊ
平行綫	平行線	ㄆㄧㄥˊ-ㄒㄧㄥˊ-ㄒㄧㄢˋ
年裏向	年裡向	ㄋㄧㄢˊ-ㄌㄧˇ-ㄒㄧㄤˋ
幹綫	幹線	ㄍㄢˋ-ㄒㄧㄢˋ
幹羣	幹群	ㄍㄢˋ-ㄑㄩㄣˊ
幼麪	幼麵	ㄧㄡˋ-ㄇㄧㄢˋ
幾何分佈	幾何分布	ㄐㄧˇ-ㄏㄜˊ-ㄈㄣ-ㄅㄨˋ
序説	序說	ㄒㄩˋ-ㄕㄨㄛ
底綫	底線	ㄉㄧˇ-ㄒㄧㄢˋ
底裏	底裡	ㄉㄧˇ-ㄌㄧˇ
庫克羣島	庫克群島	ㄎㄨˋ-ㄎㄜˋ-ㄑㄩㄣˊ-ㄉㄠˇ
庫裏	庫裡	ㄎㄨˋ-ㄌㄧˇ
廊檐	廊簷	ㄌㄤˊ-ㄧㄢˊ
廖內羣島	廖內群島	ㄌㄧㄠˋ-ㄋㄟˋ-ㄑㄩㄣˊ-ㄉㄠˇ
廣土衆民	廣土眾民	ㄍㄨㄤˇ-ㄊㄨˇ-ㄓㄨㄥˋ-ㄇㄧㄣˊ
廣播電臺	廣播電台	ㄍㄨㄤˇ-ㄅㄛ-ㄉㄧㄢˋ-ㄊㄞˊ
廣衆	廣眾	ㄍㄨㄤˇ-ㄓㄨㄥˋ
延長綫	延長線	ㄧㄢˊ-ㄔㄤˊ-ㄒㄧㄢˋ
建築羣	建築群	ㄐㄧㄢˋ-ㄓㄨˊ-ㄑㄩㄣˊ
建羣	建群	ㄐㄧㄢˋ-ㄑㄩㄣˊ
弔牀	弔床	ㄉㄧㄠˋ-ㄔㄨㄤˊ
引以爲傲	引以為傲	ㄧㄣˇ-ㄧˇ-ㄨㄟˊ-ㄠˋ
引以爲戒	引以為戒	ㄧㄣˇ-ㄧˇ-ㄨㄟˊ-ㄐㄧㄝˋ
引以爲榮	引以為榮	ㄧㄣˇ-ㄧˇ-ㄨㄟˊ-ㄖㄨㄥˊ
引綫	引線	ㄧㄣˇ-ㄒㄧㄢˋ
引綫屁股	引線屁股	ㄧㄣˇ-ㄒㄧㄢˋ-ㄆㄧˋ-ㄍㄨˇ
引綫眼	引線眼	ㄧㄣˇ-ㄒㄧㄢˋ-ㄧㄢˇ
弦綫	弦線	ㄒㄧㄢˊ-ㄒㄧㄢˋ
弧綫	弧線	ㄏㄨˊ-ㄒㄧㄢˋ
弱勢羣體	弱勢群體	ㄖㄨㄛˋ-ㄕˋ-ㄑㄩㄣˊ-ㄊㄧˇ
強棒麪	強棒麵	ㄑㄧㄤˊ-ㄅㄤˋ-ㄇㄧㄢˋ
彈牀	彈床	ㄊㄢˊ-ㄔㄨㄤˊ
彈簧牀	彈簧床	ㄊㄢˊ-ㄏㄨㄤˊ-ㄔㄨㄤˊ
彩虹族羣	彩虹族群	ㄘㄞˇ-ㄏㄨㄥˊ-ㄗㄨˊ-ㄑㄩㄣˊ
彪彪麪	彪彪麵	ㄅㄧㄠ-ㄅㄧㄠ-ㄇㄧㄢˋ
影着	影著	ㄧㄥˇ-ㄓㄜ˙
彼衆我寡	彼眾我寡	ㄅㄧˇ-ㄓㄨㄥˋ-ㄨㄛˇ-ㄍㄨㄚˇ
往死裏	往死裡	ㄨㄤˇ-ㄙˇ-ㄌㄧˇ
徇衆要求	徇眾要求	ㄒㄩㄣˊ-ㄓㄨㄥˋ-ㄧㄠ-ㄑㄧㄡˊ
後檐	後簷	ㄏㄡˋ-ㄧㄢˊ
後生礦牀	後生礦床	ㄏㄡˋ-ㄕㄥ-ㄎㄨㄤˋ-ㄔㄨㄤˊ
後臺	後台	ㄏㄡˋ-ㄊㄞˊ
後臺老板	後台老板	ㄏㄡˋ-ㄊㄞˊ-ㄌㄠˇ-ㄅㄢˇ
後臺老闆	後台老闆	ㄏㄡˋ-ㄊㄞˊ-ㄌㄠˇ-ㄅㄢˇ
徒衆	徒眾	ㄊㄨˊ-ㄓㄨㄥˋ
得着	得著	ㄉㄜˊ-ㄓㄜ˙
徛裏	徛裡	ㄑㄧ-ㄌㄧˇ
從衆	從眾	ㄘㄨㄥˊ-ㄓㄨㄥˋ
從衆心理	從眾心理	ㄘㄨㄥˊ-ㄓㄨㄥˋ-ㄒㄧㄣ-ㄌㄧˇ
御史臺	御史台	ㄩˋ-ㄕˇ-ㄊㄞˊ
循環綫	循環線	ㄒㄩㄣˊ-ㄏㄨㄢˊ-ㄒㄧㄢˋ
微信羣	微信群	ㄨㄟˊ-ㄒㄧㄣˋ-ㄑㄩㄣˊ
心狂火着	心狂火著	ㄒㄧㄣ-ㄎㄨㄤˊ-ㄏㄨㄛˇ-ㄓㄜ˙
心裏	心裡	ㄒㄧㄣ-ㄌㄧˇ
心裏有鬼	心裡有鬼	ㄒㄧㄣ-ㄌㄧˇ-ㄧㄡˇ-ㄍㄨㄟˇ
心裏話	心裡話	ㄒㄧㄣ-ㄌㄧˇ-ㄏㄨㄚˋ
必脣	必唇	ㄅㄧˋ-ㄔㄨㄣˊ
忌牀	忌床	ㄐㄧˋ-ㄔㄨㄤˊ
忙裏偷閑	忙裡偷閑	ㄇㄤˊ-ㄌㄧˇ-ㄊㄡ-ㄒㄧㄢˊ
忙裏偷閒	忙裡偷閒	ㄇㄤˊ-ㄌㄧˇ-ㄊㄡ-ㄒㄧㄢˊ
忙頭裏	忙頭裡	ㄇㄤˊ-ㄊㄡˊ-ㄌㄧˇ
快熟麪	快熟麵	ㄎㄨㄞˋ-ㄕㄡˊ-ㄇㄧㄢˋ
快綫	快線	ㄎㄨㄞˋ-ㄒㄧㄢˋ
快速麪	快速麵	ㄎㄨㄞˋ-ㄙㄨˋ-ㄇㄧㄢˋ
快食麪	快食麵	ㄎㄨㄞˋ-ㄕˊ-ㄇㄧㄢˋ
怎麼着	怎麼著	ㄗㄜˇ-ㄇㄛ˙-ㄓㄜ˙
性善説	性善說	ㄒㄧㄥˋ-ㄕㄢˋ-ㄕㄨㄛ
性小衆	性小眾	ㄒㄧㄥˋ-ㄒㄧㄠˇ-ㄓㄨㄥˋ
性行爲	性行為	ㄒㄧㄥˋ-ㄒㄧㄥˊ-ㄨㄟˊ
怪裏怪氣	怪裡怪氣	ㄍㄨㄞˋ-ㄌㄧˇ-ㄍㄨㄞˋ-ㄑㄧˋ
恅着	恅著	ㄌㄠˇ-ㄓㄜ˙
恣意妄爲	恣意妄為	ㄗˋ-ㄧˋ-ㄨㄤˋ-ㄨㄟˊ
恥與爲伍	恥與為伍	ㄔˇ-ㄩˇ-ㄨㄟˊ-ㄨˇ
恬淡無爲	恬淡無為	ㄊㄧㄢˊ-ㄉㄢˋ-ㄨˊ-ㄨㄟˊ
恰纔	恰才	ㄑㄧㄚˋ-ㄘㄞˊ
悠着點	悠著點	ㄧㄡ-ㄓㄜ˙-ㄉㄧㄢˇ
悶着	悶著	ㄇㄣ-ㄓㄜ˙
惑衆	惑眾	ㄏㄨㄛˋ-ㄓㄨㄥˋ
惡説	惡說	ㄜˋ-ㄕㄨㄛ
想着	想著	ㄒㄧㄤˇ-ㄓㄜ˙
意味着	意味著	ㄧˋ-ㄨㄟˋ-ㄓㄜ˙
意大利麪	意大利麵	ㄧˋ-ㄉㄚˋ-ㄌㄧˋ-ㄇㄧㄢˋ
意麪	意麵	ㄧˋ-ㄇㄧㄢˋ
愛着	愛著	ㄞˋ-ㄓㄜ˙
感染羣	感染群	ㄍㄢˇ-ㄖㄢˇ-ㄑㄩㄣˊ
慌裏慌張	慌裡慌張	ㄏㄨㄤ-ㄌㄧˇ-ㄏㄨㄤ-ㄓㄤ
慢綫	慢線	ㄇㄢˋ-ㄒㄧㄢˋ
懐裏	懐裡	ㄏㄨㄞˊ-ㄌㄧˇ
懷裏	懷裡	ㄏㄨㄞˊ-ㄌㄧˇ
戀牀	戀床	ㄌㄧㄢˋ-ㄔㄨㄤˊ
成爲	成為	ㄔㄥˊ-ㄨㄟˊ
成羣	成群	ㄔㄥˊ-ㄑㄩㄣˊ
成羣結隊	成群結隊	ㄔㄥˊ-ㄑㄩㄣˊ-ㄐㄧㄝˊ-ㄉㄨㄟˋ
我説	我說	ㄨㄛˇ-ㄕㄨㄛ
戰綫	戰線	ㄓㄢˋ-ㄒㄧㄢˋ
戲臺	戲台	ㄒㄧˋ-ㄊㄞˊ
戲臺子	戲台子	ㄒㄧˋ-ㄊㄞˊ-ㄗˇ
房檐兒	房簷兒	ㄈㄤˊ-ㄧㄢˊ-ㄦˊ
房檐檐	房簷簷	ㄈㄤˊ-ㄧㄢˊ-ㄧㄢˊ
所作所爲	所作所為	ㄙㄨㄛˇ-ㄗㄨㄛˋ-ㄙㄨㄛˇ-ㄨㄟˊ
所爲	所為	ㄙㄨㄛˇ-ㄨㄟˊ
所説	所說	ㄙㄨㄛˇ-ㄕㄨㄛ
手術臺	手術台	ㄕㄡˇ-ㄕㄨˋ-ㄊㄞˊ
手裏劍	手裡劍	ㄕㄡˇ-ㄌㄧˇ-ㄐㄧㄢˋ
打圞臺	打圞台	ㄉㄚˇ-ㄌㄨㄢˊ-ㄊㄞˊ
打對臺	打對台	ㄉㄚˇ-ㄉㄨㄟˋ-ㄊㄞˊ
打毛綫	打毛線	ㄉㄚˇ-ㄇㄠˊ-ㄒㄧㄢˋ
打滷麪	打滷麵	ㄉㄚˇ-ㄌㄨˇ-ㄇㄧㄢˋ
打羣架	打群架	ㄉㄚˇ-ㄑㄩㄣˊ-ㄐㄧㄚˋ
托鉢	托缽	ㄊㄨㄛ-ㄅㄛ
托鉢僧	托缽僧	ㄊㄨㄛ-ㄅㄛ-ㄙㄥ
扭虧爲盈	扭虧為盈	ㄋㄧㄡˇ-ㄎㄨㄟ-ㄨㄟˊ-ㄧㄥˊ
扯綫公仔	扯線公仔	ㄔㄜˇ-ㄒㄧㄢˋ-ㄍㄨㄥ-ㄗˇ
扶他那裏	扶他那裡	ㄈㄨˊ-ㄊㄚ-ㄋㄚˋ-ㄌㄧˇ
扶牀	扶床	ㄈㄨˊ-ㄔㄨㄤˊ
承上啓下	承上啟下	ㄔㄥˊ-ㄕㄤˋ-ㄑㄧˇ-ㄒㄧㄚˋ
承先啓後	承先啟後	ㄔㄥˊ-ㄒㄧㄢ-ㄑㄧˇ-ㄏㄡˋ
承前啓後	承前啟後	ㄔㄥˊ-ㄑㄧㄢˊ-ㄑㄧˇ-ㄏㄡˋ
抑着	抑著	ㄧˋ-ㄓㄜ˙
投檔綫	投檔線	ㄊㄡˊ-ㄉㄤˇ-ㄒㄧㄢˋ
抗中保臺	抗中保台	ㄎㄤˋ-ㄓㄨㄥ-ㄅㄠˇ-ㄊㄞˊ
折箭爲誓	折箭為誓	ㄓㄜˊ-ㄐㄧㄢˋ-ㄨㄟˊ-ㄕˋ
折綫	折線	ㄓㄜˊ-ㄒㄧㄢˋ
折綫圖	折線圖	ㄓㄜˊ-ㄒㄧㄢˋ-ㄊㄨˊ
抻條兒麪	抻條兒麵	ㄕㄣˋ-ㄊㄧㄠˊ-ㄦˊ-ㄇㄧㄢˋ
抻麪	抻麵	ㄕㄣˋ-ㄇㄧㄢˋ
拄着	拄著	ㄓㄨˇ-ㄓㄜ˙
拄着仔	拄著仔	ㄓㄨˇ-ㄓㄜ˙-ㄗˇ
拆爛汙	拆爛污	ㄔㄞ-ㄌㄢˋ-ㄨ
拆綫	拆線	ㄔㄞ-ㄒㄧㄢˋ
拆臺	拆台	ㄔㄞ-ㄊㄞˊ
拉麪	拉麵	ㄌㄚ-ㄇㄧㄢˋ
拋物綫	拋物線	ㄆㄠ-ㄨˋ-ㄒㄧㄢˋ
拌麪	拌麵	ㄅㄢˋ-ㄇㄧㄢˋ
拍亮綫	拍亮線	ㄆㄞ-ㄌㄧㄤˋ-ㄒㄧㄢˋ
拍麪	拍麵	ㄆㄞ-ㄇㄧㄢˋ
拔羣	拔群	ㄅㄚˊ-ㄑㄩㄣˊ
拖鞋麪包	拖鞋麵包	ㄊㄨㄛ-ㄒㄧㄝˊ-ㄇㄧㄢˋ-ㄅㄠ
拳擊臺	拳擊台	ㄑㄩㄢˊ-ㄐㄧˊ-ㄊㄞˊ
持説	持說	ㄔˊ-ㄕㄨㄛ
指南鍼	指南針	ㄓˇ-ㄋㄢˊ-ㄓㄣ
指天爲誓	指天為誓	ㄓˇ-ㄊㄧㄢ-ㄨㄟˊ-ㄕˋ
指腹爲婚	指腹為婚	ㄓˇ-ㄈㄨˋ-ㄨㄟˊ-ㄏㄨㄣ
指鹿爲馬	指鹿為馬	ㄓˇ-ㄌㄨˋ-ㄨㄟˊ-ㄇㄚˇ
指鼠爲鴨	指鼠為鴨	ㄓˇ-ㄕㄨˇ-ㄨㄟˊ-ㄧㄚ
按摩牀	按摩床	ㄢˋ-ㄇㄛˊ-ㄔㄨㄤˊ
挨臺	挨台	ㄞ-ㄊㄞˊ
捉姦在牀	捉姦在床	ㄓㄨㄛ-ㄐㄧㄢ-ㄗㄞˋ-ㄔㄨㄤˊ
捉雞汙	捉雞污	ㄓㄨㄛ-ㄐㄧ-ㄨ
掉綫	掉線	ㄉㄧㄠˋ-ㄒㄧㄢˋ
掌竈	掌灶	ㄓㄤˇ-ㄗㄠˋ
排佈	排布	ㄆㄞˊ-ㄅㄨˋ
排汙	排污	ㄆㄞˊ-ㄨ
排泄系統	排洩系統	ㄆㄞˊ-ㄒㄧㄝˋ-ㄒㄧˋ-ㄊㄨㄥˇ
排洩	排泄	ㄆㄞˊ-ㄒㄧㄝˋ
排洩物	排泄物	ㄆㄞˊ-ㄒㄧㄝˋ-ㄨˋ
掛綫	掛線	ㄍㄨㄚˋ-ㄒㄧㄢˋ
掛麪	掛麵	ㄍㄨㄚˋ-ㄇㄧㄢˋ
探祕	探秘	ㄊㄢˋ-ㄇㄧˋ
接地綫	接地線	ㄐㄧㄝ-ㄉㄧˋ-ㄒㄧㄢˋ
接着	接著	ㄐㄧㄝ-ㄓㄜ˙
接綫	接線	ㄐㄧㄝ-ㄒㄧㄢˋ
接綫員	接線員	ㄐㄧㄝ-ㄒㄧㄢˋ-ㄩㄢˊ
接綫板	接線板	ㄐㄧㄝ-ㄒㄧㄢˋ-ㄅㄢˇ
接觸綫	接觸線	ㄐㄧㄝ-ㄔㄨˋ-ㄒㄧㄢˋ
控制臺	控制台	ㄎㄨㄥˋ-ㄓˋ-ㄊㄞˊ
推理小説	推理小說	ㄊㄨㄟ-ㄌㄧˇ-ㄒㄧㄠˇ-ㄕㄨㄛ
提睾	提睪	ㄊㄧˊ-ㄍㄠ
提睾反射	提睪反射	ㄊㄧˊ-ㄍㄠ-ㄈㄢˇ-ㄕㄜˋ
提睾肌	提睪肌	ㄊㄧˊ-ㄍㄠ-ㄐㄧ
提綫木偶	提線木偶	ㄊㄧˊ-ㄒㄧㄢˋ-ㄇㄨˋ-ㄡˇ
插牀	插床	ㄔㄚ-ㄔㄨㄤˊ
插綫板	插線板	ㄔㄚ-ㄒㄧㄢˋ-ㄅㄢˇ
換臺	換台	ㄏㄨㄢˋ-ㄊㄞˊ
揦鮓麪	揦鮓麵	ㄌㄚˊ-ㄓㄚˇ-ㄇㄧㄢˋ
揭祕	揭秘	ㄐㄧㄝ-ㄇㄧˋ
搆得着	搆得著	ㄍㄡˋ-ㄉㄜˊ-ㄓㄜ˙
搖牀	搖床	ㄧㄠˊ-ㄔㄨㄤˊ
搭臺	搭台	ㄉㄚ-ㄊㄞˊ
搭錯綫	搭錯線	ㄉㄚ-ㄘㄨㄛˋ-ㄒㄧㄢˋ
搿搭裏	搿搭裡	ㄍㄜˊ-ㄉㄚ-ㄌㄧˇ
摵仔麪	摵仔麵	ㄙㄨㄛˇ-ㄗˇ-ㄇㄧㄢˋ
摸棱	摸稜	ㄇㄛ-ㄌㄥˊ
撈麪	撈麵	ㄌㄠ-ㄇㄧㄢˋ
撒胡椒麪	撒胡椒麵	ㄙㄚ-ㄏㄨˊ-ㄐㄧㄠ-ㄇㄧㄢˋ
撞着	撞著	ㄓㄨㄤˋ-ㄓㄜ˙
撫臺	撫台	ㄈㄨˇ-ㄊㄞˊ
撲棱	撲稜	ㄆㄨ-ㄌㄥˊ
撲棱蛾子	撲稜蛾子	ㄆㄨ-ㄌㄥˊ-ㄜˊ-ㄗˇ
擀麪	擀麵	ㄍㄢˇ-ㄇㄧㄢˋ
擀麪杖	擀麵杖	ㄍㄢˇ-ㄇㄧㄢˋ-ㄓㄤˋ
擀麪棍	擀麵棍	ㄍㄢˇ-ㄇㄧㄢˋ-ㄍㄨㄣˋ
擂臺	擂台	ㄌㄟˊ-ㄊㄞˊ
擂鉢	擂缽	ㄌㄟˊ-ㄅㄛ
擊劍綫	擊劍線	ㄐㄧˊ-ㄐㄧㄢˋ-ㄒㄧㄢˋ
擔仔麪	擔仔麵	ㄉㄢ-ㄗˇ-ㄇㄧㄢˋ
擔擔麪	擔擔麵	ㄉㄢ-ㄉㄢ-ㄇㄧㄢˋ
擔架牀	擔架床	ㄉㄢ-ㄐㄧㄚˋ-ㄔㄨㄤˊ
據爲己有	據為己有	ㄐㄩˋ-ㄨㄟˊ-ㄐㄧˇ-ㄧㄡˇ
擠佔	擠占	ㄐㄧˇ-ㄓㄢˋ
支棱	支稜	ㄓ-ㄌㄥˊ
支着兒	支著兒	ㄓ-ㄓㄜ˙-ㄦˊ
支綫	支線	ㄓ-ㄒㄧㄢˋ
收款臺	收款台	ㄕㄡ-ㄎㄨㄢˇ-ㄊㄞˊ
收綫	收線	ㄕㄡ-ㄒㄧㄢˋ
收銀臺	收銀台	ㄕㄡ-ㄧㄣˊ-ㄊㄞˊ
改爲	改為	ㄍㄞˇ-ㄨㄟˊ
攻占	攻佔	ㄍㄨㄥ-ㄓㄢˋ
放在眼裏	放在眼裡	ㄈㄤˋ-ㄗㄞˋ-ㄧㄢˇ-ㄌㄧˇ
放射綫	放射線	ㄈㄤˋ-ㄕㄜˋ-ㄒㄧㄢˋ
故事綫	故事線	ㄍㄨˋ-ㄕˋ-ㄒㄧㄢˋ
敎人	教人	ㄐㄧㄠ-ㄖㄣˊ
敎冊	教冊	ㄐㄧㄠ-ㄘㄜˋ
敎導	教導	ㄐㄧㄠ-ㄉㄠˇ
敎授	教授	ㄐㄧㄠ-ㄕㄡˋ
敎書	教書	ㄐㄧㄠ-ㄕㄨ
敎書匠	教書匠	ㄐㄧㄠ-ㄕㄨ-ㄐㄧㄤˋ
敎理	教理	ㄐㄧㄠ-ㄌㄧˇ
敎示	教示	ㄐㄧㄠ-ㄕˋ
敎祖	教祖	ㄐㄧㄠ-ㄗㄨˇ
敎科	教科	ㄐㄧㄠ-ㄎㄜ
敎識	教識	ㄐㄧㄠ-ㄕˋ
敎門	教門	ㄐㄧㄠ-ㄇㄣˊ
敘事綫	敘事線	ㄒㄩˋ-ㄕˋ-ㄒㄧㄢˋ
教衆	教眾	ㄐㄧㄠ-ㄓㄨㄥˋ
敢作敢爲	敢作敢為	ㄍㄢˇ-ㄗㄨㄛˋ-ㄍㄢˇ-ㄨㄟˊ
敢爲人先	敢為人先	ㄍㄢˇ-ㄨㄟˊ-ㄖㄣˊ-ㄒㄧㄢ
敢着	敢著	ㄍㄢˇ-ㄓㄜ˙
散佈圖	散布圖	ㄙㄢˋ-ㄅㄨˋ-ㄊㄨˊ
敬啓者	敬啟者	ㄐㄧㄥˋ-ㄑㄧˇ-ㄓㄜˇ
敵佔區	敵占區	ㄉㄧˊ-ㄓㄢˋ-ㄑㄩ
敵臺	敵台	ㄉㄧˊ-ㄊㄞˊ
敵衆我寡	敵眾我寡	ㄉㄧˊ-ㄓㄨㄥˋ-ㄨㄛˇ-ㄍㄨㄚˇ
數據綫	數據線	ㄕㄨˋ-ㄐㄩˋ-ㄒㄧㄢˋ
數綫	數線	ㄕㄨˋ-ㄒㄧㄢˋ
文祕	文秘	ㄨㄣˊ-ㄇㄧˋ
斑馬綫	斑馬線	ㄅㄢ-ㄇㄚˇ-ㄒㄧㄢˋ
斜綫	斜線	ㄒㄧㄝˊ-ㄒㄧㄢˋ
斜綫號	斜線號	ㄒㄧㄝˊ-ㄒㄧㄢˋ-ㄏㄠˋ
新幹綫	新幹線	ㄒㄧㄣ-ㄍㄢˋ-ㄒㄧㄢˋ
新房厝裏	新房厝裡	ㄒㄧㄣ-ㄈㄤˊ-ㄘㄨㄛˋ-ㄌㄧˇ
新臺票	新台票	ㄒㄧㄣ-ㄊㄞˊ-ㄆㄧㄠˋ
斷綫	斷線	ㄉㄨㄢˋ-ㄒㄧㄢˋ
斷綫風箏	斷線風箏	ㄉㄨㄢˋ-ㄒㄧㄢˋ-ㄈㄥ-ㄓㄥ
斷頭臺	斷頭台	ㄉㄨㄢˋ-ㄊㄡˊ-ㄊㄞˊ
方便麪	方便麵	ㄈㄤ-ㄅㄧㄢˋ-ㄇㄧㄢˋ
方臺	方台	ㄈㄤ-ㄊㄞˊ
方言羣	方言群	ㄈㄤ-ㄧㄢˊ-ㄑㄩㄣˊ
方鍼	方針	ㄈㄤ-ㄓㄣ
旋轉肌羣	旋轉肌群	ㄒㄩㄢˊ-ㄓㄨㄢˇ-ㄐㄧ-ㄑㄩㄣˊ
族羣	族群	ㄗㄨˊ-ㄑㄩㄣˊ
既有綫	既有線	ㄐㄧˋ-ㄧㄡˇ-ㄒㄧㄢˋ
日中心裏	日中心裡	ㄖˋ-ㄓㄨㄥ-ㄒㄧㄣ-ㄌㄧˇ
日光頭裏	日光頭裡	ㄖˋ-ㄍㄨㄤ-ㄊㄡˊ-ㄌㄧˇ
日影裏	日影裡	ㄖˋ-ㄧㄥˇ-ㄌㄧˇ
日影頭裏	日影頭裡	ㄖˋ-ㄧㄥˇ-ㄊㄡˊ-ㄌㄧˇ
日界綫	日界線	ㄖˋ-ㄐㄧㄝˋ-ㄒㄧㄢˋ
日裏	日裡	ㄖˋ-ㄌㄧˇ
日裏向	日裡向	ㄖˋ-ㄌㄧˇ-ㄒㄧㄤˋ
日裏頭	日裡頭	ㄖˋ-ㄌㄧˇ-ㄊㄡˊ
日觀峯	日觀峰	ㄖˋ-ㄍㄨㄢ-ㄈㄥ
日頭旺裏	日頭旺裡	ㄖˋ-ㄊㄡˊ-ㄨㄤˋ-ㄌㄧˇ
早泄	早洩	ㄗㄠˇ-ㄒㄧㄝˋ
早着	早著	ㄗㄠˇ-ㄓㄜ˙
早着先機	早著先機	ㄗㄠˇ-ㄓㄜ˙-ㄒㄧㄢ-ㄐㄧ
早走早着	早走早著	ㄗㄠˇ-ㄗㄡˇ-ㄗㄠˇ-ㄓㄜ˙
明峯	明峰	ㄇㄧㄥˊ-ㄈㄥ
明廚亮竈	明廚亮灶	ㄇㄧㄥˊ-ㄔㄨˊ-ㄌㄧㄤˋ-ㄗㄠˋ
明擺着	明擺著	ㄇㄧㄥˊ-ㄅㄞˇ-ㄓㄜ˙
明知就裏	明知就裡	ㄇㄧㄥˊ-ㄓ-ㄐㄧㄡˋ-ㄌㄧˇ
明裏	明裡	ㄇㄧㄥˊ-ㄌㄧˇ
明裏暗裏	明裡暗裡	ㄇㄧㄥˊ-ㄌㄧˇ-ㄢˋ-ㄌㄧˇ
易話爲	易話為	ㄧˋ-ㄏㄨㄚˋ-ㄨㄟˊ
星形綫	星形線	ㄒㄧㄥ-ㄒㄧㄥˊ-ㄒㄧㄢˋ
星系羣	星系群	ㄒㄧㄥ-ㄒㄧˋ-ㄑㄩㄣˊ
星羣	星群	ㄒㄧㄥ-ㄑㄩㄣˊ
星臺	星台	ㄒㄧㄥ-ㄊㄞˊ
星雲説	星雲說	ㄒㄧㄥ-ㄩㄣˊ-ㄕㄨㄛ
春裏	春裡	ㄔㄨㄣ-ㄌㄧˇ
時間綫	時間線	ㄕˊ-ㄐㄧㄢ-ㄒㄧㄢˋ
普實臺文	普實台文	ㄆㄨˇ-ㄕˊ-ㄊㄞˊ-ㄨㄣˊ
普羅大衆	普羅大眾	ㄆㄨˇ-ㄌㄨㄛˊ-ㄉㄚˋ-ㄓㄨㄥˋ
暗下裏	暗下裡	ㄢˋ-ㄒㄧㄚˋ-ㄌㄧˇ
暗地裏	暗地裡	ㄢˋ-ㄉㄧˋ-ㄌㄧˇ
暗暗裏	暗暗裡	ㄢˋ-ㄢˋ-ㄌㄧˇ
暗綫	暗線	ㄢˋ-ㄒㄧㄢˋ
暗裏	暗裡	ㄢˋ-ㄌㄧˇ
曬臺	曬台	ㄕㄞˋ-ㄊㄞˊ
曲克羣島	曲克群島	ㄑㄩˇ-ㄎㄜˋ-ㄑㄩㄣˊ-ㄉㄠˇ
曲説	曲說	ㄑㄩˇ-ㄕㄨㄛ
更爲	更為	ㄍㄥˋ-ㄨㄟˊ
書峯	書峰	ㄕㄨ-ㄈㄥ
最爲	最為	ㄗㄨㄟˋ-ㄨㄟˊ
會衆	會眾	ㄏㄨㄟˋ-ㄓㄨㄥˋ
月亮頭裏	月亮頭裡	ㄩㄝˋ-ㄌㄧㄤˋ-ㄊㄡˊ-ㄌㄧˇ
月子裏	月子裡	ㄩㄝˋ-ㄗ˙-ㄌㄧˇ
月臺	月台	ㄩㄝˋ-ㄊㄞˊ
月臺票	月台票	ㄩㄝˋ-ㄊㄞˊ-ㄆㄧㄠˋ
月裏	月裡	ㄩㄝˋ-ㄌㄧˇ
月裏向	月裡向	ㄩㄝˋ-ㄌㄧˇ-ㄒㄧㄤˋ
月裏囝	月裡囝	ㄩㄝˋ-ㄌㄧˇ-ㄋㄢ
有棱有角	有稜有角	ㄧㄡˇ-ㄌㄥˊ-ㄧㄡˇ-ㄐㄧㄠˇ
有爲	有為	ㄧㄡˇ-ㄨㄟˊ
有綫	有線	ㄧㄡˇ-ㄒㄧㄢˋ
有綫電視	有線電視	ㄧㄡˇ-ㄒㄧㄢˋ-ㄉㄧㄢˋ-ㄕˋ
服務臺	服務台	ㄈㄨˊ-ㄨˋ-ㄊㄞˊ
服衆	服眾	ㄈㄨˊ-ㄓㄨㄥˋ
木柵綫	木柵線	ㄇㄨˋ-ㄓㄚˋ-ㄒㄧㄢˋ
本星系羣	本星系群	ㄅㄣˇ-ㄒㄧㄥ-ㄒㄧˋ-ㄑㄩㄣˊ
本着	本著	ㄅㄣˇ-ㄓㄜ˙
本臺	本台	ㄅㄣˇ-ㄊㄞˊ
李羣	李群	ㄌㄧˇ-ㄑㄩㄣˊ
杯仔麪	杯仔麵	ㄅㄟ-ㄗˇ-ㄇㄧㄢˋ
杯杯麪	杯杯麵	ㄅㄟ-ㄅㄟ-ㄇㄧㄢˋ
杯麪	杯麵	ㄅㄟ-ㄇㄧㄢˋ
東北綫	東北線	ㄉㄨㄥ-ㄅㄟˇ-ㄒㄧㄢˋ
東區綫	東區線	ㄉㄨㄥ-ㄑㄩ-ㄒㄧㄢˋ
東沙羣島	東沙群島	ㄉㄨㄥ-ㄕㄚ-ㄑㄩㄣˊ-ㄉㄠˇ
東牀	東床	ㄉㄨㄥ-ㄔㄨㄤˊ
東臺灣	東台灣	ㄉㄨㄥ-ㄊㄞˊ-ㄨㄢ
東西綫	東西線	ㄉㄨㄥ-ㄒㄧ-ㄒㄧㄢˋ
松材綫蟲	松材線蟲	ㄙㄨㄥ-ㄘㄞˊ-ㄒㄧㄢˋ-ㄔㄨㄥˊ
板牀	板床	ㄅㄢˇ-ㄔㄨㄤˊ
板麪	板麵	ㄅㄢˇ-ㄇㄧㄢˋ
枉爲	枉為	ㄨㄤˇ-ㄨㄟˊ
枕頭麪包	枕頭麵包	ㄓㄣˇ-ㄊㄡˊ-ㄇㄧㄢˋ-ㄅㄠ
林海峯	林海峰	ㄌㄧㄣˊ-ㄏㄞˇ-ㄈㄥ
查某嫺	查某嫻	ㄔㄚˊ-ㄇㄡˇ-ㄒㄧㄢˊ
查號臺	查號台	ㄔㄚˊ-ㄏㄠˋ-ㄊㄞˊ
查覈	查核	ㄔㄚˊ-ㄏㄜˊ
柴臺	柴台	ㄔㄞˊ-ㄊㄞˊ
核心肌羣	核心肌群	ㄏㄜˊ-ㄒㄧㄣ-ㄐㄧ-ㄑㄩㄣˊ
核泄漏	核洩漏	ㄏㄜˊ-ㄒㄧㄝˋ-ㄌㄡˋ
根結綫蟲	根結線蟲	ㄍㄣ-ㄐㄧㄝˊ-ㄒㄧㄢˋ-ㄔㄨㄥˊ
格裏曆	格裡曆	ㄍㄜˊ-ㄌㄧˇ-ㄌㄧˋ
桃李臺	桃李台	ㄊㄠˊ-ㄌㄧˇ-ㄊㄞˊ
案牀	案床	ㄢˋ-ㄔㄨㄤˊ
桌球牀	桌球床	ㄓㄨㄛ-ㄑㄧㄡˊ-ㄔㄨㄤˊ
梁臺南	梁台南	ㄌㄧㄤˊ-ㄊㄞˊ-ㄋㄢˊ
條綫	條線	ㄊㄧㄠˊ-ㄒㄧㄢˋ
梟首示衆	梟首示眾	ㄒㄧㄠ-ㄕㄡˇ-ㄕˋ-ㄓㄨㄥˋ
梳化牀	梳化床	ㄕㄨ-ㄏㄨㄚˋ-ㄔㄨㄤˊ
梳妝臺	梳妝台	ㄕㄨ-ㄓㄨㄤ-ㄊㄞˊ
梳粧臺	梳粧台	ㄕㄨ-ㄓㄨㄤ-ㄊㄞˊ
棉紗綫	棉紗線	ㄇㄧㄢˊ-ㄕㄚ-ㄒㄧㄢˋ
棉綫	棉線	ㄇㄧㄢˊ-ㄒㄧㄢˋ
棋佈	棋布	ㄑㄧˊ-ㄅㄨˋ
棋佈星羅	棋布星羅	ㄑㄧˊ-ㄅㄨˋ-ㄒㄧㄥ-ㄌㄨㄛˊ
棒子麪	棒子麵	ㄅㄤˋ-ㄗ˙-ㄇㄧㄢˋ
棱堡	稜堡	ㄌㄥˊ-ㄅㄠˇ
棱子	稜子	ㄌㄥˊ-ㄗˇ
棱角絲瓜	稜角絲瓜	ㄌㄥˊ-ㄐㄧㄠˇ-ㄙ-ㄍㄨㄚ
棺牀	棺床	ㄍㄨㄢ-ㄔㄨㄤˊ
植物羣	植物群	ㄓˊ-ㄨˋ-ㄑㄩㄣˊ
植物羣落	植物群落	ㄓˊ-ㄨˋ-ㄑㄩㄣˊ-ㄌㄨㄛˋ
極爲	極為	ㄐㄧˊ-ㄨㄟˊ
概説	概說	ㄍㄞˋ-ㄕㄨㄛ
槽牀	槽床	ㄘㄠˊ-ㄔㄨㄤˊ
樓臺	樓台	ㄌㄡˊ-ㄊㄞˊ
樓閣臺榭	樓閣台榭	ㄌㄡˊ-ㄍㄜˊ-ㄊㄞˊ-ㄒㄧㄝˋ
標綫	標線	ㄅㄧㄠ-ㄒㄧㄢˋ
模仔麪	模仔麵	ㄇㄛˊ-ㄗˇ-ㄇㄧㄢˋ
模棱	模稜	ㄇㄛˊ-ㄌㄥˊ
橋臺	橋台	ㄑㄧㄠˊ-ㄊㄞˊ
橘裏橘氣	橘裡橘氣	ㄐㄩˊ-ㄌㄧˇ-ㄐㄩˊ-ㄑㄧˋ
機器麪	機器麵	ㄐㄧ-ㄑㄧˋ-ㄇㄧㄢˋ
機牀	機床	ㄐㄧ-ㄔㄨㄤˊ
機羣	機群	ㄐㄧ-ㄑㄩㄣˊ
橡皮綫	橡皮線	ㄒㄧㄤˋ-ㄆㄧˊ-ㄒㄧㄢˋ
橫渡綫	橫渡線	ㄏㄥˊ-ㄉㄨˋ-ㄒㄧㄢˋ
橫綫	橫線	ㄏㄥˊ-ㄒㄧㄢˋ
橫道綫	橫道線	ㄏㄥˊ-ㄉㄠˋ-ㄒㄧㄢˋ
檐下	簷下	ㄧㄢˊ-ㄒㄧㄚˋ
檐墘	簷墘	ㄧㄢˊ-ㄑㄧˊ
檐墘頭	簷墘頭	ㄧㄢˊ-ㄑㄧˊ-ㄊㄡˊ
檐子	簷子	ㄧㄢˊ-ㄗˇ
檐柱	簷柱	ㄧㄢˊ-ㄓㄨˋ
檐溝	簷溝	ㄧㄢˊ-ㄍㄡ
檐篷	簷篷	ㄧㄢˊ-ㄆㄥˊ
檐老鼠	簷老鼠	ㄧㄢˊ-ㄌㄠˇ-ㄕㄨˇ
檐老鼠兒	簷老鼠兒	ㄧㄢˊ-ㄌㄠˇ-ㄕㄨˇ-ㄦˊ
檐蛇	簷蛇	ㄧㄢˊ-ㄕㄜˊ
檐蛇仔	簷蛇仔	ㄧㄢˊ-ㄕㄜˊ-ㄗˇ
檐階石	簷階石	ㄧㄢˊ-ㄐㄧㄝ-ㄕˊ
檐鼓	簷鼓	ㄧㄢˊ-ㄍㄨˇ
檐龍	簷龍	ㄧㄢˊ-ㄌㄨㄥˊ
櫃臺	櫃台	ㄍㄨㄟˋ-ㄊㄞˊ
歃血爲盟	歃血為盟	ㄕㄚˋ-ㄒㄧㄝˇ-ㄨㄟˊ-ㄇㄥˊ
歌臺	歌台	ㄍㄜ-ㄊㄞˊ
歌臺舞榭	歌台舞榭	ㄍㄜ-ㄊㄞˊ-ㄨˇ-ㄒㄧㄝˋ
歎爲聽止	歎為聽止	ㄊㄢˋ-ㄨㄟˊ-ㄊㄧㄥ-ㄓˇ
歎爲觀止	歎為觀止	ㄊㄢˋ-ㄨㄟˊ-ㄍㄨㄢ-ㄓˇ
止戈爲武	止戈為武	ㄓˇ-ㄍㄜ-ㄨㄟˊ-ㄨˇ
正態分佈	正態分布	ㄓㄥˋ-ㄊㄞˋ-ㄈㄣ-ㄅㄨˋ
正綫	正線	ㄓㄥˋ-ㄒㄧㄢˋ
步步爲營	步步為營	ㄅㄨˋ-ㄅㄨˋ-ㄨㄟˊ-ㄧㄥˊ
武士棱	武士稜	ㄨˇ-ㄕˋ-ㄌㄥˊ
武藤啓	武藤啟	ㄨˇ-ㄊㄥˊ-ㄑㄧˇ
歷史綫圖	歷史線圖	ㄌㄧˋ-ㄕˇ-ㄒㄧㄢˋ-ㄊㄨˊ
死亡綫	死亡線	ㄙˇ-ㄨㄤˊ-ㄒㄧㄢˋ
死綫	死線	ㄙˇ-ㄒㄧㄢˋ
死裏逃生	死裡逃生	ㄙˇ-ㄌㄧˇ-ㄊㄠˊ-ㄕㄥ
死麪	死麵	ㄙˇ-ㄇㄧㄢˋ
死麪兒	死麵兒	ㄙˇ-ㄇㄧㄢˋ-ㄦˊ
死麪餅	死麵餅	ㄙˇ-ㄇㄧㄢˋ-ㄅㄧㄥˇ
毋着	毋著	ㄨˊ-ㄓㄜ˙
母綫	母線	ㄇㄨˇ-ㄒㄧㄢˋ
毛綫	毛線	ㄇㄠˊ-ㄒㄧㄢˋ
毛綫衣	毛線衣	ㄇㄠˊ-ㄒㄧㄢˋ-ㄧ
毛綫衫	毛線衫	ㄇㄠˊ-ㄒㄧㄢˋ-ㄕㄢ
毛羣	毛群	ㄇㄠˊ-ㄑㄩㄣˊ
民衆	民眾	ㄇㄧㄣˊ-ㄓㄨㄥˋ
民衆國	民眾國	ㄇㄧㄣˊ-ㄓㄨㄥˋ-ㄍㄨㄛˊ
民衆黨	民眾黨	ㄇㄧㄣˊ-ㄓㄨㄥˋ-ㄉㄤˇ
氣象臺	氣象台	ㄑㄧˋ-ㄒㄧㄤˋ-ㄊㄞˊ
水平綫	水平線	ㄕㄨㄟˇ-ㄆㄧㄥˊ-ㄒㄧㄢˋ
水星臺	水星台	ㄕㄨㄟˇ-ㄒㄧㄥ-ㄊㄞˊ
水汙染	水污染	ㄕㄨㄟˇ-ㄨ-ㄖㄢˇ
水綫	水線	ㄕㄨㄟˇ-ㄒㄧㄢˋ
水羣	水群	ㄕㄨㄟˇ-ㄑㄩㄣˊ
汙七八糟	污七八糟	ㄨ-ㄑㄧ-ㄅㄚ-ㄗㄠ
汙名化	污名化	ㄨ-ㄇㄧㄥˊ-ㄏㄨㄚˋ
汙喏	污喏	ㄨ-ㄋㄨㄛˋ
汙損	污損	ㄨ-ㄙㄨㄣˇ
汙染區	污染區	ㄨ-ㄖㄢˇ-ㄑㄩ
汙染源	污染源	ㄨ-ㄖㄢˇ-ㄩㄢˊ
汙水池	污水池	ㄨ-ㄕㄨㄟˇ-ㄔˊ
汙水溝	污水溝	ㄨ-ㄕㄨㄟˇ-ㄍㄡ
汙水管	污水管	ㄨ-ㄕㄨㄟˇ-ㄍㄨㄢˇ
汙泥濁水	污泥濁水	ㄨ-ㄋㄧˊ-ㄓㄨㄛˊ-ㄕㄨㄟˇ
汙漫	污漫	ㄨ-ㄇㄢˋ
汙澤	污澤	ㄨ-ㄗㄜˊ
汙物	污物	ㄨ-ㄨˋ
汙痕	污痕	ㄨ-ㄏㄣˊ
汙稀鬼	污稀鬼	ㄨ-ㄒㄧ-ㄍㄨㄟˇ
汙糟	污糟	ㄨ-ㄗㄠ
汙糟嘢	污糟嘢	ㄨ-ㄗㄠ-ㄧㄝˇ
汙糟貓	污糟貓	ㄨ-ㄗㄠ-ㄇㄠ
汙糟邋遢	污糟邋遢	ㄨ-ㄗㄠ-ㄌㄚˊ-ㄊㄚˋ
汙蔑	污蔑	ㄨ-ㄇㄧㄝˋ
汙跡	污跡	ㄨ-ㄐㄧ
汙頭髮	污頭髮	ㄨ-ㄊㄡˊ-ㄈㄚˇ
汙騰蒼蠅	污騰蒼蠅	ㄨ-ㄊㄥˊ-ㄘㄤ-ㄧㄥˊ
汙點證人	污點證人	ㄨ-ㄉㄧㄢˇ-ㄓㄥˋ-ㄖㄣˊ
江牀	江床	ㄐㄧㄤ-ㄔㄨㄤˊ
汪家臺	汪家台	ㄨㄤ-ㄐㄧㄚ-ㄊㄞˊ
汪祕	汪秘	ㄨㄤ-ㄇㄧˋ
沙田綫	沙田線	ㄕㄚ-ㄊㄧㄢˊ-ㄒㄧㄢˋ
沙發牀	沙發床	ㄕㄚ-ㄈㄚ-ㄔㄨㄤˊ
沙綫	沙線	ㄕㄚ-ㄒㄧㄢˋ
沙茶麪	沙茶麵	ㄕㄚ-ㄔㄚˊ-ㄇㄧㄢˋ
沮洩	沮泄	ㄐㄩ-ㄒㄧㄝˋ
河牀	河床	ㄏㄜˊ-ㄔㄨㄤˊ
河脣	河唇	ㄏㄜˊ-ㄔㄨㄣˊ
油壓牀	油壓床	ㄧㄡˊ-ㄧㄚ-ㄔㄨㄤˊ
油外泄	油外洩	ㄧㄡˊ-ㄨㄞˋ-ㄒㄧㄝˋ
油汙	油污	ㄧㄡˊ-ㄨ
油潑扯麪	油潑扯麵	ㄧㄡˊ-ㄆㄛ-ㄔㄜˇ-ㄇㄧㄢˋ
油潑麪	油潑麵	ㄧㄡˊ-ㄆㄛ-ㄇㄧㄢˋ
油麪	油麵	ㄧㄡˊ-ㄇㄧㄢˋ
油麪筋	油麵筋	ㄧㄡˊ-ㄇㄧㄢˋ-ㄐㄧㄣ
治汙	治污	ㄓˋ-ㄨ
沿着	沿著	ㄧㄢˊ-ㄓㄜ˙
沿綫	沿線	ㄧㄢˊ-ㄒㄧㄢˋ
泄勁	洩勁	ㄒㄧㄝˋ-ㄐㄧㄣˋ
泄密	洩密	ㄒㄧㄝˋ-ㄇㄧˋ
泄尿	洩尿	ㄒㄧㄝˋ-ㄋㄧㄠˋ
泄底	洩底	ㄒㄧㄝˋ-ㄉㄧˇ
泄忿	洩忿	ㄒㄧㄝˋ-ㄈㄣˋ
泄欲	洩欲	ㄒㄧㄝˋ-ㄩˋ
泄水	洩水	ㄒㄧㄝˋ-ㄕㄨㄟˇ
泄泄	洩洩	ㄒㄧㄝˋ-ㄒㄧㄝˋ
泄洪道	洩洪道	ㄒㄧㄝˋ-ㄏㄨㄥˊ-ㄉㄠˋ
泄湖	洩湖	ㄒㄧㄝˋ-ㄏㄨˊ
泄漏天機	洩漏天機	ㄒㄧㄝˋ-ㄌㄡˋ-ㄊㄧㄢ-ㄐㄧ
泄瀉	洩瀉	ㄒㄧㄝˋ-ㄒㄧㄝˋ
泄精	洩精	ㄒㄧㄝˋ-ㄐㄧㄥ
泄題	洩題	ㄒㄧㄝˋ-ㄊㄧˊ
泉臺	泉台	ㄑㄩㄢˊ-ㄊㄞˊ
泊松分佈	泊松分布	ㄅㄛˊ-ㄙㄨㄥ-ㄈㄣ-ㄅㄨˋ
法不責衆	法不責眾	ㄈㄚˇ-ㄅㄨˋ-ㄗㄜˊ-ㄓㄨㄥˋ
法綫	法線	ㄈㄚˇ-ㄒㄧㄢˋ
法羅羣島	法羅群島	ㄈㄚˇ-ㄌㄨㄛˊ-ㄑㄩㄣˊ-ㄉㄠˇ
泡麪	泡麵	ㄆㄠˋ-ㄇㄧㄢˋ
泡麪番	泡麵番	ㄆㄠˋ-ㄇㄧㄢˋ-ㄈㄢ
波動説	波動說	ㄅㄛ-ㄉㄨㄥˋ-ㄕㄨㄛ
波峯	波峰	ㄆㄛ-ㄈㄥ
波棱蓋	波稜蓋	ㄆㄛ-ㄌㄥˊ-ㄍㄞˋ
波棱蓋兒	波稜蓋兒	ㄆㄛ-ㄌㄥˊ-ㄍㄞˋ-ㄦˊ
泥汙	泥污	ㄋㄧˊ-ㄨ
洋麪	洋麵	ㄧㄤˊ-ㄇㄧㄢˋ
洗臉臺	洗臉台	ㄒㄧˇ-ㄌㄧㄢˇ-ㄊㄞˊ
洗面臺	洗面台	ㄒㄧˇ-ㄇㄧㄢˋ-ㄊㄞˊ
洗髮皁	洗髮皂	ㄒㄧˇ-ㄈㄚˇ-ㄗㄠˋ
洩沓	泄沓	ㄒㄧㄝˋ-ㄊㄚˋ
洪峯	洪峰	ㄏㄨㄥˊ-ㄈㄥ
活着	活著	ㄏㄨㄛˊ-ㄓㄜ˙
派臺	派台	ㄆㄞˋ-ㄊㄞˊ
流佈	流布	ㄌㄧㄡˊ-ㄅㄨˋ
流星羣	流星群	ㄌㄧㄡˊ-ㄒㄧㄥ-ㄑㄩㄣˊ
流水綫	流水線	ㄌㄧㄡˊ-ㄕㄨㄟˇ-ㄒㄧㄢˋ
流理臺	流理台	ㄌㄧㄡˊ-ㄌㄧˇ-ㄊㄞˊ
流綫	流線	ㄌㄧㄡˊ-ㄒㄧㄢˋ
流綫型	流線型	ㄌㄧㄡˊ-ㄒㄧㄢˋ-ㄒㄧㄥˊ
流裏流氣	流裡流氣	ㄌㄧㄡˊ-ㄌㄧˇ-ㄌㄧㄡˊ-ㄑㄧˋ
流説	流說	ㄌㄧㄡˊ-ㄕㄨㄛ
浪白竈	浪白灶	ㄌㄤˋ-ㄅㄞˊ-ㄗㄠˋ
浮冰羣	浮冰群	ㄈㄨˊ-ㄅㄧㄥ-ㄑㄩㄣˊ
海岸綫	海岸線	ㄏㄞˇ-ㄢˋ-ㄒㄧㄢˋ
海牀	海床	ㄏㄞˇ-ㄔㄨㄤˊ
海脣	海唇	ㄏㄞˇ-ㄔㄨㄣˊ
海臺	海台	ㄏㄞˇ-ㄊㄞˊ
浼汙	浼污	ㄇㄟˇ-ㄨ
涼拌麪	涼拌麵	ㄌㄧㄤˊ-ㄅㄢˋ-ㄇㄧㄢˋ
涼臺	涼台	ㄌㄧㄤˊ-ㄊㄞˊ
涼麪	涼麵	ㄌㄧㄤˊ-ㄇㄧㄢˋ
淋麪	淋麵	ㄌㄧㄣˊ-ㄇㄧㄢˋ
淪爲	淪為	ㄌㄨㄣˊ-ㄨㄟˊ
淫汙	淫污	ㄧㄣˊ-ㄨ
淮橘爲枳	淮橘為枳	ㄏㄨㄞˊ-ㄐㄩˊ-ㄨㄟˊ-ㄓˇ
深孚衆望	深孚眾望	ㄕㄣ-ㄈㄨˊ-ㄓㄨㄥˋ-ㄨㄤˋ
混爲一談	混為一談	ㄏㄨㄣˋ-ㄨㄟˊ-ㄧ-ㄊㄢˊ
清汙	清污	ㄑㄧㄥ-ㄨ
清湯麪	清湯麵	ㄑㄧㄥ-ㄊㄤ-ㄇㄧㄢˋ
清靜無爲	清靜無為	ㄑㄧㄥ-ㄐㄧㄥˋ-ㄨˊ-ㄨㄟˊ
渡綫	渡線	ㄉㄨˋ-ㄒㄧㄢˋ
測地綫	測地線	ㄘㄜˋ-ㄉㄧˋ-ㄒㄧㄢˋ
港澳臺	港澳台	ㄍㄤˇ-ㄠˋ-ㄊㄞˊ
港臺	港台	ㄍㄤˇ-ㄊㄞˊ
港臺腔	港台腔	ㄍㄤˇ-ㄊㄞˊ-ㄑㄧㄤ
湖脣	湖唇	ㄏㄨˊ-ㄔㄨㄣˊ
湯加羣島	湯加群島	ㄊㄤ-ㄐㄧㄚ-ㄑㄩㄣˊ-ㄉㄠˇ
湯麪	湯麵	ㄊㄤ-ㄇㄧㄢˋ
準綫	準線	ㄓㄨㄣˇ-ㄒㄧㄢˋ
溪牀	溪床	ㄒㄧ-ㄔㄨㄤˊ
溫牀	溫床	ㄨㄣ-ㄔㄨㄤˊ
溫裏藥	溫裡藥	ㄨㄣ-ㄌㄧˇ-ㄧㄠˋ
滑臺	滑台	ㄏㄨㄚˊ-ㄊㄞˊ
滴水檐	滴水簷	ㄉㄧ-ㄕㄨㄟˇ-ㄧㄢˊ
滴裏噹啷	滴裡噹啷	ㄉㄧ-ㄌㄧˇ-ㄉㄤ-ㄌㄤ
滾牀單	滾床單	ㄍㄨㄣˇ-ㄔㄨㄤˊ-ㄉㄢ
滿以爲	滿以為	ㄇㄢˇ-ㄧˇ-ㄨㄟˊ
漆包綫	漆包線	ㄑㄧ-ㄅㄠ-ㄒㄧㄢˋ
漆綫雕	漆線雕	ㄑㄧ-ㄒㄧㄢˋ-ㄉㄧㄠ
漏泄	漏洩	ㄌㄡˋ-ㄒㄧㄝˋ
演臺	演台	ㄧㄢˇ-ㄊㄞˊ
演説	演說	ㄧㄢˇ-ㄕㄨㄛ
演説者	演說者	ㄧㄢˇ-ㄕㄨㄛ-ㄓㄜˇ
漸近綫	漸近線	ㄐㄧㄢˋ-ㄐㄧㄣˋ-ㄒㄧㄢˋ
潛臺詞	潛台詞	ㄑㄧㄢˇ-ㄊㄞˊ-ㄘˊ
潤脣膏	潤唇膏	ㄖㄨㄣˋ-ㄔㄨㄣˊ-ㄍㄠ
澄麪	澄麵	ㄔㄥˊ-ㄇㄧㄢˋ
澎湖羣島	澎湖群島	ㄆㄥˊ-ㄏㄨˊ-ㄑㄩㄣˊ-ㄉㄠˇ
澹臺	澹台	ㄉㄢˋ-ㄊㄞˊ
濫官汙吏	濫官污吏	ㄌㄢˋ-ㄍㄨㄢ-ㄨ-ㄌㄧˋ
瀛臺	瀛台	ㄧㄥˊ-ㄊㄞˊ
火綫	火線	ㄏㄨㄛˇ-ㄒㄧㄢˋ
火鉢	火缽	ㄏㄨㄛˇ-ㄅㄛ
灰度發佈	灰度發布	ㄏㄨㄟ-ㄉㄨˋ-ㄈㄚ-ㄅㄨˋ
灰麪	灰麵	ㄏㄨㄟ-ㄇㄧㄢˋ
灶臺	灶台	ㄗㄠˋ-ㄊㄞˊ
灶門	竈門	ㄗㄠˋ-ㄇㄣˊ
炊牀	炊床	ㄔㄨㄟ-ㄔㄨㄤˊ
炒碼麪	炒碼麵	ㄔㄠˇ-ㄇㄚˇ-ㄇㄧㄢˋ
炒麪	炒麵	ㄔㄠˇ-ㄇㄧㄢˋ
炕牀	炕床	ㄎㄤˋ-ㄔㄨㄤˊ
炮臺	炮台	ㄆㄠˋ-ㄊㄞˊ
炮臺山	炮台山	ㄆㄠˋ-ㄊㄞˊ-ㄕㄢ
炳着	炳著	ㄅㄧㄥˇ-ㄓㄜ˙
炸醬麪	炸醬麵	ㄓㄚˊ-ㄐㄧㄤˋ-ㄇㄧㄢˋ
烏冬麪	烏冬麵	ㄨ-ㄉㄨㄥ-ㄇㄧㄢˋ
烏合之衆	烏合之眾	ㄨ-ㄏㄜˊ-ㄓ-ㄓㄨㄥˋ
烏龍麪	烏龍麵	ㄨ-ㄌㄨㄥˊ-ㄇㄧㄢˋ
烤寬麪條	烤寬麵條	ㄎㄠˇ-ㄎㄨㄢ-ㄇㄧㄢˋ-ㄊㄧㄠˊ
烤麪包	烤麵包	ㄎㄠˇ-ㄇㄧㄢˋ-ㄅㄠ
烤麪包機	烤麵包機	ㄎㄠˇ-ㄇㄧㄢˋ-ㄅㄠ-ㄐㄧ
烤麪餅	烤麵餅	ㄎㄠˇ-ㄇㄧㄢˋ-ㄅㄧㄥˇ
無以爲繼	無以為繼	ㄨˊ-ㄧˇ-ㄨㄟˊ-ㄐㄧˋ
無作爲	無作為	ㄨˊ-ㄗㄨㄛˋ-ㄨㄟˊ
無定着	無定著	ㄨˊ-ㄉㄧㄥˋ-ㄓㄜ˙
無所不爲	無所不為	ㄨˊ-ㄙㄨㄛˇ-ㄅㄨˋ-ㄨㄟˊ
無所作爲	無所作為	ㄨˊ-ㄙㄨㄛˇ-ㄗㄨㄛˋ-ㄨㄟˊ
無爲	無為	ㄨˊ-ㄨㄟˊ
無爲而治	無為而治	ㄨˊ-ㄨㄟˊ-ㄦˊ-ㄓˋ
無着	無著	ㄨˊ-ㄓㄜ˙
無綫	無線	ㄨˊ-ㄒㄧㄢˋ
無綫上網	無線上網	ㄨˊ-ㄒㄧㄢˋ-ㄕㄤˋ-ㄨㄤˇ
無綫網絡	無線網絡	ㄨˊ-ㄒㄧㄢˋ-ㄨㄤˇ-ㄌㄨㄛˋ
無綫網路	無線網路	ㄨˊ-ㄒㄧㄢˋ-ㄨㄤˇ-ㄌㄨˋ
無綫電	無線電	ㄨˊ-ㄒㄧㄢˋ-ㄉㄧㄢˋ
無綫電報	無線電報	ㄨˊ-ㄒㄧㄢˋ-ㄉㄧㄢˋ-ㄅㄠˋ
無綫電波	無線電波	ㄨˊ-ㄒㄧㄢˋ-ㄉㄧㄢˋ-ㄅㄛ
無綫電話	無線電話	ㄨˊ-ㄒㄧㄢˋ-ㄉㄧㄢˋ-ㄏㄨㄚˋ
無線電臺	無線電台	ㄨˊ-ㄒㄧㄢˋ-ㄉㄧㄢˋ-ㄊㄞˊ
無能爲力	無能為力	ㄨˊ-ㄋㄥˊ-ㄨㄟˊ-ㄌㄧˋ
煙牀	煙床	ㄧㄢ-ㄔㄨㄤˊ
煙臺	煙台	ㄧㄢ-ㄊㄞˊ
煙臺市	煙台市	ㄧㄢ-ㄊㄞˊ-ㄕˋ
煞着	煞著	ㄕㄚˋ-ㄓㄜ˙
照着	照著	ㄓㄠˋ-ㄓㄜ˙
熟泡麪	熟泡麵	ㄕㄡˊ-ㄆㄠˋ-ㄇㄧㄢˋ
熟麪	熟麵	ㄕㄡˊ-ㄇㄧㄢˋ
熱乾麪	熱乾麵	ㄖㄜˋ-ㄍㄢ-ㄇㄧㄢˋ
熱着	熱著	ㄖㄜˋ-ㄓㄜ˙
熱綫	熱線	ㄖㄜˋ-ㄒㄧㄢˋ
燈臺	燈台	ㄉㄥ-ㄊㄞˊ
燙麪餃	燙麵餃	ㄊㄤˋ-ㄇㄧㄢˋ-ㄐㄧㄠˇ
營爲	營為	ㄧㄥˊ-ㄨㄟˊ
燭臺	燭台	ㄓㄨˊ-ㄊㄞˊ
燴麪	燴麵	ㄏㄨㄟˋ-ㄇㄧㄢˋ
爐牀	爐床	ㄌㄨˊ-ㄔㄨㄤˊ
爐竈	爐灶	ㄌㄨˊ-ㄗㄠˋ
爐臺	爐台	ㄌㄨˊ-ㄊㄞˊ
爛汙	爛污	ㄌㄢˋ-ㄨ
爛汙人	爛污人	ㄌㄢˋ-ㄨ-ㄖㄣˊ
爛汙泥	爛污泥	ㄌㄢˋ-ㄨ-ㄋㄧˊ
爛糊麪	爛糊麵	ㄌㄢˋ-ㄏㄨˊ-ㄇㄧㄢˋ
爭風喫醋	爭風吃醋	ㄓㄥ-ㄈㄥ-ㄔ-ㄘㄨˋ
爲主	為主	ㄨㄟˊ-ㄓㄨˇ
爲之	為之	ㄨㄟˊ-ㄓ
爲乜	為乜	ㄨㄟˊ-ㄋㄧㄝˋ
爲人	為人	ㄨㄟˊ-ㄖㄣˊ
爲人師表	為人師表	ㄨㄟˊ-ㄖㄣˊ-ㄕ-ㄅㄧㄠˇ
爲人處世	為人處世	ㄨㄟˊ-ㄖㄣˊ-ㄔㄨˇ-ㄕˋ
爲什哩	為什哩	ㄨㄟˊ-ㄕˊ-ㄌㄧˇ
爲什物	為什物	ㄨㄟˊ-ㄕˊ-ㄨˋ
爲仔	為仔	ㄨㄟˊ-ㄗˇ
爲伍	為伍	ㄨㄟˊ-ㄨˇ
爲何	為何	ㄨㄟˊ-ㄏㄜˊ
爲例	為例	ㄨㄟˊ-ㄌㄧˋ
爲力	為力	ㄨㄟˊ-ㄌㄧˋ
爲反而反	為反而反	ㄨㄟˊ-ㄈㄢˇ-ㄦˊ-ㄈㄢˇ
爲啥	為啥	ㄨㄟˊ-ㄕㄚˊ
爲啥物	為啥物	ㄨㄟˊ-ㄕㄚˊ-ㄨˋ
爲啥體	為啥體	ㄨㄟˊ-ㄕㄚˊ-ㄊㄧˇ
爲善	為善	ㄨㄟˊ-ㄕㄢˋ
爲善最樂	為善最樂	ㄨㄟˊ-ㄕㄢˋ-ㄗㄨㄟˋ-ㄌㄜˋ
爲因	為因	ㄨㄟˊ-ㄧㄣ
爲夫	為夫	ㄨㄟˊ-ㄈㄨ
爲學	為學	ㄨㄟˊ-ㄒㄩㄝˊ
爲害	為害	ㄨㄟˊ-ㄏㄞˋ
爲富不仁	為富不仁	ㄨㄟˊ-ㄈㄨˋ-ㄅㄨˋ-ㄖㄣˊ
爲師	為師	ㄨㄟˊ-ㄕ
爲意	為意	ㄨㄟˊ-ㄧˋ
爲所欲爲	為所欲為	ㄨㄟˊ-ㄙㄨㄛˇ-ㄩˋ-ㄨㄟˊ
爲手	為手	ㄨㄟˊ-ㄕㄡˇ
爲政	為政	ㄨㄟˊ-ㄓㄥˋ
爲政者	為政者	ㄨㄟˊ-ㄓㄥˋ-ㄓㄜˇ
爲數	為數	ㄨㄟˊ-ㄕㄨˋ
爲時不遠	為時不遠	ㄨㄟˊ-ㄕˊ-ㄅㄨˋ-ㄩㄢˇ
爲時已晚	為時已晚	ㄨㄟˊ-ㄕˊ-ㄧˇ-ㄨㄢˇ
爲時未晚	為時未晚	ㄨㄟˊ-ㄕˊ-ㄨㄟˋ-ㄨㄢˇ
爲期	為期	ㄨㄟˊ-ㄑㄧˊ
爲止	為止	ㄨㄟˊ-ㄓˇ
爲求	為求	ㄨㄟˊ-ㄑㄧㄡˊ
爲準	為準	ㄨㄟˊ-ㄓㄨㄣˇ
爲父	為父	ㄨㄟˊ-ㄈㄨˋ
爲生	為生	ㄨㄟˊ-ㄕㄥ
爲盼	為盼	ㄨㄟˊ-ㄆㄢˋ
爲荷	為荷	ㄨㄟˊ-ㄏㄜˊ
爲虎傅翼	為虎傅翼	ㄨㄟˊ-ㄏㄨ-ㄈㄨˋ-ㄧˋ
爲虎添翼	為虎添翼	ㄨㄟˊ-ㄏㄨ-ㄊㄧㄢ-ㄧˋ
爲重	為重	ㄨㄟˊ-ㄓㄨㄥˋ
爲限	為限	ㄨㄟˊ-ㄒㄧㄢˋ
爲難	為難	ㄨㄟˊ-ㄋㄢˊ
爲非作歹	為非作歹	ㄨㄟˊ-ㄈㄟ-ㄗㄨㄛˋ-ㄉㄞˇ
爲食	為食	ㄨㄟˊ-ㄕˊ
爲食啄	為食啄	ㄨㄟˊ-ㄕˊ-ㄓㄨㄛˊ
爲食貓	為食貓	ㄨㄟˊ-ㄕˊ-ㄇㄠ
爲食鬼	為食鬼	ㄨㄟˊ-ㄕˊ-ㄍㄨㄟˇ
爲首	為首	ㄨㄟˊ-ㄕㄡˇ
爲麼子	為麼子	ㄨㄟˊ-ㄇㄜ˙-ㄗˇ
爵牀草	爵床草	ㄐㄩㄝˊ-ㄔㄨㄤˊ-ㄘㄠˇ
父臺	父台	ㄈㄨˋ-ㄊㄞˊ
牀上	床上	ㄔㄨㄤˊ-ㄕㄤˋ
牀上用品	床上用品	ㄔㄨㄤˊ-ㄕㄤˋ-ㄩㄥˋ-ㄆㄧㄣˇ
牀下	床下	ㄔㄨㄤˊ-ㄒㄧㄚˋ
牀下底	床下底	ㄔㄨㄤˊ-ㄒㄧㄚˋ-ㄉㄧˇ
牀位	床位	ㄔㄨㄤˊ-ㄨㄟˋ
牀几	床几	ㄔㄨㄤˊ-ㄐㄧ
牀包	床包	ㄔㄨㄤˊ-ㄅㄠ
牀品	床品	ㄔㄨㄤˊ-ㄆㄧㄣˇ
牀單	床單	ㄔㄨㄤˊ-ㄉㄢ
牀單兒	床單兒	ㄔㄨㄤˊ-ㄉㄢ-ㄦˊ
牀囝	床囝	ㄔㄨㄤˊ-ㄋㄢ
牀墊	床墊	ㄔㄨㄤˊ-ㄉㄧㄢˋ
牀墊套	床墊套	ㄔㄨㄤˊ-ㄉㄧㄢˋ-ㄊㄠˋ
牀墊罩	床墊罩	ㄔㄨㄤˊ-ㄉㄧㄢˋ-ㄓㄠˋ
牀尾	床尾	ㄔㄨㄤˊ-ㄨㄟˇ
牀巾	床巾	ㄔㄨㄤˊ-ㄐㄧㄣ
牀布	床布	ㄔㄨㄤˊ-ㄅㄨˋ
牀帳	床帳	ㄔㄨㄤˊ-ㄓㄤˋ
牀戲	床戲	ㄔㄨㄤˊ-ㄒㄧˋ
牀技	床技	ㄔㄨㄤˊ-ㄐㄧˋ
牀板	床板	ㄔㄨㄤˊ-ㄅㄢˇ
牀板板	床板板	ㄔㄨㄤˊ-ㄅㄢˇ-ㄅㄢˇ
牀枋	床枋	ㄔㄨㄤˊ-ㄈㄤ
牀架	床架	ㄔㄨㄤˊ-ㄐㄧㄚˋ
牀椅	床椅	ㄔㄨㄤˊ-ㄧˇ
牀榻	床榻	ㄔㄨㄤˊ-ㄊㄚˋ
牀沿	床沿	ㄔㄨㄤˊ-ㄧㄢˊ
牀照	床照	ㄔㄨㄤˊ-ㄓㄠˋ
牀當頭	床當頭	ㄔㄨㄤˊ-ㄉㄤ-ㄊㄡˊ
牀破	床破	ㄔㄨㄤˊ-ㄆㄛˋ
牀笠	床笠	ㄔㄨㄤˊ-ㄌㄧˋ
牀笫	床笫	ㄔㄨㄤˊ-ㄗˇ
牀笫之私	床笫之私	ㄔㄨㄤˊ-ㄗˇ-ㄓ-ㄙ
牀罩	床罩	ㄔㄨㄤˊ-ㄓㄠˋ
牀號	床號	ㄔㄨㄤˊ-ㄏㄠˋ
牀蝨	床蝨	ㄔㄨㄤˊ-ㄕ
牀裙	床裙	ㄔㄨㄤˊ-ㄑㄩㄣˊ
牀褥	床褥	ㄔㄨㄤˊ-ㄖㄨˋ
牀鈴	床鈴	ㄔㄨㄤˊ-ㄌㄧㄥˊ
牀鋪	床鋪	ㄔㄨㄤˊ-ㄆㄨˋ
牀面	床面	ㄔㄨㄤˊ-ㄇㄧㄢˋ
牀頭	床頭	ㄔㄨㄤˊ-ㄊㄡˊ
牀頭櫃	床頭櫃	ㄔㄨㄤˊ-ㄊㄡˊ-ㄍㄨㄟˋ
牙牀	牙床	ㄧㄚˊ-ㄔㄨㄤˊ
牙牀兒	牙床兒	ㄧㄚˊ-ㄔㄨㄤˊ-ㄦˊ
牙牀子	牙床子	ㄧㄚˊ-ㄔㄨㄤˊ-ㄗˇ
牙牀肉	牙床肉	ㄧㄚˊ-ㄔㄨㄤˊ-ㄖㄡˋ
牙牀骨	牙床骨	ㄧㄚˊ-ㄔㄨㄤˊ-ㄍㄨˇ
牙綫	牙線	ㄧㄚˊ-ㄒㄧㄢˋ
牙綫棒	牙線棒	ㄧㄚˊ-ㄒㄧㄢˋ-ㄅㄤˋ
牛睾	牛睪	ㄋㄧㄡˊ-ㄍㄠ
牛肉麪	牛肉麵	ㄋㄧㄡˊ-ㄖㄡˋ-ㄇㄧㄢˋ
牛角麪包	牛角麵包	ㄋㄧㄡˊ-ㄐㄧㄠˇ-ㄇㄧㄢˋ-ㄅㄠ
牛驥同皁	牛驥同皂	ㄋㄧㄡˊ-ㄐㄧˋ-ㄊㄨㄥˊ-ㄗㄠˋ
牧羣	牧群	ㄇㄨˋ-ㄑㄩㄣˊ
特特裏	特特裡	ㄊㄜˋ-ㄊㄜˋ-ㄌㄧˇ
牽綫	牽線	ㄑㄧㄢ-ㄒㄧㄢˋ
犁着礁	犁著礁	ㄌㄧˊ-ㄓㄜ˙-ㄐㄧㄠ
犍爲	犍為	ㄐㄧㄢ-ㄨㄟˊ
犯得着	犯得著	ㄈㄢˋ-ㄉㄜˊ-ㄓㄜ˙
犯罪行爲	犯罪行為	ㄈㄢˋ-ㄗㄨㄟˋ-ㄒㄧㄥˊ-ㄨㄟˊ
狐羣狗黨	狐群狗黨	ㄏㄨˊ-ㄑㄩㄣˊ-ㄍㄡˇ-ㄉㄤˇ
狼狽爲奸	狼狽為奸	ㄌㄤˊ-ㄅㄟˋ-ㄨㄟˊ-ㄐㄧㄢ
猛着祖鞭	猛著祖鞭	ㄇㄥˇ-ㄓㄜ˙-ㄗㄨˇ-ㄅㄧㄢ
猴麪包樹	猴麵包樹	ㄏㄡˊ-ㄇㄧㄢˋ-ㄅㄠ-ㄕㄨˋ
獨占鰲頭	獨佔鰲頭	ㄉㄨˊ-ㄓㄢˋ-ㄠˊ-ㄊㄡˊ
獨排衆議	獨排眾議	ㄉㄨˊ-ㄆㄞˊ-ㄓㄨㄥˋ-ㄧˋ
獨臺	獨台	ㄉㄨˊ-ㄊㄞˊ
玄祕	玄秘	ㄒㄩㄢˊ-ㄇㄧˋ
率衆	率眾	ㄌㄩˋ-ㄓㄨㄥˋ
玉米麪	玉米麵	ㄩˋ-ㄇㄧˇ-ㄇㄧㄢˋ
玉茭麪	玉茭麵	ㄩˋ-ㄐㄧㄠ-ㄇㄧㄢˋ
珍秘	珍祕	ㄓㄣ-ㄇㄧˋ
珠峯	珠峰	ㄓㄨ-ㄈㄥ
班綫	班線	ㄅㄢ-ㄒㄧㄢˋ
現金爲王	現金為王	ㄒㄧㄢˋ-ㄐㄧㄣ-ㄨㄟˊ-ㄨㄤˊ
球麻痹	球麻痺	ㄑㄧㄡˊ-ㄇㄚˊ-ㄅㄧˋ
琉球羣島	琉球群島	ㄌㄧㄡˊ-ㄑㄧㄡˊ-ㄑㄩㄣˊ-ㄉㄠˇ
瑤臺	瑤台	ㄧㄠˊ-ㄊㄞˊ
環境汙染	環境污染	ㄏㄨㄢˊ-ㄐㄧㄥˋ-ㄨ-ㄖㄢˇ
環狀綫	環狀線	ㄏㄨㄢˊ-ㄓㄨㄤˋ-ㄒㄧㄢˋ
環綫	環線	ㄏㄨㄢˊ-ㄒㄧㄢˋ
瓜衆	瓜眾	ㄍㄨㄚ-ㄓㄨㄥˋ
瓦檐	瓦簷	ㄨㄚˇ-ㄧㄢˊ
瓦檐口	瓦簷口	ㄨㄚˇ-ㄧㄢˊ-ㄎㄡˇ
甚爲	甚為	ㄕㄣˋ-ㄨㄟˊ
甜麪醬	甜麵醬	ㄊㄧㄢˊ-ㄇㄧㄢˋ-ㄐㄧㄤˋ
生命綫	生命線	ㄕㄥ-ㄇㄧㄥˋ-ㄒㄧㄢˋ
生命麪包	生命麵包	ㄕㄥ-ㄇㄧㄥˋ-ㄇㄧㄢˋ-ㄅㄠ
生日麪	生日麵	ㄕㄥ-ㄖˋ-ㄇㄧㄢˋ
生物羣	生物群	ㄕㄥ-ㄨˋ-ㄑㄩㄣˊ
生產綫	生產線	ㄕㄥ-ㄔㄢˇ-ㄒㄧㄢˋ
生肉麪	生肉麵	ㄕㄥ-ㄖㄡˋ-ㄇㄧㄢˋ
生麪	生麵	ㄕㄥ-ㄇㄧㄢˋ
生麪團	生麵團	ㄕㄥ-ㄇㄧㄢˋ-ㄊㄨㄢˊ
產品綫	產品線	ㄔㄢˇ-ㄆㄧㄣˇ-ㄒㄧㄢˋ
產業集羣	產業集群	ㄔㄢˇ-ㄧㄝˋ-ㄐㄧˊ-ㄑㄩㄣˊ
產牀	產床	ㄔㄢˇ-ㄔㄨㄤˊ
產綫	產線	ㄔㄢˇ-ㄒㄧㄢˋ
用戶羣	用戶群	ㄩㄥˋ-ㄏㄨˋ-ㄑㄩㄣˊ
田脣	田唇	ㄊㄧㄢˊ-ㄔㄨㄣˊ
田臺	田台	ㄊㄧㄢˊ-ㄊㄞˊ
田莊臺	田莊台	ㄊㄧㄢˊ-ㄓㄨㄤ-ㄊㄞˊ
田裏心	田裡心	ㄊㄧㄢˊ-ㄌㄧˇ-ㄒㄧㄣ
由表及裏	由表及裡	ㄧㄡˊ-ㄅㄧㄠˇ-ㄐㄧˊ-ㄌㄧˇ
甲牀	甲床	ㄐㄧㄚˇ-ㄔㄨㄤˊ
甲着	甲著	ㄐㄧㄚˇ-ㄓㄜ˙
男祕	男秘	ㄋㄢˊ-ㄇㄧˋ
畀着	畀著	ㄅㄧˋ-ㄓㄜ˙
界綫	界線	ㄐㄧㄝˋ-ㄒㄧㄢˋ
略爲	略為	ㄌㄩㄝˋ-ㄨㄟˊ
略説	略說	ㄌㄩㄝˋ-ㄕㄨㄛ
畫綫	畫線	ㄏㄨㄚˋ-ㄒㄧㄢˋ
異説	異說	ㄧˋ-ㄕㄨㄛ
當中橫裏	當中橫裡	ㄉㄤ-ㄓㄨㄥ-ㄏㄥˊ-ㄌㄧˇ
當衆	當眾	ㄉㄤ-ㄓㄨㄥˋ
當衆人面	當眾人面	ㄉㄤ-ㄓㄨㄥˋ-ㄖㄣˊ-ㄇㄧㄢˋ
疊牀架屋	疊床架屋	ㄉㄧㄝˊ-ㄔㄨㄤˊ-ㄐㄧㄚˋ-ㄨ
病牀	病床	ㄅㄧㄥˋ-ㄔㄨㄤˊ
症候羣	症候群	ㄓㄥˋ-ㄏㄡˋ-ㄑㄩㄣˊ
痲痹	痲痺	ㄇㄚˊ-ㄅㄧˋ
痹症	痺症	ㄅㄧˋ-ㄓㄥˋ
登峯	登峰	ㄉㄥ-ㄈㄥ
登峯造極	登峰造極	ㄉㄥ-ㄈㄥ-ㄗㄠˋ-ㄐㄧˊ
登臺	登台	ㄉㄥ-ㄊㄞˊ
發佈會	發布會	ㄈㄚ-ㄅㄨˋ-ㄏㄨㄟˋ
發射臺	發射台	ㄈㄚ-ㄕㄜˋ-ㄊㄞˊ
發麪	發麵	ㄈㄚ-ㄇㄧㄢˋ
白敎	白教	ㄅㄞˊ-ㄐㄧㄠ
白水臺	白水台	ㄅㄞˊ-ㄕㄨㄟˇ-ㄊㄞˊ
白綫	白線	ㄅㄞˊ-ㄒㄧㄢˋ
白綫斑蚊	白線斑蚊	ㄅㄞˊ-ㄒㄧㄢˋ-ㄅㄢ-ㄨㄣˊ
白脣鹿	白唇鹿	ㄅㄞˊ-ㄔㄨㄣˊ-ㄌㄨˋ
白色汙染	白色污染	ㄅㄞˊ-ㄙㄜˋ-ㄨ-ㄖㄢˇ
白麪	白麵	ㄅㄞˊ-ㄇㄧㄢˋ
白麪兒	白麵兒	ㄅㄞˊ-ㄇㄧㄢˋ-ㄦˊ
白麪包	白麵包	ㄅㄞˊ-ㄇㄧㄢˋ-ㄅㄠ
百裏挑一	百裡挑一	ㄅㄞˇ-ㄌㄧˇ-ㄊㄧㄠ-ㄧ
皁化	皂化	ㄗㄠˋ-ㄏㄨㄚˋ
皁白	皂白	ㄗㄠˋ-ㄅㄞˊ
皁石	皂石	ㄗㄠˋ-ㄕˊ
皁礬	皂礬	ㄗㄠˋ-ㄈㄢˊ
皁纛	皂纛	ㄗㄠˋ-ㄉㄠˋ
皁莢	皂莢	ㄗㄠˋ-ㄐㄧㄚˊ
皁衣	皂衣	ㄗㄠˋ-ㄧ
皁角	皂角	ㄗㄠˋ-ㄐㄧㄠˇ
皁隷	皂隷	ㄗㄠˋ-ㄌㄧˋ
皁隸	皂隸	ㄗㄠˋ-ㄌㄧˋ
皁靴	皂靴	ㄗㄠˋ-ㄒㄩㄝ
的説	的說	ㄉㄜ˙-ㄕㄨㄛ
皮裏春秋	皮裡春秋	ㄆㄧˊ-ㄌㄧˇ-ㄔㄨㄣ-ㄑㄧㄡ
皮裡陽秋	皮裏陽秋	ㄆㄧˊ-ㄌㄧˇ-ㄧㄤˊ-ㄑㄧㄡ
盆滿鉢滿	盆滿缽滿	ㄆㄣˊ-ㄇㄢˇ-ㄅㄛ-ㄇㄢˇ
盡力而爲	盡力而為	ㄐㄧㄣˋ-ㄌㄧˋ-ㄦˊ-ㄨㄟˊ
盥洗臺	盥洗台	ㄍㄨㄢˋ-ㄒㄧˇ-ㄊㄞˊ
目爲	目為	ㄇㄨˋ-ㄨㄟˊ
目珠脣	目珠唇	ㄇㄨˋ-ㄓㄨ-ㄔㄨㄣˊ
目睭脣	目睭唇	ㄇㄨˋ-ㄓㄡˇ-ㄔㄨㄣˊ
目脣	目唇	ㄇㄨˋ-ㄔㄨㄣˊ
直綫	直線	ㄓˊ-ㄒㄧㄢˋ
直麪	直麵	ㄓˊ-ㄇㄧㄢˋ
相依爲命	相依為命	ㄒㄧㄤ-ㄧ-ㄨㄟˊ-ㄇㄧㄥˋ
相爲	相為	ㄒㄧㄤˋ-ㄨㄟˊ
相綫	相線	ㄒㄧㄤˋ-ㄒㄧㄢˋ
省可裏	省可裡	ㄕㄥˇ-ㄎㄜˇ-ㄌㄧˇ
省喫儉用	省吃儉用	ㄕㄥˇ-ㄔ-ㄐㄧㄢˇ-ㄩㄥˋ
省臺	省台	ㄕㄥˇ-ㄊㄞˊ
看着	看著	ㄎㄢˋ-ㄓㄜ˙
看臺	看台	ㄎㄢˋ-ㄊㄞˊ
眠牀	眠床	ㄇㄧㄢˊ-ㄔㄨㄤˊ
眠牀枋	眠床枋	ㄇㄧㄢˊ-ㄔㄨㄤˊ-ㄈㄤ
眠牀頭	眠床頭	ㄇㄧㄢˊ-ㄔㄨㄤˊ-ㄊㄡˊ
眩着	眩著	ㄒㄩㄢˋ-ㄓㄜ˙
眺望臺	眺望台	ㄊㄧㄠˋ-ㄨㄤˋ-ㄊㄞˊ
眼綫	眼線	ㄧㄢˇ-ㄒㄧㄢˋ
眼綫液	眼線液	ㄧㄢˇ-ㄒㄧㄢˋ-ㄧˋ
眼綫筆	眼線筆	ㄧㄢˇ-ㄒㄧㄢˋ-ㄅㄧˇ
眼綫膏	眼線膏	ㄧㄢˇ-ㄒㄧㄢˋ-ㄍㄠ
眼裏	眼裡	ㄧㄢˇ-ㄌㄧˇ
眾説	眾說	ㄓㄨㄥˋ-ㄕㄨㄛ
眾説紛紜	眾說紛紜	ㄓㄨㄥˋ-ㄕㄨㄛ-ㄈㄣ-ㄩㄣˊ
着令	著令	ㄓㄜ˙-ㄌㄧㄥˋ
着傷	著傷	ㄓㄜ˙-ㄕㄤ
着前年子	著前年子	ㄓㄜ˙-ㄑㄧㄢˊ-ㄋㄧㄢˊ-ㄗˇ
着前日	著前日	ㄓㄜ˙-ㄑㄧㄢˊ-ㄖˋ
着加鑿	著加鑿	ㄓㄜ˙-ㄐㄧㄚ-ㄗㄠˊ
着勢	著勢	ㄓㄜ˙-ㄕˋ
着咧	著咧	ㄓㄜ˙-ㄌㄧㄝ
着哽	著哽	ㄓㄜ˙-ㄍㄥˇ
着妖	著妖	ㄓㄜ˙-ㄧㄠ
着寒熱	著寒熱	ㄓㄜ˙-ㄏㄢˊ-ㄖㄜˋ
着忙	著忙	ㄓㄜ˙-ㄇㄤˊ
着愛	著愛	ㄓㄜ˙-ㄞˋ
着數	著數	ㄓㄜ˙-ㄕㄨˋ
着時	著時	ㄓㄜ˙-ㄕˊ
着棊	著棊	ㄓㄜ˙-ㄐㄧ
着棋	著棋	ㄓㄜ˙-ㄑㄧˊ
着法	著法	ㄓㄜ˙-ㄈㄚˇ
着火燒	著火燒	ㄓㄜ˙-ㄏㄨㄛˇ-ㄕㄠ
着災	著災	ㄓㄜ˙-ㄗㄞ
着災仔	著災仔	ㄓㄜ˙-ㄗㄞ-ㄗˇ
着熱	著熱	ㄓㄜ˙-ㄖㄜˋ
着熱狂	著熱狂	ㄓㄜ˙-ㄖㄜˋ-ㄎㄨㄤˊ
着燒	著燒	ㄓㄜ˙-ㄕㄠ
着燒熱	著燒熱	ㄓㄜ˙-ㄕㄠ-ㄖㄜˋ
着牀	著床	ㄓㄜ˙-ㄔㄨㄤˊ
着狂	著狂	ㄓㄜ˙-ㄎㄨㄤˊ
着猴	著猴	ㄓㄜ˙-ㄏㄡˊ
着猴叟	著猴叟	ㄓㄜ˙-ㄏㄡˊ-ㄙㄡˇ
着猴損	著猴損	ㄓㄜ˙-ㄏㄡˊ-ㄙㄨㄣˇ
着用	著用	ㄓㄜ˙-ㄩㄥˋ
着病	著病	ㄓㄜ˙-ㄅㄧㄥˋ
着痧	著痧	ㄓㄜ˙-ㄕㄚ
着着	著著	ㄓㄜ˙-ㄓㄜ˙
着睡衫	著睡衫	ㄓㄜ˙-ㄕㄨㄟˋ-ㄕㄢ
着碁	著碁	ㄓㄜ˙-ㄐㄧ
着磨	著磨	ㄓㄜ˙-ㄇㄛˊ
着礁	著礁	ㄓㄜ˙-ㄐㄧㄠ
着窒	著窒	ㄓㄜ˙-ㄓˋ
着笑伯	著笑伯	ㄓㄜ˙-ㄒㄧㄠˋ-ㄅㄛˊ
着笑脾	著笑脾	ㄓㄜ˙-ㄒㄧㄠˋ-ㄆㄧˊ
着等	著等	ㄓㄜ˙-ㄉㄥˇ
着肉	著肉	ㄓㄜ˙-ㄖㄡˋ
着背	著背	ㄓㄜ˙-ㄅㄟˋ
着花	著花	ㄓㄜ˙-ㄏㄨㄚ
着草	著草	ㄓㄜ˙-ㄘㄠˇ
着蟲	著蟲	ㄓㄜ˙-ㄔㄨㄥˊ
着衫	著衫	ㄓㄜ˙-ㄕㄢ
着衰	著衰	ㄓㄜ˙-ㄕㄨㄞ
着裝	著裝	ㄓㄜ˙-ㄓㄨㄤ
着要	著要	ㄓㄜ˙-ㄧㄠˋ
着觸	著觸	ㄓㄜ˙-ㄔㄨˋ
着誆頭	著誆頭	ㄓㄜ˙-ㄎㄨㄤ-ㄊㄡˊ
着賊偷	著賊偷	ㄓㄜ˙-ㄗㄟˊ-ㄊㄡ
着跋	著跋	ㄓㄜ˙-ㄅㄚˊ
着道	著道	ㄓㄜ˙-ㄉㄠˋ
着銃	著銃	ㄓㄜ˙-ㄔㄨㄥˋ
着鏢	著鏢	ㄓㄜ˙-ㄅㄧㄠ
着雷	著雷	ㄓㄜ˙-ㄌㄟˊ
着電	著電	ㄓㄜ˙-ㄉㄧㄢˋ
着青驚	著青驚	ㄓㄜ˙-ㄑㄧㄥ-ㄐㄧㄥ
着風散	著風散	ㄓㄜ˙-ㄈㄥ-ㄙㄢˋ
睇着	睇著	ㄉㄧˋ-ㄓㄜ˙
睏牀	睏床	ㄎㄨㄣˋ-ㄔㄨㄤˊ
睾丸	睪丸	ㄍㄠ-ㄨㄢˊ
睾丸癌	睪丸癌	ㄍㄠ-ㄨㄢˊ-ㄧㄢˊ
睾丸網	睪丸網	ㄍㄠ-ㄨㄢˊ-ㄨㄤˇ
睾固酮	睪固酮	ㄍㄠ-ㄍㄨˋ-ㄊㄨㄥˊ
睾子	睪子	ㄍㄠ-ㄗˇ
睾牢	睪牢	ㄍㄠ-ㄌㄠˊ
睾睾	睪睪	ㄍㄠ-ㄍㄠ
睾酮	睪酮	ㄍㄠ-ㄊㄨㄥˊ
短綫	短線	ㄉㄨㄢˇ-ㄒㄧㄢˋ
矮仔籠牀	矮仔籠床	ㄞˇ-ㄗˇ-ㄌㄨㄥˊ-ㄔㄨㄤˊ
石皁	石皂	ㄕˊ-ㄗㄠˋ
石綫	石線	ㄕˊ-ㄒㄧㄢˋ
石臺	石台	ㄕˊ-ㄊㄞˊ
石臺縣	石台縣	ㄕˊ-ㄊㄞˊ-ㄒㄧㄢˋ
研臺	研台	ㄧㄢˊ-ㄊㄞˊ
研鉢	研缽	ㄧㄢˊ-ㄅㄛ
砲臺	砲台	ㄆㄠˋ-ㄊㄞˊ
破涕爲笑	破涕為笑	ㄆㄛˋ-ㄊㄧˋ-ㄨㄟˊ-ㄒㄧㄠˋ
硬着陸	硬著陸	ㄧㄥˋ-ㄓㄜ˙-ㄌㄨˋ
硬綫	硬線	ㄧㄥˋ-ㄒㄧㄢˋ
硬齶	硬顎	ㄧㄥˋ-ㄜˋ
硬齶音	硬顎音	ㄧㄥˋ-ㄜˋ-ㄧㄣ
硯臺	硯台	ㄧㄢˋ-ㄊㄞˊ
碌架牀	碌架床	ㄌㄨˋ-ㄐㄧㄚˋ-ㄔㄨㄤˊ
碌碌無爲	碌碌無為	ㄌㄨˋ-ㄌㄨˋ-ㄨˊ-ㄨㄟˊ
碗囝麪	碗囝麵	ㄨㄢˇ-ㄋㄢ-ㄇㄧㄢˋ
碗脣	碗唇	ㄨㄢˇ-ㄔㄨㄣˊ
磁能綫	磁能線	ㄘˊ-ㄋㄥˊ-ㄒㄧㄢˋ
磕敉着	磕敉著	ㄎㄜ-ㄇㄧˇ-ㄓㄜ˙
磕着	磕著	ㄎㄜ-ㄓㄜ˙
磕而着	磕而著	ㄎㄜ-ㄦˊ-ㄓㄜ˙
磨牀	磨床	ㄇㄛˊ-ㄔㄨㄤˊ
礤牀	礤床	ㄘㄚˇ-ㄔㄨㄤˊ
礤牀兒	礤床兒	ㄘㄚˇ-ㄔㄨㄤˊ-ㄦˊ
礦牀	礦床	ㄎㄨㄤˋ-ㄔㄨㄤˊ
示衆	示眾	ㄕˋ-ㄓㄨㄥˋ
社會羣島	社會群島	ㄕㄜˋ-ㄏㄨㄟˋ-ㄑㄩㄣˊ-ㄉㄠˇ
社會羣體	社會群體	ㄕㄜˋ-ㄏㄨㄟˋ-ㄑㄩㄣˊ-ㄊㄧˇ
社會行爲	社會行為	ㄕㄜˋ-ㄏㄨㄟˋ-ㄒㄧㄥˊ-ㄨㄟˊ
社羣	社群	ㄕㄜˋ-ㄑㄩㄣˊ
社説	社說	ㄕㄜˋ-ㄕㄨㄛ
祕不發喪	秘不發喪	ㄇㄧˋ-ㄅㄨˋ-ㄈㄚ-ㄙㄤ
祕事	秘事	ㄇㄧˋ-ㄕˋ
祕四	秘四	ㄇㄧˋ-ㄙˋ
祕境	秘境	ㄇㄧˋ-ㄐㄧㄥˋ
祕密社會	秘密社會	ㄇㄧˋ-ㄇㄧˋ-ㄕㄜˋ-ㄏㄨㄟˋ
祕密結社	秘密結社	ㄇㄧˋ-ㄇㄧˋ-ㄐㄧㄝˊ-ㄕㄜˋ
祕寶	秘寶	ㄇㄧˋ-ㄅㄠˇ
祕技	秘技	ㄇㄧˋ-ㄐㄧˋ
祕撈	秘撈	ㄇㄧˋ-ㄌㄠ
祕書監	秘書監	ㄇㄧˋ-ㄕㄨ-ㄐㄧㄢ
祕書省	秘書省	ㄇㄧˋ-ㄕㄨ-ㄕㄥˇ
祕本	秘本	ㄇㄧˋ-ㄅㄣˇ
祕步	秘步	ㄇㄧˋ-ㄅㄨˋ
祕法	秘法	ㄇㄧˋ-ㄈㄚˇ
祕結	秘結	ㄇㄧˋ-ㄐㄧㄝˊ
祕聞	秘聞	ㄇㄧˋ-ㄨㄣˊ
祕色	秘色	ㄇㄧˋ-ㄙㄜˋ
祕製	秘製	ㄇㄧˋ-ㄓˋ
祕計	秘計	ㄇㄧˋ-ㄐㄧˋ
祕跡	秘跡	ㄇㄧˋ-ㄐㄧ
祕蹟	秘蹟	ㄇㄧˋ-ㄐㄧ
祕邃	秘邃	ㄇㄧˋ-ㄙㄨㄟˋ
祕魯鯷	秘魯鯷	ㄇㄧˋ-ㄌㄨˇ-ㄊㄧˊ
祕魯鰤	秘魯鰤	ㄇㄧˋ-ㄌㄨˇ-ㄕ
祖公牀	祖公床	ㄗㄨˇ-ㄍㄨㄥ-ㄔㄨㄤˊ
神祕主義	神秘主義	ㄕㄣˊ-ㄇㄧˋ-ㄓㄨˇ-ㄧˋ
神祕化	神秘化	ㄕㄣˊ-ㄇㄧˋ-ㄏㄨㄚˋ
神祕學	神秘學	ㄕㄣˊ-ㄇㄧˋ-ㄒㄩㄝˊ
神祕莫測	神秘莫測	ㄕㄣˊ-ㄇㄧˋ-ㄇㄛˋ-ㄘㄜˋ
神祕面紗	神秘面紗	ㄕㄣˊ-ㄇㄧˋ-ㄇㄧㄢˋ-ㄕㄚ
神經綫	神經線	ㄕㄣˊ-ㄐㄧㄥ-ㄒㄧㄢˋ
祭竈	祭灶	ㄐㄧˋ-ㄗㄠˋ
祭竈王	祭灶王	ㄐㄧˋ-ㄗㄠˋ-ㄨㄤˊ
祭竈神	祭灶神	ㄐㄧˋ-ㄗㄠˋ-ㄕㄣˊ
祭臺	祭台	ㄐㄧˋ-ㄊㄞˊ
福建麪	福建麵	ㄈㄨˊ-ㄐㄧㄢˋ-ㄇㄧㄢˋ
私下裏	私下裡	ㄙ-ㄒㄧㄚˋ-ㄌㄧˇ
私小説	私小說	ㄙ-ㄒㄧㄠˇ-ㄕㄨㄛ
私祕	私秘	ㄙ-ㄇㄧˋ
秘要	祕要	ㄇㄧˋ-ㄧㄠˋ
秘辛	祕辛	ㄇㄧˋ-ㄒㄧㄣ
稍爲	稍為	ㄕㄠ-ㄨㄟˊ
稜柱	棱柱	ㄌㄥˊ-ㄓㄨˋ
稜綫	稜線	ㄌㄥˊ-ㄒㄧㄢˋ
稜錐	棱錐	ㄌㄥˊ-ㄓㄨㄟ
稞麥麪包	稞麥麵包	ㄎㄜ-ㄇㄞˋ-ㄇㄧㄢˋ-ㄅㄠ
稠人廣衆	稠人廣眾	ㄔㄡˊ-ㄖㄣˊ-ㄍㄨㄤˇ-ㄓㄨㄥˋ
種羣	種群	ㄓㄨㄥˇ-ㄑㄩㄣˊ
稱爲	稱為	ㄔㄥ-ㄨㄟˊ
穆棱	穆稜	ㄇㄨˋ-ㄌㄥˊ
空氣污染	空氣汙染	ㄎㄨㄥ-ㄑㄧˋ-ㄨ-ㄖㄢˇ
空汙	空污	ㄎㄨㄥ-ㄨ
空着	空著	ㄎㄨㄥ-ㄓㄜ˙
空説	空說	ㄎㄨㄥ-ㄕㄨㄛ
空間羣	空間群	ㄎㄨㄥ-ㄐㄧㄢ-ㄑㄩㄣˊ
穿着	穿著	ㄔㄨㄢ-ㄓㄜ˙
穿綫	穿線	ㄔㄨㄢ-ㄒㄧㄢˋ
穿針引綫	穿針引線	ㄔㄨㄢ-ㄓㄣ-ㄧㄣˇ-ㄒㄧㄢˋ
穿鍼	穿針	ㄔㄨㄢ-ㄓㄣ
窗仔脣	窗仔唇	ㄔㄨㄤ-ㄗˇ-ㄔㄨㄣˊ
窗圪臺	窗圪台	ㄔㄨㄤ-ㄧ-ㄊㄞˊ
窗臺	窗台	ㄔㄨㄤ-ㄊㄞˊ
窩窩麪	窩窩麵	ㄨㄛ-ㄨㄛ-ㄇㄧㄢˋ
窩裏反	窩裡反	ㄨㄛ-ㄌㄧˇ-ㄈㄢˇ
窩裏橫	窩裡橫	ㄨㄛ-ㄌㄧˇ-ㄏㄥˊ
窩裏鬥	窩裡鬥	ㄨㄛ-ㄌㄧˇ-ㄉㄡˋ
窩闊臺	窩闊台	ㄨㄛ-ㄎㄨㄛˋ-ㄊㄞˊ
竈下	灶下	ㄗㄠˋ-ㄒㄧㄚˋ
竈前	灶前	ㄗㄠˋ-ㄑㄧㄢˊ
竈君	灶君	ㄗㄠˋ-ㄐㄩㄣ
竈媽	灶媽	ㄗㄠˋ-ㄇㄚ
竈屋	灶屋	ㄗㄠˋ-ㄨ
竈房	灶房	ㄗㄠˋ-ㄈㄤˊ
竈披間	灶披間	ㄗㄠˋ-ㄆㄧ-ㄐㄧㄢ
竈爺	灶爺	ㄗㄠˋ-ㄧㄝˊ
竈王	灶王	ㄗㄠˋ-ㄨㄤˊ
竈王爺	灶王爺	ㄗㄠˋ-ㄨㄤˊ-ㄧㄝˊ
竈神	灶神	ㄗㄠˋ-ㄕㄣˊ
竈跤	灶跤	ㄗㄠˋ-ㄐㄧㄠ
竈間	灶間	ㄗㄠˋ-ㄐㄧㄢ
竈頭	灶頭	ㄗㄠˋ-ㄊㄡˊ
竈馬	灶馬	ㄗㄠˋ-ㄇㄚˇ
站臺	站台	ㄓㄢˋ-ㄊㄞˊ
站臺票	站台票	ㄓㄢˋ-ㄊㄞˊ-ㄆㄧㄠˋ
笑裏藏刀	笑裡藏刀	ㄒㄧㄠˋ-ㄌㄧˇ-ㄘㄤˊ-ㄉㄠ
第一綫	第一線	ㄉㄧˋ-ㄧ-ㄒㄧㄢˋ
第四臺	第四台	ㄉㄧˋ-ㄙˋ-ㄊㄞˊ
筆牀	筆床	ㄅㄧˇ-ㄔㄨㄤˊ
筆脣	筆唇	ㄅㄧˇ-ㄔㄨㄣˊ
等壓綫	等壓線	ㄉㄥˇ-ㄧㄚ-ㄒㄧㄢˋ
等溫綫	等溫線	ㄉㄥˇ-ㄨㄣ-ㄒㄧㄢˋ
等着瞧	等著瞧	ㄉㄥˇ-ㄓㄜ˙-ㄑㄧㄠˊ
等高綫	等高線	ㄉㄥˇ-ㄍㄠ-ㄒㄧㄢˋ
箇裏	箇裡	ㄍㄜˋ-ㄌㄧˇ
管牀	管床	ㄍㄨㄢˇ-ㄔㄨㄤˊ
管綫	管線	ㄍㄨㄢˇ-ㄒㄧㄢˋ
箱綫圖	箱線圖	ㄒㄧㄤ-ㄒㄧㄢˋ-ㄊㄨˊ
簾檐	簾簷	ㄌㄧㄢˊ-ㄧㄢˊ
簾檐槽	簾簷槽	ㄌㄧㄢˊ-ㄧㄢˊ-ㄘㄠˊ
簾檐溝	簾簷溝	ㄌㄧㄢˊ-ㄧㄢˊ-ㄍㄡ
籠牀	籠床	ㄌㄨㄥˊ-ㄔㄨㄤˊ
籠牀仔包	籠床仔包	ㄌㄨㄥˊ-ㄔㄨㄤˊ-ㄗˇ-ㄅㄠ
米綫	米線	ㄇㄧˇ-ㄒㄧㄢˋ
米麪	米麵	ㄇㄧˇ-ㄇㄧㄢˋ
粄牀	粄床	ㄅㄢˇ-ㄔㄨㄤˊ
粉絲羣	粉絲群	ㄈㄣˇ-ㄙ-ㄑㄩㄣˊ
粉麪	粉麵	ㄈㄣˇ-ㄇㄧㄢˋ
粒綫體	粒線體	ㄌㄧˋ-ㄒㄧㄢˋ-ㄊㄧˇ
粗綫	粗線	ㄘㄨ-ㄒㄧㄢˋ
粗綫條	粗線條	ㄘㄨ-ㄒㄧㄢˋ-ㄊㄧㄠˊ
粗麪	粗麵	ㄘㄨ-ㄇㄧㄢˋ
粘着	粘著	ㄋㄧㄢˊ-ㄓㄜ˙
粘着劑	粘著劑	ㄋㄧㄢˊ-ㄓㄜ˙-ㄐㄧˋ
粘着詞素	粘著詞素	ㄋㄧㄢˊ-ㄓㄜ˙-ㄘˊ-ㄙㄨˋ
粥粉麪飯	粥粉麵飯	ㄓㄡ-ㄈㄣˇ-ㄇㄧㄢˋ-ㄈㄢˋ
精核	精覈	ㄐㄧㄥ-ㄏㄜˊ
精神汙染	精神污染	ㄐㄧㄥ-ㄕㄣˊ-ㄨ-ㄖㄢˇ
糊糊麪	糊糊麵	ㄏㄨˊ-ㄏㄨˊ-ㄇㄧㄢˋ
糞汙	糞污	ㄈㄣˋ-ㄨ
糟鉢頭	糟缽頭	ㄗㄠ-ㄅㄛ-ㄊㄡˊ
紅外綫	紅外線	ㄏㄨㄥˊ-ㄨㄞˋ-ㄒㄧㄢˋ
紅峯	紅峰	ㄏㄨㄥˊ-ㄈㄥ
紅綫	紅線	ㄏㄨㄥˊ-ㄒㄧㄢˋ
紅脣	紅唇	ㄏㄨㄥˊ-ㄔㄨㄣˊ
紉鍼	紉針	ㄖㄣˋ-ㄓㄣ
紗包綫	紗包線	ㄕㄚ-ㄅㄠ-ㄒㄧㄢˋ
紗綫	紗線	ㄕㄚ-ㄒㄧㄢˋ
索麪	索麵	ㄙㄨㄛˇ-ㄇㄧㄢˋ
紫外綫	紫外線	ㄗˇ-ㄨㄞˋ-ㄒㄧㄢˋ
細牀	細床	ㄒㄧˋ-ㄔㄨㄤˊ
細胞羣	細胞群	ㄒㄧˋ-ㄅㄠ-ㄑㄩㄣˊ
終點綫	終點線	ㄓㄨㄥ-ㄉㄧㄢˇ-ㄒㄧㄢˋ
組羣	組群	ㄗㄨˇ-ㄑㄩㄣˊ
絞首臺	絞首台	ㄐㄧㄠˇ-ㄕㄡˇ-ㄊㄞˊ
絨綫	絨線	ㄖㄨㄥˊ-ㄒㄧㄢˋ
統一戰綫	統一戰線	ㄊㄨㄥˇ-ㄧ-ㄓㄢˋ-ㄒㄧㄢˋ
絲綫	絲線	ㄙ-ㄒㄧㄢˋ
絳脣	絳唇	ㄐㄧㄤˋ-ㄔㄨㄣˊ
經綫	經線	ㄐㄧㄥ-ㄒㄧㄢˋ
經緯綫	經緯線	ㄐㄧㄥ-ㄨㄟˇ-ㄒㄧㄢˋ
綜覈	綜核	ㄗㄨㄥˋ-ㄏㄜˊ
綫上	線上	ㄒㄧㄢˋ-ㄕㄤˋ
綫下	線下	ㄒㄧㄢˋ-ㄒㄧㄚˋ
綫人	線人	ㄒㄧㄢˋ-ㄖㄣˊ
綫代	線代	ㄒㄧㄢˋ-ㄉㄞˋ
綫圈	線圈	ㄒㄧㄢˋ-ㄑㄩㄢ
綫團	線團	ㄒㄧㄢˋ-ㄊㄨㄢˊ
綫報	線報	ㄒㄧㄢˋ-ㄅㄠˋ
綫它子	線它子	ㄒㄧㄢˋ-ㄊㄚ-ㄗˇ
綫形	線形	ㄒㄧㄢˋ-ㄒㄧㄥˊ
綫形動物	線形動物	ㄒㄧㄢˋ-ㄒㄧㄥˊ-ㄉㄨㄥˋ-ㄨˋ
綫形圖	線形圖	ㄒㄧㄢˋ-ㄒㄧㄥˊ-ㄊㄨˊ
綫形文字	線形文字	ㄒㄧㄢˋ-ㄒㄧㄥˊ-ㄨㄣˊ-ㄗˋ
綫性	線性	ㄒㄧㄢˋ-ㄒㄧㄥˋ
綫性代數	線性代數	ㄒㄧㄢˋ-ㄒㄧㄥˋ-ㄉㄞˋ-ㄕㄨˋ
綫性函數	線性函數	ㄒㄧㄢˋ-ㄒㄧㄥˋ-ㄏㄢˊ-ㄕㄨˋ
綫性性	線性性	ㄒㄧㄢˋ-ㄒㄧㄥˋ-ㄒㄧㄥˋ
綫性方程	線性方程	ㄒㄧㄢˋ-ㄒㄧㄥˋ-ㄈㄤ-ㄔㄥˊ
綫性系統	線性系統	ㄒㄧㄢˋ-ㄒㄧㄥˋ-ㄒㄧˋ-ㄊㄨㄥˇ
綫性組合	線性組合	ㄒㄧㄢˋ-ㄒㄧㄥˋ-ㄗㄨˇ-ㄏㄜˊ
綫性規劃	線性規劃	ㄒㄧㄢˋ-ㄒㄧㄥˋ-ㄍㄨㄟ-ㄏㄨㄚˋ
綫性馬達	線性馬達	ㄒㄧㄢˋ-ㄒㄧㄥˋ-ㄇㄚˇ-ㄉㄚˊ
綫春	線春	ㄒㄧㄢˋ-ㄔㄨㄣ
綫束	線束	ㄒㄧㄢˋ-ㄕㄨˋ
綫板	線板	ㄒㄧㄢˋ-ㄅㄢˇ
綫框	線框	ㄒㄧㄢˋ-ㄎㄨㄤ
綫條	線條	ㄒㄧㄢˋ-ㄊㄧㄠˊ
綫步	線步	ㄒㄧㄢˋ-ㄅㄨˋ
綫段	線段	ㄒㄧㄢˋ-ㄉㄨㄢˋ
綫程	線程	ㄒㄧㄢˋ-ㄔㄥˊ
綫稿	線稿	ㄒㄧㄢˋ-ㄍㄠˇ
綫粉	線粉	ㄒㄧㄢˋ-ㄈㄣˇ
綫粒體	線粒體	ㄒㄧㄢˋ-ㄌㄧˋ-ㄊㄧˇ
綫索	線索	ㄒㄧㄢˋ-ㄙㄨㄛˇ
綫縫	線縫	ㄒㄧㄢˋ-ㄈㄥˋ
綫繩	線繩	ㄒㄧㄢˋ-ㄕㄥˊ
綫纜	線纜	ㄒㄧㄢˋ-ㄌㄢˇ
綫苕	線苕	ㄒㄧㄢˋ-ㄊㄧㄠˊ
綫蟲	線蟲	ㄒㄧㄢˋ-ㄔㄨㄥˊ
綫衣	線衣	ㄒㄧㄢˋ-ㄧ
綫裝	線裝	ㄒㄧㄢˋ-ㄓㄨㄤ
綫裝書	線裝書	ㄒㄧㄢˋ-ㄓㄨㄤ-ㄕㄨ
綫襪	線襪	ㄒㄧㄢˋ-ㄨㄚˋ
綫襪子	線襪子	ㄒㄧㄢˋ-ㄨㄚˋ-ㄗ˙
綫西	線西	ㄒㄧㄢˋ-ㄒㄧ
綫跤	線跤	ㄒㄧㄢˋ-ㄐㄧㄠ
綫路	線路	ㄒㄧㄢˋ-ㄌㄨˋ
綫車	線車	ㄒㄧㄢˋ-ㄔㄜ
綫軲轆子	線軲轆子	ㄒㄧㄢˋ-ㄍㄨ-ㄌㄨˋ-ㄗˇ
綫軸	線軸	ㄒㄧㄢˋ-ㄓㄡˊ
綫速度	線速度	ㄒㄧㄢˋ-ㄙㄨˋ-ㄉㄨˋ
綫頂	線頂	ㄒㄧㄢˋ-ㄉㄧㄥˇ
綫頭	線頭	ㄒㄧㄢˋ-ㄊㄡˊ
綫香	線香	ㄒㄧㄢˋ-ㄒㄧㄤ
綫麪	線麵	ㄒㄧㄢˋ-ㄇㄧㄢˋ
綫麵	線麵	ㄒㄧㄢˋ-ㄇㄧㄢˋ
綫麻	線麻	ㄒㄧㄢˋ-ㄇㄚˊ
維京羣島	維京群島	ㄨㄟˊ-ㄐㄧㄥ-ㄑㄩㄣˊ-ㄉㄠˇ
維祕	維秘	ㄨㄟˊ-ㄇㄧˋ
網綫	網線	ㄨㄤˇ-ㄒㄧㄢˋ
線麪	線麵	ㄒㄧㄢˋ-ㄇㄧㄢˋ
緞帶麪	緞帶麵	ㄉㄨㄢˋ-ㄉㄞˋ-ㄇㄧㄢˋ
緯綫	緯線	ㄨㄟˇ-ㄒㄧㄢˋ
縛籠牀	縛籠床	ㄈㄨˊ-ㄌㄨㄥˊ-ㄔㄨㄤˊ
縫綫	縫線	ㄈㄥˋ-ㄒㄧㄢˋ
縱綫	縱線	ㄗㄨㄥˋ-ㄒㄧㄢˋ
總祕書	總秘書	ㄗㄨㄥˇ-ㄇㄧˋ-ㄕㄨ
總綫	總線	ㄗㄨㄥˇ-ㄒㄧㄢˋ
繩綫	繩線	ㄕㄥˊ-ㄒㄧㄢˋ
繮三角	韁三角	ㄐㄧㄤ-ㄙㄢ-ㄐㄧㄠˇ
繮連合	韁連合	ㄐㄧㄤ-ㄌㄧㄢˊ-ㄏㄜˊ
纔剛	才剛	ㄘㄞˊ-ㄍㄤ
纔好	才好	ㄘㄞˊ-ㄏㄠˇ
纔待	才待	ㄘㄞˊ-ㄉㄞˋ
纔方	才方	ㄘㄞˊ-ㄈㄤ
纔是	才是	ㄘㄞˊ-ㄕˋ
缺脣	缺唇	ㄑㄩㄝ-ㄔㄨㄣˊ
罰球綫	罰球線	ㄈㄚˊ-ㄑㄧㄡˊ-ㄒㄧㄢˋ
罷敎	罷教	ㄅㄚˋ-ㄐㄧㄠ
羅麪雨	羅麵雨	ㄌㄨㄛˊ-ㄇㄧㄢˋ-ㄩˇ
羊羣	羊群	ㄧㄤˊ-ㄑㄩㄣˊ
羊羣效應	羊群效應	ㄧㄤˊ-ㄑㄩㄣˊ-ㄒㄧㄠˋ-ㄧㄥˋ
羊角麪包	羊角麵包	ㄧㄤˊ-ㄐㄧㄠˇ-ㄇㄧㄢˋ-ㄅㄠ
美黑牀	美黑床	ㄇㄟˇ-ㄏㄟ-ㄔㄨㄤˊ
羞與爲伍	羞與為伍	ㄒㄧㄡ-ㄩˇ-ㄨㄟˊ-ㄨˇ
羣主	群主	ㄑㄩㄣˊ-ㄓㄨˇ
羣交	群交	ㄑㄩㄣˊ-ㄐㄧㄠ
羣倫	群倫	ㄑㄩㄣˊ-ㄌㄨㄣˊ
羣像	群像	ㄑㄩㄣˊ-ㄒㄧㄤˋ
羣力	群力	ㄑㄩㄣˊ-ㄌㄧˋ
羣友	群友	ㄑㄩㄣˊ-ㄧㄡˇ
羣嘲	群嘲	ㄑㄩㄣˊ-ㄓㄠ
羣埋	群埋	ㄑㄩㄣˊ-ㄇㄞˊ
羣婚	群婚	ㄑㄩㄣˊ-ㄏㄨㄣ
羣子彈	群子彈	ㄑㄩㄣˊ-ㄗˇ-ㄉㄢˋ
羣居	群居	ㄑㄩㄣˊ-ㄐㄩ
羣山	群山	ㄑㄩㄣˊ-ㄕㄢ
羣島	群島	ㄑㄩㄣˊ-ㄉㄠˇ
羣島主義	群島主義	ㄑㄩㄣˊ-ㄉㄠˇ-ㄓㄨˇ-ㄧˋ
羣情	群情	ㄑㄩㄣˊ-ㄑㄧㄥˊ
羣情激憤	群情激憤	ㄑㄩㄣˊ-ㄑㄧㄥˊ-ㄐㄧ-ㄈㄣˋ
羣星	群星	ㄑㄩㄣˊ-ㄒㄧㄥ
羣朗	群朗	ㄑㄩㄣˊ-ㄌㄤˇ
羣架	群架	ㄑㄩㄣˊ-ㄐㄧㄚˋ
羣棲	群棲	ㄑㄩㄣˊ-ㄑㄧ
羣毆	群毆	ㄑㄩㄣˊ-ㄡ
羣民	群民	ㄑㄩㄣˊ-ㄇㄧㄣˊ
羣演	群演	ㄑㄩㄣˊ-ㄧㄢˇ
羣生	群生	ㄑㄩㄣˊ-ㄕㄥ
羣發	群發	ㄑㄩㄣˊ-ㄈㄚ
羣眾	群眾	ㄑㄩㄣˊ-ㄓㄨㄥˋ
羣眾路綫	群眾路線	ㄑㄩㄣˊ-ㄓㄨㄥˋ-ㄌㄨˋ-ㄒㄧㄢˋ
羣眾路線	群眾路線	ㄑㄩㄣˊ-ㄓㄨㄥˋ-ㄌㄨˋ-ㄒㄧㄢˋ
羣策羣力	群策群力	ㄑㄩㄣˊ-ㄘㄜˋ-ㄑㄩㄣˊ-ㄌㄧˋ
羣系	群系	ㄑㄩㄣˊ-ㄒㄧˋ
羣組	群組	ㄑㄩㄣˊ-ㄗㄨˇ
羣經	群經	ㄑㄩㄣˊ-ㄐㄧㄥ
羣而不黨	群而不黨	ㄑㄩㄣˊ-ㄦˊ-ㄅㄨˋ-ㄉㄤˇ
羣聊	群聊	ㄑㄩㄣˊ-ㄌㄧㄠˊ
羣聚	群聚	ㄑㄩㄣˊ-ㄐㄩˋ
羣臣	群臣	ㄑㄩㄣˊ-ㄔㄣˊ
羣舞	群舞	ㄑㄩㄣˊ-ㄨˇ
羣花	群花	ㄑㄩㄣˊ-ㄏㄨㄚ
羣芳	群芳	ㄑㄩㄣˊ-ㄈㄤ
羣英	群英	ㄑㄩㄣˊ-ㄧㄥ
羣英會	群英會	ㄑㄩㄣˊ-ㄧㄥ-ㄏㄨㄟˋ
羣萌	群萌	ㄑㄩㄣˊ-ㄇㄥˊ
羣落	群落	ㄑㄩㄣˊ-ㄌㄨㄛˋ
羣衆	群眾	ㄑㄩㄣˊ-ㄓㄨㄥˋ
羣衆大會	群眾大會	ㄑㄩㄣˊ-ㄓㄨㄥˋ-ㄉㄚˋ-ㄏㄨㄟˋ
羣衆路綫	群眾路線	ㄑㄩㄣˊ-ㄓㄨㄥˋ-ㄌㄨˋ-ㄒㄧㄢˋ
羣衆路線	群眾路線	ㄑㄩㄣˊ-ㄓㄨㄥˋ-ㄌㄨˋ-ㄒㄧㄢˋ
羣言堂	群言堂	ㄑㄩㄣˊ-ㄧㄢˊ-ㄊㄤˊ
羣論	群論	ㄑㄩㄣˊ-ㄌㄨㄣˋ
羣賢	群賢	ㄑㄩㄣˊ-ㄒㄧㄢˊ
羣賢畢至	群賢畢至	ㄑㄩㄣˊ-ㄒㄧㄢˊ-ㄅㄧˋ-ㄓˋ
羣起	群起	ㄑㄩㄣˊ-ㄑㄧˇ
羣趴	群趴	ㄑㄩㄣˊ-ㄆㄚ
羣速	群速	ㄑㄩㄣˊ-ㄙㄨˋ
羣速度	群速度	ㄑㄩㄣˊ-ㄙㄨˋ-ㄉㄨˋ
羣醜	群醜	ㄑㄩㄣˊ-ㄔㄡˇ
羣雄	群雄	ㄑㄩㄣˊ-ㄒㄩㄥˊ
羣集	群集	ㄑㄩㄣˊ-ㄐㄧˊ
羣青	群青	ㄑㄩㄣˊ-ㄑㄧㄥ
羣馬	群馬	ㄑㄩㄣˊ-ㄇㄚˇ
羣體	群體	ㄑㄩㄣˊ-ㄊㄧˇ
羣體免疫	群體免疫	ㄑㄩㄣˊ-ㄊㄧˇ-ㄇㄧㄢˇ-ㄧˋ
羣體性	群體性	ㄑㄩㄣˊ-ㄊㄧˇ-ㄒㄧㄥˋ
羣體訴訟	群體訴訟	ㄑㄩㄣˊ-ㄊㄧˇ-ㄙㄨˋ-ㄙㄨㄥˋ
羣魔亂舞	群魔亂舞	ㄑㄩㄣˊ-ㄇㄛˊ-ㄌㄨㄢˋ-ㄨˇ
羣龍無首	群龍無首	ㄑㄩㄣˊ-ㄌㄨㄥˊ-ㄨˊ-ㄕㄡˇ
群衆	群眾	ㄑㄩㄣˊ-ㄓㄨㄥˋ
群衆路綫	群眾路線	ㄑㄩㄣˊ-ㄓㄨㄥˋ-ㄌㄨˋ-ㄒㄧㄢˋ
群衆路線	群眾路線	ㄑㄩㄣˊ-ㄓㄨㄥˋ-ㄌㄨˋ-ㄒㄧㄢˋ
義大利麪	義大利麵	ㄧˋ-ㄉㄚˋ-ㄌㄧˋ-ㄇㄧㄢˋ
義麪	義麵	ㄧˋ-ㄇㄧㄢˋ
羹麪	羹麵	ㄍㄥ-ㄇㄧㄢˋ
習以爲常	習以為常	ㄒㄧˊ-ㄧˇ-ㄨㄟˊ-ㄔㄤˊ
翕着	翕著	ㄒㄧˋ-ㄓㄜ˙
老父臺	老父台	ㄌㄠˇ-ㄈㄨˇ-ㄊㄞˊ
老臺	老台	ㄌㄠˇ-ㄊㄞˊ
老虎竈	老虎灶	ㄌㄠˇ-ㄏㄨˇ-ㄗㄠˋ
老裏八早	老裡八早	ㄌㄠˇ-ㄌㄧˇ-ㄅㄚ-ㄗㄠˇ
老裏老早	老裡老早	ㄌㄠˇ-ㄌㄧˇ-ㄌㄠˇ-ㄗㄠˇ
老麪	老麵	ㄌㄠˇ-ㄇㄧㄢˋ
耗着	耗著	ㄏㄠˋ-ㄓㄜ˙
耳脣	耳唇	ㄦˇ-ㄔㄨㄣˊ
耶馬臺	耶馬台	ㄧㄝˊ-ㄇㄚˇ-ㄊㄞˊ
聖母峯	聖母峰	ㄕㄥˋ-ㄇㄨˇ-ㄈㄥ
聖靈羣島	聖靈群島	ㄕㄥˋ-ㄌㄧㄥˊ-ㄑㄩㄣˊ-ㄉㄠˇ
聚衆	聚眾	ㄐㄩˋ-ㄓㄨㄥˋ
聯合戰綫	聯合戰線	ㄌㄧㄢˊ-ㄏㄜˊ-ㄓㄢˋ-ㄒㄧㄢˋ
聯絡綫	聯絡線	ㄌㄧㄢˊ-ㄌㄨㄛˋ-ㄒㄧㄢˋ
聯羣結隊	聯群結隊	ㄌㄧㄢˊ-ㄑㄩㄣˊ-ㄐㄧㄝˊ-ㄉㄨㄟˋ
聲綫	聲線	ㄕㄥ-ㄒㄧㄢˋ
聲説	聲說	ㄕㄥ-ㄕㄨㄛ
聽衆	聽眾	ㄊㄧㄥ-ㄓㄨㄥˋ
聽説	聽說	ㄊㄧㄥ-ㄕㄨㄛ
肉脞麪	肉脞麵	ㄖㄡˋ-ㄘㄨㄛˇ-ㄇㄧㄢˋ
肉裏分	肉裡分	ㄖㄡˋ-ㄌㄧˇ-ㄈㄣ
肉麪	肉麵	ㄖㄡˋ-ㄇㄧㄢˋ
肚裏	肚裡	ㄉㄨˋ-ㄌㄧˇ
肚裏惹	肚裡惹	ㄉㄨˋ-ㄌㄧˇ-ㄖㄜˇ
肚裏背	肚裡背	ㄉㄨˋ-ㄌㄧˇ-ㄅㄟˋ
肥皁	肥皂	ㄈㄟˊ-ㄗㄠˋ
肥皁劇	肥皂劇	ㄈㄟˊ-ㄗㄠˋ-ㄐㄩˋ
肥皁水	肥皂水	ㄈㄟˊ-ㄗㄠˋ-ㄕㄨㄟˇ
肥皁沫	肥皂沫	ㄈㄟˊ-ㄗㄠˋ-ㄇㄛˋ
肥皁泡	肥皂泡	ㄈㄟˊ-ㄗㄠˋ-ㄆㄠˋ
肥皁片	肥皂片	ㄈㄟˊ-ㄗㄠˋ-ㄆㄧㄢˋ
肥皁盒	肥皂盒	ㄈㄟˊ-ㄗㄠˋ-ㄏㄜˊ
肥皁粉	肥皂粉	ㄈㄟˊ-ㄗㄠˋ-ㄈㄣˇ
背地裏	背地裡	ㄅㄟˋ-ㄉㄧˋ-ㄌㄧˇ
背風羣島	背風群島	ㄅㄟˋ-ㄈㄥ-ㄑㄩㄣˊ-ㄉㄠˇ
胡作非爲	胡作非為	ㄏㄨˊ-ㄗㄨㄛˋ-ㄈㄟ-ㄨㄟˊ
胡椒麪	胡椒麵	ㄏㄨˊ-ㄐㄧㄠ-ㄇㄧㄢˋ
胡椒麪兒	胡椒麵兒	ㄏㄨˊ-ㄐㄧㄠ-ㄇㄧㄢˋ-ㄦˊ
胡煥庸綫	胡煥庸線	ㄏㄨˊ-ㄏㄨㄢˋ-ㄩㄥ-ㄒㄧㄢˋ
胡爲	胡為	ㄏㄨˊ-ㄨㄟˊ
胡牀	胡床	ㄏㄨˊ-ㄔㄨㄤˊ
胡牀囝	胡床囝	ㄏㄨˊ-ㄔㄨㄤˊ-ㄋㄢ
胡綫	胡線	ㄏㄨˊ-ㄒㄧㄢˋ
胡裏抹搭	胡裡抹搭	ㄏㄨˊ-ㄌㄧˇ-ㄇㄛˇ-ㄉㄚ
胰皁	胰皂	ㄧˊ-ㄗㄠˋ
胳棱瓣兒	胳稜瓣兒	ㄍㄜ-ㄌㄥˊ-ㄅㄢˋ-ㄦˊ
脣印	唇印	ㄔㄨㄣˊ-ㄧㄣˋ
脣口	唇口	ㄔㄨㄣˊ-ㄎㄡˇ
脣彩	唇彩	ㄔㄨㄣˊ-ㄘㄞˇ
脣毛	唇毛	ㄔㄨㄣˊ-ㄇㄠˊ
脣紅	唇紅	ㄔㄨㄣˊ-ㄏㄨㄥˊ
脣綫	唇線	ㄔㄨㄣˊ-ㄒㄧㄢˋ
脣線	唇線	ㄔㄨㄣˊ-ㄒㄧㄢˋ
脣線筆	唇線筆	ㄔㄨㄣˊ-ㄒㄧㄢˋ-ㄅㄧˇ
脣若塗脂	唇若塗脂	ㄔㄨㄣˊ-ㄖㄨㄛˋ-ㄊㄨˊ-ㄓ
脣裂	唇裂	ㄔㄨㄣˊ-ㄌㄧㄝˋ
脣讀	唇讀	ㄔㄨㄣˊ-ㄉㄨˊ
脣音	唇音	ㄔㄨㄣˊ-ㄧㄣ
脣項	唇項	ㄔㄨㄣˊ-ㄒㄧㄤˋ
脣顎裂	唇顎裂	ㄔㄨㄣˊ-ㄜˋ-ㄌㄧㄝˋ
脣齒音	唇齒音	ㄔㄨㄣˊ-ㄔˇ-ㄧㄣ
脣齶裂	唇顎裂	ㄔㄨㄣˊ-ㄜˋ-ㄌㄧㄝˋ
脫綫	脫線	ㄊㄨㄛ-ㄒㄧㄢˋ
腦裏	腦裡	ㄋㄠˇ-ㄌㄧˇ
腰綫	腰線	ㄧㄠ-ㄒㄧㄢˋ
腰裏橫	腰裡橫	ㄧㄠ-ㄌㄧˇ-ㄏㄥˊ
腹白綫	腹白線	ㄈㄨˋ-ㄅㄞˊ-ㄒㄧㄢˋ
腹裏	腹裡	ㄈㄨˋ-ㄌㄧˇ
膛綫	膛線	ㄊㄤˊ-ㄒㄧㄢˋ
膨牀	膨床	ㄆㄥˊ-ㄔㄨㄤˊ
膨綫衫	膨線衫	ㄆㄥˊ-ㄒㄧㄢˋ-ㄕㄢ
臊子麪	臊子麵	ㄙㄠˋ-ㄗˇ-ㄇㄧㄢˋ
臘月裏	臘月裡	ㄌㄚˋ-ㄩㄝˋ-ㄌㄧˇ
臥牀	臥床	ㄨㄛˋ-ㄔㄨㄤˊ
臥牀不起	臥床不起	ㄨㄛˋ-ㄔㄨㄤˊ-ㄅㄨˋ-ㄑㄧˇ
臥病在牀	臥病在床	ㄨㄛˋ-ㄅㄧㄥˋ-ㄗㄞˋ-ㄔㄨㄤˊ
臧汙	臧污	ㄗㄤ-ㄨ
臨牀	臨床	ㄌㄧㄣˊ-ㄔㄨㄤˊ
臨牀死亡	臨床死亡	ㄌㄧㄣˊ-ㄔㄨㄤˊ-ㄙˇ-ㄨㄤˊ
臨牀試驗	臨床試驗	ㄌㄧㄣˊ-ㄔㄨㄤˊ-ㄕˋ-ㄧㄢˋ
臨牀醫學	臨床醫學	ㄌㄧㄣˊ-ㄔㄨㄤˊ-ㄧ-ㄒㄩㄝˊ
臨牀醫生	臨床醫生	ㄌㄧㄣˊ-ㄔㄨㄤˊ-ㄧ-ㄕㄥ
自以爲是	自以為是	ㄗˋ-ㄧˇ-ㄨㄟˊ-ㄕˋ
自助行爲	自助行為	ㄗˋ-ㄓㄨˋ-ㄒㄧㄥˊ-ㄨㄟˊ
自啓	自啟	ㄗˋ-ㄑㄧˇ
自把自爲	自把自為	ㄗˋ-ㄅㄚˇ-ㄗˋ-ㄨㄟˊ
自爲	自為	ㄗˋ-ㄨㄟˊ
自爲階級	自為階級	ㄗˋ-ㄨㄟˊ-ㄐㄧㄝ-ㄐㄧˊ
自立爲王	自立為王	ㄗˋ-ㄌㄧˋ-ㄨㄟˊ-ㄨㄤˊ
臬臺	臬台	ㄋㄧㄝˋ-ㄊㄞˊ
臺一線	台一線	ㄊㄞˊ-ㄧ-ㄒㄧㄢˋ
臺七線	台七線	ㄊㄞˊ-ㄑㄧ-ㄒㄧㄢˋ
臺上	台上	ㄊㄞˊ-ㄕㄤˋ
臺下	台下	ㄊㄞˊ-ㄒㄧㄚˋ
臺中一中	台中一中	ㄊㄞˊ-ㄓㄨㄥ-ㄧ-ㄓㄨㄥ
臺中二中	台中二中	ㄊㄞˊ-ㄓㄨㄥ-ㄦˋ-ㄓㄨㄥ
臺中寺	台中寺	ㄊㄞˊ-ㄓㄨㄥ-ㄙˋ
臺中州	台中州	ㄊㄞˊ-ㄓㄨㄥ-ㄓㄡ
臺中市長	台中市長	ㄊㄞˊ-ㄓㄨㄥ-ㄕˋ-ㄔㄤˊ
臺中廳	台中廳	ㄊㄞˊ-ㄓㄨㄥ-ㄊㄧㄥ
臺中指	台中指	ㄊㄞˊ-ㄓㄨㄥ-ㄓˇ
臺中教大	台中教大	ㄊㄞˊ-ㄓㄨㄥ-ㄐㄧㄠ-ㄉㄚˋ
臺中港	台中港	ㄊㄞˊ-ㄓㄨㄥ-ㄍㄤˇ
臺中科大	台中科大	ㄊㄞˊ-ㄓㄨㄥ-ㄎㄜ-ㄉㄚˋ
臺中站	台中站	ㄊㄞˊ-ㄓㄨㄥ-ㄓㄢˋ
臺中線	台中線	ㄊㄞˊ-ㄓㄨㄥ-ㄒㄧㄢˋ
臺中縣長	台中縣長	ㄊㄞˊ-ㄓㄨㄥ-ㄒㄧㄢˋ-ㄔㄤˊ
臺五線	台五線	ㄊㄞˊ-ㄨˇ-ㄒㄧㄢˋ
臺候	台候	ㄊㄞˊ-ㄏㄡˋ
臺允	台允	ㄊㄞˊ-ㄩㄣˇ
臺兒莊	台兒莊	ㄊㄞˊ-ㄦˊ-ㄓㄨㄤ
臺六線	台六線	ㄊㄞˊ-ㄌㄧㄡˋ-ㄒㄧㄢˋ
臺函	台函	ㄊㄞˊ-ㄏㄢˊ
臺前	台前	ㄊㄞˊ-ㄑㄧㄢˊ
臺前幕後	台前幕後	ㄊㄞˊ-ㄑㄧㄢˊ-ㄇㄨˋ-ㄏㄡˋ
臺劇	台劇	ㄊㄞˊ-ㄐㄩˋ
臺北人	台北人	ㄊㄞˊ-ㄅㄟˇ-ㄖㄣˊ
臺北城	台北城	ㄊㄞˊ-ㄅㄟˇ-ㄔㄥˊ
臺北島	台北島	ㄊㄞˊ-ㄅㄟˇ-ㄉㄠˇ
臺北州	台北州	ㄊㄞˊ-ㄅㄟˇ-ㄓㄡ
臺北師專	台北師專	ㄊㄞˊ-ㄅㄟˇ-ㄕ-ㄓㄨㄢ
臺北府	台北府	ㄊㄞˊ-ㄅㄟˇ-ㄈㄨˇ
臺北廳	台北廳	ㄊㄞˊ-ㄅㄟˇ-ㄊㄧㄥ
臺北橋	台北橋	ㄊㄞˊ-ㄅㄟˇ-ㄑㄧㄠˊ
臺北法	台北法	ㄊㄞˊ-ㄅㄟˇ-ㄈㄚˇ
臺北港	台北港	ㄊㄞˊ-ㄅㄟˇ-ㄍㄤˇ
臺北站	台北站	ㄊㄞˊ-ㄅㄟˇ-ㄓㄢˋ
臺北縣長	台北縣長	ㄊㄞˊ-ㄅㄟˇ-ㄒㄧㄢˋ-ㄔㄤˊ
臺北藝	台北藝	ㄊㄞˊ-ㄅㄟˇ-ㄧˋ
臺北藝大	台北藝大	ㄊㄞˊ-ㄅㄟˇ-ㄧˋ-ㄉㄚˋ
臺北護大	台北護大	ㄊㄞˊ-ㄅㄟˇ-ㄏㄨˋ-ㄉㄚˋ
臺北驛	台北驛	ㄊㄞˊ-ㄅㄟˇ-ㄧˋ
臺十線	台十線	ㄊㄞˊ-ㄕˊ-ㄒㄧㄢˋ
臺南城	台南城	ㄊㄞˊ-ㄋㄢˊ-ㄔㄥˊ
臺南州	台南州	ㄊㄞˊ-ㄋㄢˊ-ㄓㄡ
臺南市長	台南市長	ㄊㄞˊ-ㄋㄢˊ-ㄕˋ-ㄔㄤˊ
臺南幫	台南幫	ㄊㄞˊ-ㄋㄢˊ-ㄅㄤ
臺南府	台南府	ㄊㄞˊ-ㄋㄢˊ-ㄈㄨˇ
臺南廳	台南廳	ㄊㄞˊ-ㄋㄢˊ-ㄊㄧㄥ
臺南藝大	台南藝大	ㄊㄞˊ-ㄋㄢˊ-ㄧˋ-ㄉㄚˋ
臺口	台口	ㄊㄞˊ-ㄎㄡˇ
臺吉	台吉	ㄊㄞˊ-ㄐㄧˊ
臺命	台命	ㄊㄞˊ-ㄇㄧㄥˋ
臺員	台員	ㄊㄞˊ-ㄩㄢˊ
臺啟	台啟	ㄊㄞˊ-ㄑㄧˇ
臺四線	台四線	ㄊㄞˊ-ㄙˋ-ㄒㄧㄢˋ
臺圓	台圓	ㄊㄞˊ-ㄩㄢˊ
臺地	台地	ㄊㄞˊ-ㄉㄧˋ
臺型	台型	ㄊㄞˊ-ㄒㄧㄥˊ
臺城	台城	ㄊㄞˊ-ㄔㄥˊ
臺基	台基	ㄊㄞˊ-ㄐㄧ
臺奸	台奸	ㄊㄞˊ-ㄐㄧㄢ
臺妹	台妹	ㄊㄞˊ-ㄇㄟˋ
臺媒	台媒	ㄊㄞˊ-ㄇㄟˊ
臺安	台安	ㄊㄞˊ-ㄢ
臺客	台客	ㄊㄞˊ-ㄎㄜˋ
臺山	台山	ㄊㄞˊ-ㄕㄢ
臺山話	台山話	ㄊㄞˊ-ㄕㄢ-ㄏㄨㄚˋ
臺山閑話	台山閑話	ㄊㄞˊ-ㄕㄢ-ㄒㄧㄢˊ-ㄏㄨㄚˋ
臺山閒話	台山閒話	ㄊㄞˊ-ㄕㄢ-ㄒㄧㄢˊ-ㄏㄨㄚˋ
臺島	台島	ㄊㄞˊ-ㄉㄠˇ
臺巴子	台巴子	ㄊㄞˊ-ㄅㄚ-ㄗˇ
臺布	台布	ㄊㄞˊ-ㄅㄨˋ
臺幣	台幣	ㄊㄞˊ-ㄅㄧˋ
臺幹	台幹	ㄊㄞˊ-ㄍㄢˋ
臺座	台座	ㄊㄞˊ-ㄗㄨㄛˋ
臺式	台式	ㄊㄞˊ-ㄕˋ
臺式機	台式機	ㄊㄞˊ-ㄕˋ-ㄐㄧ
臺所	台所	ㄊㄞˊ-ㄙㄨㄛˇ
臺教	台教	ㄊㄞˊ-ㄐㄧㄠ
臺文	台文	ㄊㄞˊ-ㄨㄣˊ
臺斤	台斤	ㄊㄞˊ-ㄐㄧㄣ
臺景	台景	ㄊㄞˊ-ㄐㄧㄥˇ
臺曆	台曆	ㄊㄞˊ-ㄌㄧˋ
臺本	台本	ㄊㄞˊ-ㄅㄣˇ
臺東人	台東人	ㄊㄞˊ-ㄉㄨㄥ-ㄖㄣˊ
臺東廳	台東廳	ㄊㄞˊ-ㄉㄨㄥ-ㄊㄧㄥ
臺東港	台東港	ㄊㄞˊ-ㄉㄨㄥ-ㄍㄤˇ
臺東站	台東站	ㄊㄞˊ-ㄉㄨㄥ-ㄓㄢˋ
臺東線	台東線	ㄊㄞˊ-ㄉㄨㄥ-ㄒㄧㄢˋ
臺東縣長	台東縣長	ㄊㄞˊ-ㄉㄨㄥ-ㄒㄧㄢˋ-ㄔㄤˊ
臺東街	台東街	ㄊㄞˊ-ㄉㄨㄥ-ㄐㄧㄝ
臺東郡	台東郡	ㄊㄞˊ-ㄉㄨㄥ-ㄐㄩㄣˋ
臺柱	台柱	ㄊㄞˊ-ㄓㄨˋ
臺柱子	台柱子	ㄊㄞˊ-ㄓㄨˋ-ㄗ˙
臺榭	台榭	ㄊㄞˊ-ㄒㄧㄝˋ
臺標	台標	ㄊㄞˊ-ㄅㄧㄠ
臺歌	台歌	ㄊㄞˊ-ㄍㄜ
臺步	台步	ㄊㄞˊ-ㄅㄨˋ
臺毒	台毒	ㄊㄞˊ-ㄉㄨˊ
臺江	台江	ㄊㄞˊ-ㄐㄧㄤ
臺海	台海	ㄊㄞˊ-ㄏㄞˇ
臺海大	台海大	ㄊㄞˊ-ㄏㄞˇ-ㄉㄚˋ
臺澎金馬	台澎金馬	ㄊㄞˊ-ㄆㄥˊ-ㄐㄧㄣ-ㄇㄚˇ
臺灣人	台灣人	ㄊㄞˊ-ㄨㄢ-ㄖㄣˊ
臺灣仔	台灣仔	ㄊㄞˊ-ㄨㄢ-ㄗˇ
臺灣區道	台灣區道	ㄊㄞˊ-ㄨㄢ-ㄑㄩ-ㄉㄠˋ
臺灣台語	台灣台語	ㄊㄞˊ-ㄨㄢ-ㄊㄞˊ-ㄩˇ
臺灣吧	台灣吧	ㄊㄞˊ-ㄨㄢ-ㄅㄚ
臺灣國	台灣國	ㄊㄞˊ-ㄨㄢ-ㄍㄨㄛˊ
臺灣國語	台灣國語	ㄊㄞˊ-ㄨㄢ-ㄍㄨㄛˊ-ㄩˇ
臺灣地區	台灣地區	ㄊㄞˊ-ㄨㄢ-ㄉㄧˋ-ㄑㄩ
臺灣城	台灣城	ㄊㄞˊ-ㄨㄢ-ㄔㄥˊ
臺灣塔	台灣塔	ㄊㄞˊ-ㄨㄢ-ㄊㄚˇ
臺灣字	台灣字	ㄊㄞˊ-ㄨㄢ-ㄗˋ
臺灣學	台灣學	ㄊㄞˊ-ㄨㄢ-ㄒㄩㄝˊ
臺灣尾	台灣尾	ㄊㄞˊ-ㄨㄢ-ㄨㄟˇ
臺灣島	台灣島	ㄊㄞˊ-ㄨㄢ-ㄉㄠˇ
臺灣府	台灣府	ㄊㄞˊ-ㄨㄢ-ㄈㄨˇ
臺灣拳	台灣拳	ㄊㄞˊ-ㄨㄢ-ㄑㄩㄢˊ
臺灣族	台灣族	ㄊㄞˊ-ㄨㄢ-ㄗㄨˊ
臺灣旗	台灣旗	ㄊㄞˊ-ㄨㄢ-ㄑㄧˊ
臺灣杉	台灣杉	ㄊㄞˊ-ㄨㄢ-ㄕㄢ
臺灣檨	台灣檨	ㄊㄞˊ-ㄨㄢ-ㄕㄜ
臺灣油芒	台灣油芒	ㄊㄞˊ-ㄨㄢ-ㄧㄡˊ-ㄇㄤˊ
臺灣海峽	台灣海峽	ㄊㄞˊ-ㄨㄢ-ㄏㄞˇ-ㄒㄧㄚˊ
臺灣片	台灣片	ㄊㄞˊ-ㄨㄢ-ㄆㄧㄢˋ
臺灣犬	台灣犬	ㄊㄞˊ-ㄨㄢ-ㄑㄩㄢˇ
臺灣玉	台灣玉	ㄊㄞˊ-ㄨㄢ-ㄩˋ
臺灣甲	台灣甲	ㄊㄞˊ-ㄨㄢ-ㄐㄧㄚˇ
臺灣當局	台灣當局	ㄊㄞˊ-ㄨㄢ-ㄉㄤ-ㄐㄩˊ
臺灣相思	台灣相思	ㄊㄞˊ-ㄨㄢ-ㄒㄧㄤ-ㄙ
臺灣省城	台灣省城	ㄊㄞˊ-ㄨㄢ-ㄕㄥˇ-ㄔㄥˊ
臺灣省道	台灣省道	ㄊㄞˊ-ㄨㄢ-ㄕㄥˇ-ㄉㄠˋ
臺灣省長	台灣省長	ㄊㄞˊ-ㄨㄢ-ㄕㄥˇ-ㄔㄤˊ
臺灣社	台灣社	ㄊㄞˊ-ㄨㄢ-ㄕㄜˋ
臺灣祭	台灣祭	ㄊㄞˊ-ㄨㄢ-ㄐㄧˋ
臺灣籍	台灣籍	ㄊㄞˊ-ㄨㄢ-ㄐㄧˊ
臺灣縣	台灣縣	ㄊㄞˊ-ㄨㄢ-ㄒㄧㄢˋ
臺灣腔	台灣腔	ㄊㄞˊ-ㄨㄢ-ㄑㄧㄤ
臺灣臺語	台灣台語	ㄊㄞˊ-ㄨㄢ-ㄊㄞˊ-ㄩˇ
臺灣茶	台灣茶	ㄊㄞˊ-ㄨㄢ-ㄔㄚˊ
臺灣菜	台灣菜	ㄊㄞˊ-ㄨㄢ-ㄘㄞˋ
臺灣裔	台灣裔	ㄊㄞˊ-ㄨㄢ-ㄧˋ
臺灣話	台灣話	ㄊㄞˊ-ㄨㄢ-ㄏㄨㄚˋ
臺灣語	台灣語	ㄊㄞˊ-ㄨㄢ-ㄩˇ
臺灣軍	台灣軍	ㄊㄞˊ-ㄨㄢ-ㄐㄩㄣ
臺灣通	台灣通	ㄊㄞˊ-ㄨㄢ-ㄊㄨㄥ
臺灣道	台灣道	ㄊㄞˊ-ㄨㄢ-ㄉㄠˋ
臺灣鎮	台灣鎮	ㄊㄞˊ-ㄨㄢ-ㄓㄣˋ
臺灣頭	台灣頭	ㄊㄞˊ-ㄨㄢ-ㄊㄡˊ
臺灣鯛	台灣鯛	ㄊㄞˊ-ㄨㄢ-ㄉㄧㄠ
臺灣鯨	台灣鯨	ㄊㄞˊ-ㄨㄢ-ㄐㄧㄥ
臺灣鰍	台灣鰍	ㄊㄞˊ-ㄨㄢ-ㄑㄧㄡ
臺灣黃楊	台灣黃楊	ㄊㄞˊ-ㄨㄢ-ㄏㄨㄤˊ-ㄧㄤˊ
臺灣黑熊	台灣黑熊	ㄊㄞˊ-ㄨㄢ-ㄏㄟ-ㄒㄩㄥˊ
臺照	台照	ㄊㄞˊ-ㄓㄠˋ
臺燈	台燈	ㄊㄞˊ-ㄉㄥ
臺版	台版	ㄊㄞˊ-ㄅㄢˇ
臺獨	台獨	ㄊㄞˊ-ㄉㄨˊ
臺甫	台甫	ㄊㄞˊ-ㄈㄨˇ
臺盟	台盟	ㄊㄞˊ-ㄇㄥˊ
臺省	台省	ㄊㄞˊ-ㄕㄥˇ
臺票	台票	ㄊㄞˊ-ㄆㄧㄠˋ
臺窩灣	台窩灣	ㄊㄞˊ-ㄨㄛ-ㄨㄢ
臺站	台站	ㄊㄞˊ-ㄓㄢˋ
臺端	台端	ㄊㄞˊ-ㄉㄨㄢ
臺紙	台紙	ㄊㄞˊ-ㄓˇ
臺羅	台羅	ㄊㄞˊ-ㄌㄨㄛˊ
臺美人	台美人	ㄊㄞˊ-ㄇㄟˇ-ㄖㄣˊ
臺聯大	台聯大	ㄊㄞˊ-ㄌㄧㄢˊ-ㄉㄚˋ
臺胞	台胞	ㄊㄞˊ-ㄅㄠ
臺胞證	台胞證	ㄊㄞˊ-ㄅㄠ-ㄓㄥˋ
臺臣	台臣	ㄊㄞˊ-ㄔㄣˊ
臺船	台船	ㄊㄞˊ-ㄔㄨㄢˊ
臺藝專	台藝專	ㄊㄞˊ-ㄧˋ-ㄓㄨㄢ
臺虎鉗	台虎鉗	ㄊㄞˊ-ㄏㄨ-ㄑㄧㄢˊ
臺蛙	台蛙	ㄊㄞˊ-ㄨㄚ
臺視	台視	ㄊㄞˊ-ㄕˋ
臺詞	台詞	ㄊㄞˊ-ㄘˊ
臺詞兒	台詞兒	ㄊㄞˊ-ㄘˊ-ㄦˊ
臺語	台語	ㄊㄞˊ-ㄩˇ
臺語文	台語文	ㄊㄞˊ-ㄩˇ-ㄨㄣˊ
臺諜	台諜	ㄊㄞˊ-ㄉㄧㄝˊ
臺資	台資	ㄊㄞˊ-ㄗ
臺車	台車	ㄊㄞˊ-ㄔㄜ
臺軍	台軍	ㄊㄞˊ-ㄐㄩㄣ
臺銜	台銜	ㄊㄞˊ-ㄒㄧㄢˊ
臺鐵局	台鐵局	ㄊㄞˊ-ㄊㄧㄝˇ-ㄐㄩˊ
臺鑒	台鑒	ㄊㄞˊ-ㄐㄧㄢˋ
臺階	台階	ㄊㄞˊ-ㄐㄧㄝ
臺電	台電	ㄊㄞˊ-ㄉㄧㄢˋ
臺頭	台頭	ㄊㄞˊ-ㄊㄡˊ
臺風	台風	ㄊㄞˊ-ㄈㄥ
臺駕	台駕	ㄊㄞˊ-ㄐㄧㄚˋ
與人爲善	與人為善	ㄩˇ-ㄖㄣˊ-ㄨㄟˊ-ㄕㄢˋ
與衆不同	與眾不同	ㄩˇ-ㄓㄨㄥˋ-ㄅㄨˋ-ㄊㄨㄥˊ
興師動衆	興師動眾	ㄒㄧㄥ-ㄕ-ㄉㄨㄥˋ-ㄓㄨㄥˋ
舌劍脣槍	舌劍唇槍	ㄕㄜˊ-ㄐㄧㄢˋ-ㄔㄨㄣˊ-ㄑㄧㄤ
舌戰羣儒	舌戰群儒	ㄕㄜˊ-ㄓㄢˋ-ㄑㄩㄣˊ-ㄖㄨˊ
舌敝唇焦	舌敝脣焦	ㄕㄜˊ-ㄅㄧˋ-ㄔㄨㄣˊ-ㄐㄧㄠ
舌脣音	舌唇音	ㄕㄜˊ-ㄔㄨㄣˊ-ㄧㄣ
舍姆裏	舍姆裡	ㄕㄜˋ-ㄇㄨˇ-ㄌㄧˇ
舍己爲人	舍己為人	ㄕㄜˋ-ㄐㄧˇ-ㄨㄟˊ-ㄖㄣˊ
舚脣咂嘴	舚唇咂嘴	ㄊㄢ-ㄔㄨㄣˊ-ㄗㄚ-ㄗㄨㄟˇ
舞榭歌臺	舞榭歌台	ㄨˇ-ㄒㄧㄝˋ-ㄍㄜ-ㄊㄞˊ
舞臺	舞台	ㄨˇ-ㄊㄞˊ
舞臺劇	舞台劇	ㄨˇ-ㄊㄞˊ-ㄐㄩˋ
舞臺美術	舞台美術	ㄨˇ-ㄊㄞˊ-ㄇㄟˇ-ㄕㄨˋ
舟山羣島	舟山群島	ㄓㄡ-ㄕㄢ-ㄑㄩㄣˊ-ㄉㄠˇ
航綫	航線	ㄏㄤˊ-ㄒㄧㄢˋ
船臺	船台	ㄔㄨㄢˊ-ㄊㄞˊ
艷壓羣芳	艷壓群芳	ㄧㄢˋ-ㄧㄚ-ㄑㄩㄣˊ-ㄈㄤ
芒果臺	芒果台	ㄇㄤˊ-ㄍㄨㄛˇ-ㄊㄞˊ
花痹	花痺	ㄏㄨㄚ-ㄅㄧˋ
花着	花著	ㄏㄨㄚ-ㄓㄜ˙
花綫	花線	ㄏㄨㄚ-ㄒㄧㄢˋ
花臺	花台	ㄏㄨㄚ-ㄊㄞˊ
花裏胡哨	花裡胡哨	ㄏㄨㄚ-ㄌㄧˇ-ㄏㄨˊ-ㄕㄠˋ
花鉢	花缽	ㄏㄨㄚ-ㄅㄛ
花鉢仔	花缽仔	ㄏㄨㄚ-ㄅㄛ-ㄗˇ
花鉢子	花缽子	ㄏㄨㄚ-ㄅㄛ-ㄗˇ
芸臺	芸台	ㄩㄣˊ-ㄊㄞˊ
芸芸衆生	芸芸眾生	ㄩㄣˊ-ㄩㄣˊ-ㄓㄨㄥˋ-ㄕㄥ
苑裏	苑裡	ㄩㄢˋ-ㄌㄧˇ
苗牀	苗床	ㄇㄧㄠˊ-ㄔㄨㄤˊ
茅臺	茅台	ㄇㄠˊ-ㄊㄞˊ
茅臺酒	茅台酒	ㄇㄠˊ-ㄊㄞˊ-ㄐㄧㄡˇ
茶袱臺	茶袱台	ㄔㄚˊ-ㄈㄨˊ-ㄊㄞˊ
茶部臺	茶部台	ㄔㄚˊ-ㄅㄨˋ-ㄊㄞˊ
荃灣綫	荃灣線	ㄑㄩㄢˊ-ㄨㄢ-ㄒㄧㄢˋ
草臺	草台	ㄘㄠˇ-ㄊㄞˊ
草臺班子	草台班子	ㄘㄠˇ-ㄊㄞˊ-ㄅㄢ-ㄗ˙
莜麪	莜麵	ㄉㄧㄠˋ-ㄇㄧㄢˋ
菠棱菜	菠稜菜	ㄅㄛ-ㄌㄥˊ-ㄘㄞˋ
華萊士綫	華萊士線	ㄏㄨㄚˊ-ㄌㄞˊ-ㄕˋ-ㄒㄧㄢˋ
萬壽臺	萬壽台	ㄨㄢˋ-ㄕㄡˋ-ㄊㄞˊ
萬山羣島	萬山群島	ㄨㄢˋ-ㄕㄢ-ㄑㄩㄣˊ-ㄉㄠˇ
萬衆	萬眾	ㄨㄢˋ-ㄓㄨㄥˋ
萬衆一心	萬眾一心	ㄨㄢˋ-ㄓㄨㄥˋ-ㄧ-ㄒㄧㄣ
落牀	落床	ㄌㄨㄛˋ-ㄔㄨㄤˊ
落着	落著	ㄌㄨㄛˋ-ㄓㄜ˙
落羣	落群	ㄌㄨㄛˋ-ㄑㄩㄣˊ
落臺	落台	ㄌㄨㄛˋ-ㄊㄞˊ
落草爲寇	落草為寇	ㄌㄨㄛˋ-ㄘㄠˇ-ㄨㄟˊ-ㄎㄡˋ
落麪	落麵	ㄌㄨㄛˋ-ㄇㄧㄢˋ
著牀	著床	ㄓㄜ˙-ㄔㄨㄤˊ
著生頭裏	著生頭裡	ㄓㄜ˙-ㄕㄥ-ㄊㄡˊ-ㄌㄧˇ
著着	著著	ㄓㄜ˙-ㄓㄜ˙
著陌生裏	著陌生裡	ㄓㄜ˙-ㄇㄛˋ-ㄕㄥ-ㄌㄧˇ
蒙在鼓裏	蒙在鼓裡	ㄇㄥˊ-ㄗㄞˋ-ㄍㄨˇ-ㄌㄧˇ
蓮臺	蓮台	ㄌㄧㄢˊ-ㄊㄞˊ
蔚爲壯觀	蔚為壯觀	ㄨㄟˋ-ㄨㄟˊ-ㄓㄨㄤˋ-ㄍㄨㄢ
蔚爲大觀	蔚為大觀	ㄨㄟˋ-ㄨㄟˊ-ㄉㄚˋ-ㄍㄨㄢ
蔚爲奇觀	蔚為奇觀	ㄨㄟˋ-ㄨㄟˊ-ㄑㄧˊ-ㄍㄨㄢ
蕎麥麪	蕎麥麵	ㄑㄧㄠˊ-ㄇㄞˋ-ㄇㄧㄢˋ
蕎麥麪條	蕎麥麵條	ㄑㄧㄠˊ-ㄇㄞˋ-ㄇㄧㄢˋ-ㄊㄧㄠˊ
蕎麪	蕎麵	ㄑㄧㄠˊ-ㄇㄧㄢˋ
藏垢納汙	藏垢納污	ㄘㄤˊ-ㄍㄡˋ-ㄋㄚˋ-ㄨ
藏着掖着	藏著掖著	ㄘㄤˊ-ㄓㄜ˙-ㄧˋ-ㄓㄜ˙
藏麪	藏麵	ㄘㄤˊ-ㄇㄧㄢˋ
藤牀	藤床	ㄊㄥˊ-ㄔㄨㄤˊ
藥皁	藥皂	ㄧㄠˋ-ㄗㄠˋ
藥麪兒	藥麵兒	ㄧㄠˋ-ㄇㄧㄢˋ-ㄦˊ
藩臺	藩台	ㄈㄢˊ-ㄊㄞˊ
蘇祿羣島	蘇祿群島	ㄙㄨ-ㄌㄨˋ-ㄑㄩㄣˊ-ㄉㄠˇ
處女峯	處女峰	ㄔㄨˋ-ㄋㄩˇ-ㄈㄥ
處女羣島	處女群島	ㄔㄨˋ-ㄋㄩˇ-ㄑㄩㄣˊ-ㄉㄠˇ
虛綫	虛線	ㄒㄩ-ㄒㄧㄢˋ
蜂羣	蜂群	ㄈㄥ-ㄑㄩㄣˊ
蝦綫	蝦線	ㄏㄚˊ-ㄒㄧㄢˋ
蝦麪	蝦麵	ㄏㄚˊ-ㄇㄧㄢˋ
融爲	融為	ㄖㄨㄥˊ-ㄨㄟˊ
融爲一體	融為一體	ㄖㄨㄥˊ-ㄨㄟˊ-ㄧ-ㄊㄧˇ
螺旋麪	螺旋麵	ㄌㄨㄛˊ-ㄒㄩㄢˊ-ㄇㄧㄢˋ
螺綫	螺線	ㄌㄨㄛˊ-ㄒㄧㄢˋ
蠕動意麪	蠕動意麵	ㄖㄨˊ-ㄉㄨㄥˋ-ㄧˋ-ㄇㄧㄢˋ
蠟燭綫	蠟燭線	ㄌㄚˋ-ㄓㄨˊ-ㄒㄧㄢˋ
蠟燭臺	蠟燭台	ㄌㄚˋ-ㄓㄨˊ-ㄊㄞˊ
蠟臺	蠟台	ㄌㄚˋ-ㄊㄞˊ
蠶牀	蠶床	ㄘㄢˊ-ㄔㄨㄤˊ
衆人	眾人	ㄓㄨㄥˋ-ㄖㄣˊ
衆人代	眾人代	ㄓㄨㄥˋ-ㄖㄣˊ-ㄉㄞˋ
衆人知	眾人知	ㄓㄨㄥˋ-ㄖㄣˊ-ㄓ
衆位	眾位	ㄓㄨㄥˋ-ㄨㄟˋ
衆包	眾包	ㄓㄨㄥˋ-ㄅㄠ
衆叛	眾叛	ㄓㄨㄥˋ-ㄆㄢˋ
衆叛親離	眾叛親離	ㄓㄨㄥˋ-ㄆㄢˋ-ㄑㄧㄣ-ㄌㄧˊ
衆口一詞	眾口一詞	ㄓㄨㄥˋ-ㄎㄡˇ-ㄧ-ㄘˊ
衆口一辭	眾口一辭	ㄓㄨㄥˋ-ㄎㄡˇ-ㄧ-ㄘˊ
衆口鑠金	眾口鑠金	ㄓㄨㄥˋ-ㄎㄡˇ-ㄕㄨㄛˋ-ㄐㄧㄣ
衆多	眾多	ㄓㄨㄥˋ-ㄉㄨㄛ
衆官	眾官	ㄓㄨㄥˋ-ㄍㄨㄢ
衆寡	眾寡	ㄓㄨㄥˋ-ㄍㄨㄚˇ
衆庶	眾庶	ㄓㄨㄥˋ-ㄕㄨˋ
衆志成城	眾志成城	ㄓㄨㄥˋ-ㄓˋ-ㄔㄥˊ-ㄔㄥˊ
衆怒	眾怒	ㄓㄨㄥˋ-ㄋㄨˋ
衆所周知	眾所周知	ㄓㄨㄥˋ-ㄙㄨㄛˇ-ㄓㄡ-ㄓ
衆所鳩知	眾所鳩知	ㄓㄨㄥˋ-ㄙㄨㄛˇ-ㄐㄧㄡ-ㄓ
衆數	眾數	ㄓㄨㄥˋ-ㄕㄨˋ
衆星拱北	眾星拱北	ㄓㄨㄥˋ-ㄒㄧㄥ-ㄍㄨㄥˇ-ㄅㄟˇ
衆星拱月	眾星拱月	ㄓㄨㄥˋ-ㄒㄧㄥ-ㄍㄨㄥˇ-ㄩㄝˋ
衆星拱辰	眾星拱辰	ㄓㄨㄥˋ-ㄒㄧㄥ-ㄍㄨㄥˇ-ㄔㄣˊ
衆星捧月	眾星捧月	ㄓㄨㄥˋ-ㄒㄧㄥ-ㄆㄥˇ-ㄩㄝˋ
衆望	眾望	ㄓㄨㄥˋ-ㄨㄤˋ
衆望所歸	眾望所歸	ㄓㄨㄥˋ-ㄨㄤˋ-ㄙㄨㄛˇ-ㄍㄨㄟ
衆民	眾民	ㄓㄨㄥˋ-ㄇㄧㄣˊ
衆牲	眾牲	ㄓㄨㄥˋ-ㄕㄥ
衆生	眾生	ㄓㄨㄥˋ-ㄕㄥ
衆生平等	眾生平等	ㄓㄨㄥˋ-ㄕㄥ-ㄆㄧㄥˊ-ㄉㄥˇ
衆生相	眾生相	ㄓㄨㄥˋ-ㄕㄥ-ㄒㄧㄤˋ
衆目昭彰	眾目昭彰	ㄓㄨㄥˋ-ㄇㄨˋ-ㄓㄠ-ㄓㄤ
衆目睽睽	眾目睽睽	ㄓㄨㄥˋ-ㄇㄨˋ-ㄎㄨㄟˊ-ㄎㄨㄟˊ
衆盲摸象	眾盲摸象	ㄓㄨㄥˋ-ㄇㄤˊ-ㄇㄛ-ㄒㄧㄤˋ
衆神	眾神	ㄓㄨㄥˋ-ㄕㄣˊ
衆籌	眾籌	ㄓㄨㄥˋ-ㄔㄡˊ
衆說	眾說	ㄓㄨㄥˋ-ㄕㄨㄛ
衆說紛紜	眾說紛紜	ㄓㄨㄥˋ-ㄕㄨㄛ-ㄈㄣ-ㄩㄣˊ
衆論	眾論	ㄓㄨㄥˋ-ㄌㄨㄣˋ
衆議	眾議	ㄓㄨㄥˋ-ㄧˋ
衆議員	眾議員	ㄓㄨㄥˋ-ㄧˋ-ㄩㄢˊ
衆議院	眾議院	ㄓㄨㄥˋ-ㄧˋ-ㄩㄢˋ
衆軍	眾軍	ㄓㄨㄥˋ-ㄐㄩㄣ
衆院	眾院	ㄓㄨㄥˋ-ㄩㄢˋ
衆香子	眾香子	ㄓㄨㄥˋ-ㄒㄧㄤ-ㄗˇ
行爲	行為	ㄒㄧㄥˊ-ㄨㄟˊ
行爲主義	行為主義	ㄒㄧㄥˊ-ㄨㄟˊ-ㄓㄨˇ-ㄧˋ
行爲準則	行為準則	ㄒㄧㄥˊ-ㄨㄟˊ-ㄓㄨㄣˇ-ㄗㄜˊ
行爲科學	行為科學	ㄒㄧㄥˊ-ㄨㄟˊ-ㄎㄜ-ㄒㄩㄝˊ
行爲能力	行為能力	ㄒㄧㄥˊ-ㄨㄟˊ-ㄋㄥˊ-ㄌㄧˋ
行爲藝術	行為藝術	ㄒㄧㄥˊ-ㄨㄟˊ-ㄧˋ-ㄕㄨˋ
行臺	行台	ㄒㄧㄥˊ-ㄊㄞˊ
行車綫	行車線	ㄒㄧㄥˊ-ㄔㄜ-ㄒㄧㄢˋ
街綫	街線	ㄐㄧㄝ-ㄒㄧㄢˋ
衝着	衝著	ㄔㄨㄥ-ㄓㄜ˙
衣綫	衣線	ㄧ-ㄒㄧㄢˋ
衣鉢	衣缽	ㄧ-ㄅㄛ
表彰臺	表彰台	ㄅㄧㄠˇ-ㄓㄤ-ㄊㄞˊ
表裏	表裡	ㄅㄧㄠˇ-ㄌㄧˇ
表裏一致	表裡一致	ㄅㄧㄠˇ-ㄌㄧˇ-ㄧ-ㄓˋ
表裏不一	表裡不一	ㄅㄧㄠˇ-ㄌㄧˇ-ㄅㄨˋ-ㄧ
表裏如一	表裡如一	ㄅㄧㄠˇ-ㄌㄧˇ-ㄖㄨˊ-ㄧ
被裏	被裡	ㄅㄟˋ-ㄌㄧˇ
裂脣	裂唇	ㄌㄧㄝˋ-ㄔㄨㄣˊ
裏便	裡便	ㄌㄧˇ-ㄅㄧㄢˋ
裏勢	裡勢	ㄌㄧˇ-ㄕˋ
裏勾外連	裡勾外連	ㄌㄧˇ-ㄍㄡ-ㄨㄞˋ-ㄌㄧㄢˊ
裏向	裡向	ㄌㄧˇ-ㄒㄧㄤˋ
裏向頭	裡向頭	ㄌㄧˇ-ㄒㄧㄤˋ-ㄊㄡˊ
裏嗎兒的	裡嗎兒的	ㄌㄧˇ-ㄇㄚ-ㄦˊ-ㄉㄜ˙
裏外	裡外	ㄌㄧˇ-ㄨㄞˋ
裏家	裡家	ㄌㄧˇ-ㄐㄧㄚ
裏屋	裡屋	ㄌㄧˇ-ㄨ
裏屋兒	裡屋兒	ㄌㄧˇ-ㄨ-ㄦˊ
裏布	裡布	ㄌㄧˇ-ㄅㄨˋ
裏急後重	裡急後重	ㄌㄧˇ-ㄐㄧˊ-ㄏㄡˋ-ㄓㄨㄥˋ
裏手	裡手	ㄌㄧˇ-ㄕㄡˇ
裏日本	裡日本	ㄌㄧˇ-ㄖˋ-ㄅㄣˇ
裏書	裡書	ㄌㄧˇ-ㄕㄨ
裏栗	裡栗	ㄌㄧˇ-ㄌㄧˋ
裏海虎	裡海虎	ㄌㄧˇ-ㄏㄞˇ-ㄏㄨ
裏番	裡番	ㄌㄧˇ-ㄈㄢ
裏肚	裡肚	ㄌㄧˇ-ㄉㄨˋ
裏背	裡背	ㄌㄧˇ-ㄅㄟˋ
裏脊	裡脊	ㄌㄧˇ-ㄐㄧˇ
裏脊肉	裡脊肉	ㄌㄧˇ-ㄐㄧˇ-ㄖㄡˋ
裏表	裡表	ㄌㄧˇ-ㄅㄧㄠˇ
裏褲	裡褲	ㄌㄧˇ-ㄎㄨˋ
裏許	裡許	ㄌㄧˇ-ㄒㄩˇ
裏通外國	裡通外國	ㄌㄧˇ-ㄊㄨㄥ-ㄨㄞˋ-ㄍㄨㄛˊ
裏道兒	裡道兒	ㄌㄧˇ-ㄉㄠˋ-ㄦˊ
裏邊	裡邊	ㄌㄧˇ-ㄅㄧㄢ
裏邊兒	裡邊兒	ㄌㄧˇ-ㄅㄧㄢ-ㄦˊ
裏門	裡門	ㄌㄧˇ-ㄇㄣˊ
裏間	裡間	ㄌㄧˇ-ㄐㄧㄢ
裏間兒	裡間兒	ㄌㄧˇ-ㄐㄧㄢ-ㄦˊ
裏面兒	裡面兒	ㄌㄧˇ-ㄇㄧㄢˋ-ㄦˊ
裏頭	裡頭	ㄌㄧˇ-ㄊㄡˊ
裏頭間	裡頭間	ㄌㄧˇ-ㄊㄡˊ-ㄐㄧㄢ
裏首	裡首	ㄌㄧˇ-ㄕㄡˇ
補給綫	補給線	ㄅㄨˇ-ㄐㄧˇ-ㄒㄧㄢˋ
補臺	補台	ㄅㄨˇ-ㄊㄞˊ
裝配綫	裝配線	ㄓㄨㄤ-ㄆㄟˋ-ㄒㄧㄢˋ
裸綫	裸線	ㄌㄨㄛˇ-ㄒㄧㄢˋ
複綫	複線	ㄈㄨˋ-ㄒㄧㄢˋ
襯綫	襯線	ㄔㄣˋ-ㄒㄧㄢˋ
襯裏	襯裡	ㄔㄣˋ-ㄌㄧˇ
西屋臺	西屋台	ㄒㄧ-ㄨ-ㄊㄞˊ
西敎	西教	ㄒㄧ-ㄐㄧㄠ
西沙羣島	西沙群島	ㄒㄧ-ㄕㄚ-ㄑㄩㄣˊ-ㄉㄠˇ
西狗喫月	西狗吃月	ㄒㄧ-ㄍㄡˇ-ㄔ-ㄩㄝˋ
西臺灣	西台灣	ㄒㄧ-ㄊㄞˊ-ㄨㄢ
覈查	核查	ㄏㄜˊ-ㄔㄚˊ
覈算	核算	ㄏㄜˊ-ㄙㄨㄢˋ
覈驗	核驗	ㄏㄜˊ-ㄧㄢˋ
見義勇爲	見義勇為	ㄐㄧㄢˋ-ㄧˋ-ㄩㄥˇ-ㄨㄟˊ
見臺	見台	ㄐㄧㄢˋ-ㄊㄞˊ
視爲	視為	ㄕˋ-ㄨㄟˊ
視爲畏途	視為畏途	ㄕˋ-ㄨㄟˊ-ㄨㄟˋ-ㄊㄨˊ
視綫	視線	ㄕˋ-ㄒㄧㄢˋ
親力親爲	親力親為	ㄑㄧㄣ-ㄌㄧˋ-ㄑㄧㄣ-ㄨㄟˊ
親臺灣	親台灣	ㄑㄧㄣ-ㄊㄞˊ-ㄨㄢ
覺着	覺著	ㄐㄩㄝˊ-ㄓㄜ˙
觀景臺	觀景台	ㄍㄨㄢ-ㄐㄧㄥˇ-ㄊㄞˊ
觀衆	觀眾	ㄍㄨㄢ-ㄓㄨㄥˋ
觀衆緣	觀眾緣	ㄍㄨㄢ-ㄓㄨㄥˋ-ㄩㄢˊ
觀象臺	觀象台	ㄍㄨㄢ-ㄒㄧㄤˋ-ㄊㄞˊ
角平分綫	角平分線	ㄐㄧㄠˇ-ㄆㄧㄥˊ-ㄈㄣ-ㄒㄧㄢˋ
角臺	角台	ㄐㄧㄠˇ-ㄊㄞˊ
解説	解說	ㄐㄧㄝˇ-ㄕㄨㄛ
言爲心聲	言為心聲	ㄧㄢˊ-ㄨㄟˊ-ㄒㄧㄣ-ㄕㄥ
言説	言說	ㄧㄢˊ-ㄕㄨㄛ
託鉢僧	託缽僧	ㄊㄨㄛ-ㄅㄛ-ㄙㄥ
記着	記著	ㄐㄧˋ-ㄓㄜ˙
訪臺	訪台	ㄈㄤˇ-ㄊㄞˊ
診牀	診床	ㄓㄣˇ-ㄔㄨㄤˊ
評説	評說	ㄆㄧㄥˊ-ㄕㄨㄛ
詢問臺	詢問台	ㄒㄩㄣˊ-ㄨㄣˋ-ㄊㄞˊ
試着	試著	ㄕˋ-ㄓㄜ˙
話裏藏鬮	話裡藏鬮	ㄏㄨㄚˋ-ㄌㄧˇ-ㄘㄤˊ-ㄐㄧㄡ
話説	話說	ㄏㄨㄚˋ-ㄕㄨㄛ
詳説	詳說	ㄒㄧㄤˊ-ㄕㄨㄛ
誇誇羣	誇誇群	ㄎㄨㄚ-ㄎㄨㄚ-ㄑㄩㄣˊ
認爲	認為	ㄖㄣˋ-ㄨㄟˊ
認牀	認床	ㄖㄣˋ-ㄔㄨㄤˊ
説多謝	說多謝	ㄕㄨㄛ-ㄉㄨㄛ-ㄒㄧㄝˋ
説媒	說媒	ㄕㄨㄛ-ㄇㄟˊ
説得	說得	ㄕㄨㄛ-ㄉㄜˊ
説文解字	說文解字	ㄕㄨㄛ-ㄨㄣˊ-ㄐㄧㄝˇ-ㄗˋ
説明	說明	ㄕㄨㄛ-ㄇㄧㄥˊ
説明書	說明書	ㄕㄨㄛ-ㄇㄧㄥˊ-ㄕㄨ
説書	說書	ㄕㄨㄛ-ㄕㄨ
説書人	說書人	ㄕㄨㄛ-ㄕㄨ-ㄖㄣˊ
説法	說法	ㄕㄨㄛ-ㄈㄚˇ
説破	說破	ㄕㄨㄛ-ㄆㄛˋ
説話	說話	ㄕㄨㄛ-ㄏㄨㄚˋ
説謊	說謊	ㄕㄨㄛ-ㄏㄨㄤˇ
説謝	說謝	ㄕㄨㄛ-ㄒㄧㄝˋ
説起	說起	ㄕㄨㄛ-ㄑㄧˇ
説述	說述	ㄕㄨㄛ-ㄕㄨˋ
説騙	說騙	ㄕㄨㄛ-ㄆㄧㄢˋ
調度臺	調度台	ㄉㄧㄠˋ-ㄉㄨˋ-ㄊㄞˊ
談情説愛	談情說愛	ㄊㄢˊ-ㄑㄧㄥˊ-ㄕㄨㄛ-ㄞˋ
論説	論說	ㄌㄨㄣˋ-ㄕㄨㄛ
講經臺	講經台	ㄐㄧㄤˇ-ㄐㄧㄥ-ㄊㄞˊ
講臺	講台	ㄐㄧㄤˇ-ㄊㄞˊ
謹啓	謹啟	ㄐㄧㄣˇ-ㄑㄧˇ
譁衆取寵	譁眾取寵	ㄏㄨㄚˊ-ㄓㄨㄥˋ-ㄑㄩˇ-ㄔㄨㄥˇ
警戒綫	警戒線	ㄐㄧㄥˇ-ㄐㄧㄝˋ-ㄒㄧㄢˋ
護脣膏	護唇膏	ㄏㄨˋ-ㄔㄨㄣˊ-ㄍㄠ
譽爲	譽為	ㄩˋ-ㄨㄟˊ
讀者羣	讀者群	ㄉㄨˊ-ㄓㄜˇ-ㄑㄩㄣˊ
讀脣	讀唇	ㄉㄨˊ-ㄔㄨㄣˊ
變廢爲寶	變廢為寶	ㄅㄧㄢˋ-ㄈㄟˋ-ㄨㄟˊ-ㄅㄠˇ
變爲	變為	ㄅㄧㄢˋ-ㄨㄟˊ
豆麪	豆麵	ㄉㄡˋ-ㄇㄧㄢˋ
豎綫	豎線	ㄕㄨˋ-ㄒㄧㄢˋ
豐脣	豐唇	ㄈㄥ-ㄔㄨㄣˊ
豐臺	豐台	ㄈㄥ-ㄊㄞˊ
豐臺區	豐台區	ㄈㄥ-ㄊㄞˊ-ㄑㄩ
豔壓羣芳	豔壓群芳	ㄧㄢˋ-ㄧㄚ-ㄑㄩㄣˊ-ㄈㄤ
象牀	象床	ㄒㄧㄤˋ-ㄔㄨㄤˊ
豬竈	豬灶	ㄓㄨ-ㄗㄠˋ
豬羣	豬群	ㄓㄨ-ㄑㄩㄣˊ
貝塔射綫	貝塔射線	ㄅㄟˋ-ㄊㄚˇ-ㄕㄜˋ-ㄒㄧㄢˋ
貧困綫	貧困線	ㄆㄧㄣˊ-ㄎㄨㄣˋ-ㄒㄧㄢˋ
貫衆	貫眾	ㄍㄨㄢˋ-ㄓㄨㄥˋ
賊衆	賊眾	ㄗㄟˊ-ㄓㄨㄥˋ
賣喙脣皮	賣喙唇皮	ㄇㄞˋ-ㄏㄨㄟˋ-ㄔㄨㄣˊ-ㄆㄧˊ
賣臺	賣台	ㄇㄞˋ-ㄊㄞˊ
賬臺	賬台	ㄓㄤˋ-ㄊㄞˊ
賴牀	賴床	ㄌㄞˋ-ㄔㄨㄤˊ
赤峯	赤峰	ㄔˋ-ㄈㄥ
赫毋着	赫毋著	ㄏㄜˋ-ㄨˊ-ㄓㄜ˙
走爲上策	走為上策	ㄗㄡˇ-ㄨㄟˊ-ㄕㄤˋ-ㄘㄜˋ
走爲上計	走為上計	ㄗㄡˇ-ㄨㄟˊ-ㄕㄤˋ-ㄐㄧˋ
走着瞧	走著瞧	ㄗㄡˇ-ㄓㄜ˙-ㄑㄧㄠˊ
走綫	走線	ㄗㄡˇ-ㄒㄧㄢˋ
起牀	起床	ㄑㄧˇ-ㄔㄨㄤˊ
起牀氣	起床氣	ㄑㄧˇ-ㄔㄨㄤˊ-ㄑㄧˋ
起跑綫	起跑線	ㄑㄧˇ-ㄆㄠˇ-ㄒㄧㄢˋ
起麪	起麵	ㄑㄧˇ-ㄇㄧㄢˋ
超綫	超線	ㄔㄠ-ㄒㄧㄢˋ
超羣	超群	ㄔㄠ-ㄑㄩㄣˊ
跟着	跟著	ㄍㄣ-ㄓㄜ˙
跨平臺	跨平台	ㄎㄨㄚˋ-ㄆㄧㄥˊ-ㄊㄞˊ
跪臺辦	跪台辦	ㄍㄨㄟˋ-ㄊㄞˊ-ㄅㄢˋ
路綫	路線	ㄌㄨˋ-ㄒㄧㄢˋ
路綫圖	路線圖	ㄌㄨˋ-ㄒㄧㄢˋ-ㄊㄨˊ
路脣	路唇	ㄌㄨˋ-ㄔㄨㄣˊ
路脣口	路唇口	ㄌㄨˋ-ㄔㄨㄣˊ-ㄎㄡˇ
跳火羣	跳火群	ㄊㄧㄠˋ-ㄏㄨㄛˇ-ㄑㄩㄣˊ
跳臺	跳台	ㄊㄧㄠˋ-ㄊㄞˊ
跳臺滑雪	跳台滑雪	ㄊㄧㄠˋ-ㄊㄞˊ-ㄏㄨㄚˊ-ㄒㄩㄝˇ
踊躍	踴躍	ㄩㄥˇ-ㄩㄝˋ
踩綫	踩線	ㄘㄞˇ-ㄒㄧㄢˋ
踩鋼綫	踩鋼線	ㄘㄞˇ-ㄍㄤ-ㄒㄧㄢˋ
蹦牀	蹦床	ㄅㄥˋ-ㄔㄨㄤˊ
蹦蹦牀	蹦蹦床	ㄅㄥˋ-ㄅㄥˋ-ㄔㄨㄤˊ
身爲	身為	ㄕㄣ-ㄨㄟˊ
躽牀	躽床	ㄧㄢˇ-ㄔㄨㄤˊ
車仔綫	車仔線	ㄔㄜ-ㄗˇ-ㄒㄧㄢˋ
車仔麪	車仔麵	ㄔㄜ-ㄗˇ-ㄇㄧㄢˋ
車牀	車床	ㄔㄜ-ㄔㄨㄤˊ
車臺	車台	ㄔㄜ-ㄊㄞˊ
車道綫	車道線	ㄔㄜ-ㄉㄠˋ-ㄒㄧㄢˋ
軟綫	軟線	ㄖㄨㄢˇ-ㄒㄧㄢˋ
軟肥皁	軟肥皂	ㄖㄨㄢˇ-ㄈㄟˊ-ㄗㄠˋ
軟顎	軟齶	ㄖㄨㄢˇ-ㄜˋ
軟齶音	軟顎音	ㄖㄨㄢˇ-ㄜˋ-ㄧㄣ
軸綫	軸線	ㄓㄡˊ-ㄒㄧㄢˋ
軼羣	軼群	ㄧˋ-ㄑㄩㄣˊ
較爲	較為	ㄐㄧㄠˋ-ㄨㄟˊ
輕脣音	輕唇音	ㄑㄧㄥ-ㄔㄨㄣˊ-ㄧㄣ
輪牀	輪床	ㄌㄨㄣˊ-ㄔㄨㄤˊ
輪臺	輪台	ㄌㄨㄣˊ-ㄊㄞˊ
轆架牀	轆架床	ㄌㄨˋ-ㄐㄧㄚˋ-ㄔㄨㄤˊ
轉危爲安	轉危為安	ㄓㄨㄢˇ-ㄨㄟˊ-ㄨㄟˊ-ㄢ
轉臺	轉台	ㄓㄨㄢˇ-ㄊㄞˊ
轉車臺	轉車台	ㄓㄨㄢˇ-ㄔㄜ-ㄊㄞˊ
辭竈	辭灶	ㄘˊ-ㄗㄠˋ
辱臺	辱台	ㄖㄨˇ-ㄊㄞˊ
迄今爲止	迄今為止	ㄑㄧˋ-ㄐㄧㄣ-ㄨㄟˊ-ㄓˇ
返臺	返台	ㄈㄢˇ-ㄊㄞˊ
迪士尼綫	迪士尼線	ㄉㄧˊ-ㄕˋ-ㄋㄧˊ-ㄒㄧㄢˋ
迭搭裏	迭搭裡	ㄉㄧㄝˊ-ㄉㄚ-ㄌㄧˇ
迭爲	迭為	ㄉㄧㄝˊ-ㄨㄟˊ
退羣	退群	ㄊㄨㄟˋ-ㄑㄩㄣˊ
送竈	送灶	ㄙㄨㄥˋ-ㄗㄠˋ
送竈君	送灶君	ㄙㄨㄥˋ-ㄗㄠˋ-ㄐㄩㄣ
送竈王	送灶王	ㄙㄨㄥˋ-ㄗㄠˋ-ㄨㄤˊ
送竈神	送灶神	ㄙㄨㄥˋ-ㄗㄠˋ-ㄕㄣˊ
逆權侵佔	逆權侵占	ㄋㄧˋ-ㄑㄩㄢˊ-ㄑㄧㄣ-ㄓㄢˋ
逆着	逆著	ㄋㄧˋ-ㄓㄜ˙
逆綫	逆線	ㄋㄧˋ-ㄒㄧㄢˋ
透着	透著	ㄊㄡˋ-ㄓㄜ˙
逕啓者	逕啟者	ㄐㄧㄥˋ-ㄑㄧˇ-ㄓㄜˇ
通説	通說	ㄊㄨㄥ-ㄕㄨㄛ
速食麪	速食麵	ㄙㄨˋ-ㄕˊ-ㄇㄧㄢˋ
造謠惑衆	造謠惑眾	ㄗㄠˋ-ㄧㄠˊ-ㄏㄨㄛˋ-ㄓㄨㄥˋ
連綫	連線	ㄌㄧㄢˊ-ㄒㄧㄢˋ
進占	進佔	ㄐㄧㄣˋ-ㄓㄢˋ
逸羣	逸群	ㄧˋ-ㄑㄩㄣˊ
逼良爲娼	逼良為娼	ㄅㄧ-ㄌㄧㄤˊ-ㄨㄟˊ-ㄔㄤ
過橋米綫	過橋米線	ㄍㄨㄛˋ-ㄑㄧㄠˊ-ㄇㄧˇ-ㄒㄧㄢˋ
過牀	過床	ㄍㄨㄛˋ-ㄔㄨㄤˊ
道聽途説	道聽途說	ㄉㄠˋ-ㄊㄧㄥ-ㄊㄨˊ-ㄕㄨㄛ
道臺	道台	ㄉㄠˋ-ㄊㄞˊ
達比加羣	達比加群	ㄉㄚˊ-ㄅㄧˇ-ㄐㄧㄚ-ㄑㄩㄣˊ
邊境綫	邊境線	ㄅㄧㄢ-ㄐㄧㄥˋ-ㄒㄧㄢˋ
邊界綫	邊界線	ㄅㄧㄢ-ㄐㄧㄝˋ-ㄒㄧㄢˋ
邊綫	邊線	ㄅㄧㄢ-ㄒㄧㄢˋ
邊防綫	邊防線	ㄅㄧㄢ-ㄈㄤˊ-ㄒㄧㄢˋ
邢臺	邢台	ㄒㄧㄥˊ-ㄊㄞˊ
那裏	那裡	ㄋㄚˋ-ㄌㄧˇ
邪説	邪說	ㄒㄧㄝˊ-ㄕㄨㄛ
邪馬臺	邪馬台	ㄒㄧㄝˊ-ㄇㄚˇ-ㄊㄞˊ
部衆	部眾	ㄅㄨˋ-ㄓㄨㄥˋ
鄉裏	鄉裡	ㄒㄧㄤ-ㄌㄧˇ
鄉裏人	鄉裡人	ㄒㄧㄤ-ㄌㄧˇ-ㄖㄣˊ
鄉裏寶	鄉裡寶	ㄒㄧㄤ-ㄌㄧˇ-ㄅㄠˇ
酉羣	酉群	ㄧㄡˇ-ㄑㄩㄣˊ
酵麪	酵麵	ㄒㄧㄠˋ-ㄇㄧㄢˋ
醒麪	醒麵	ㄒㄧㄥˇ-ㄇㄧㄢˋ
醡醬麪	醡醬麵	ㄓㄚˋ-ㄐㄧㄤˋ-ㄇㄧㄢˋ
釉裏紅	釉裡紅	ㄧㄡˋ-ㄌㄧˇ-ㄏㄨㄥˊ
重新啓動	重新啟動	ㄔㄨㄥˊ-ㄒㄧㄣ-ㄑㄧˇ-ㄉㄨㄥˋ
重痹暴	重痺暴	ㄓㄨㄥˋ-ㄅㄧˋ-ㄅㄠˋ
重脣音	重唇音	ㄓㄨㄥˋ-ㄔㄨㄣˊ-ㄧㄣ
量出爲入	量出為入	ㄌㄧㄤˊ-ㄔㄨ-ㄨㄟˊ-ㄖㄨˋ
量力而爲	量力而為	ㄌㄧㄤˋ-ㄌㄧˋ-ㄦˊ-ㄨㄟˊ
金屬綫	金屬線	ㄐㄧㄣ-ㄕㄨˇ-ㄒㄧㄢˋ
金峯路	金峰路	ㄐㄧㄣ-ㄈㄥ-ㄌㄨˋ
金綫	金線	ㄐㄧㄣ-ㄒㄧㄢˋ
金綫蓮	金線蓮	ㄐㄧㄣ-ㄒㄧㄢˋ-ㄌㄧㄢˊ
金綫路	金線路	ㄐㄧㄣ-ㄒㄧㄢˋ-ㄌㄨˋ
金綫魚	金線魚	ㄐㄧㄣ-ㄒㄧㄢˋ-ㄩˊ
金綫鮸	金線鮸	ㄐㄧㄣ-ㄒㄧㄢˋ-ㄇㄧㄢˇ
金綫鰱	金線鰱	ㄐㄧㄣ-ㄒㄧㄢˋ-ㄌㄧㄢˊ
金臺	金台	ㄐㄧㄣ-ㄊㄞˊ
針綫	針線	ㄓㄣ-ㄒㄧㄢˋ
針綫包	針線包	ㄓㄣ-ㄒㄧㄢˋ-ㄅㄠ
針綫活	針線活	ㄓㄣ-ㄒㄧㄢˋ-ㄏㄨㄛˊ
針綫活兒	針線活兒	ㄓㄣ-ㄒㄧㄢˋ-ㄏㄨㄛˊ-ㄦˊ
針頭綫腦	針頭線腦	ㄓㄣ-ㄊㄡˊ-ㄒㄧㄢˋ-ㄋㄠˇ
釣綫	釣線	ㄉㄧㄠˋ-ㄒㄧㄢˋ
釣魚綫	釣魚線	ㄉㄧㄠˋ-ㄩˊ-ㄒㄧㄢˋ
釣魚臺島	釣魚台島	ㄉㄧㄠˋ-ㄩˊ-ㄊㄞˊ-ㄉㄠˇ
鉛垂綫	鉛垂線	ㄑㄧㄢ-ㄔㄨㄟˊ-ㄒㄧㄢˋ
鉛直綫	鉛直線	ㄑㄧㄢ-ㄓˊ-ㄒㄧㄢˋ
鉛綫	鉛線	ㄑㄧㄢ-ㄒㄧㄢˋ
鉛綫仔	鉛線仔	ㄑㄧㄢ-ㄒㄧㄢˋ-ㄗˇ
鉢仔糕	缽仔糕	ㄅㄛ-ㄗˇ-ㄍㄠ
鉢多羅	缽多羅	ㄅㄛ-ㄉㄨㄛ-ㄌㄨㄛˊ
鉢子	缽子	ㄅㄛ-ㄗˇ
鉢盂	缽盂	ㄅㄛ-ㄩˊ
鉢鉢蟲	缽缽蟲	ㄅㄛ-ㄅㄛ-ㄔㄨㄥˊ
銅綫	銅線	ㄊㄨㄥˊ-ㄒㄧㄢˋ
銑牀	銑床	ㄒㄧㄢˇ-ㄔㄨㄤˊ
鋸木麪	鋸木麵	ㄐㄩˋ-ㄇㄨˋ-ㄇㄧㄢˋ
鋼綫	鋼線	ㄍㄤ-ㄒㄧㄢˋ
鋼綫刷	鋼線刷	ㄍㄤ-ㄒㄧㄢˋ-ㄕㄨㄚ
錢裏	錢裡	ㄑㄧㄢˊ-ㄌㄧˇ
錯有錯着	錯有錯著	ㄘㄨㄛˋ-ㄧㄡˇ-ㄘㄨㄛˋ-ㄓㄜ˙
鍋臺	鍋台	ㄍㄨㄛ-ㄊㄞˊ
鍵綫式	鍵線式	ㄐㄧㄢˋ-ㄒㄧㄢˋ-ㄕˋ
鍼口	針口	ㄓㄣ-ㄎㄡˇ
鍼指	針指	ㄓㄣ-ㄓˇ
鍼灸	針灸	ㄓㄣ-ㄐㄧㄡˇ
鍼灸銅人	針灸銅人	ㄓㄣ-ㄐㄧㄡˇ-ㄊㄨㄥˊ-ㄖㄣˊ
鍼砭	針砭	ㄓㄣ-ㄅㄧㄢ
鍼砭時弊	針砭時弊	ㄓㄣ-ㄅㄧㄢ-ㄕˊ-ㄅㄧˋ
鍼線	針線	ㄓㄣ-ㄒㄧㄢˋ
鍼線活	針線活	ㄓㄣ-ㄒㄧㄢˋ-ㄏㄨㄛˊ
鍼術	針術	ㄓㄣ-ㄕㄨˋ
鏇牀	鏇床	ㄒㄩㄢˋ-ㄔㄨㄤˊ
鏡臺	鏡台	ㄐㄧㄥˋ-ㄊㄞˊ
鏡臺桌	鏡台桌	ㄐㄧㄥˋ-ㄊㄞˊ-ㄓㄨㄛ
鐵綫	鐵線	ㄊㄧㄝˇ-ㄒㄧㄢˋ
鐵綫仔	鐵線仔	ㄊㄧㄝˇ-ㄒㄧㄢˋ-ㄗˇ
鐵綫蕨	鐵線蕨	ㄊㄧㄝˇ-ㄒㄧㄢˋ-ㄐㄩㄝˊ
鐵綫蟲	鐵線蟲	ㄊㄧㄝˇ-ㄒㄧㄢˋ-ㄔㄨㄥˊ
鐵路綫	鐵路線	ㄊㄧㄝˇ-ㄌㄨˋ-ㄒㄧㄢˋ
鑄劍爲犁	鑄劍為犁	ㄓㄨˋ-ㄐㄧㄢˋ-ㄨㄟˊ-ㄌㄧˊ
鑽臺	鑽台	ㄗㄨㄢ-ㄊㄞˊ
長壽麪	長壽麵	ㄔㄤˊ-ㄕㄡˋ-ㄇㄧㄢˋ
長期行爲	長期行為	ㄔㄤˊ-ㄑㄧˊ-ㄒㄧㄥˊ-ㄨㄟˊ
長着	長著	ㄔㄤˊ-ㄓㄜ˙
長綫	長線	ㄔㄤˊ-ㄒㄧㄢˋ
長青綫	長青線	ㄔㄤˊ-ㄑㄧㄥ-ㄒㄧㄢˋ
開啓	開啟	ㄎㄞ-ㄑㄧˇ
開夜牀	開夜床	ㄎㄞ-ㄧㄝˋ-ㄔㄨㄤˊ
開曼羣島	開曼群島	ㄎㄞ-ㄇㄢˋ-ㄑㄩㄣˊ-ㄉㄠˇ
開槽鑲綫	開槽鑲線	ㄎㄞ-ㄘㄠˊ-ㄒㄧㄤ-ㄒㄧㄢˋ
開綫	開線	ㄎㄞ-ㄒㄧㄢˋ
開臺	開台	ㄎㄞ-ㄊㄞˊ
開臺鑼鼓	開台鑼鼓	ㄎㄞ-ㄊㄞˊ-ㄌㄨㄛˊ-ㄍㄨˇ
閒常裏	閒常裡	ㄒㄧㄢˊ-ㄔㄤˊ-ㄌㄧˇ
防綫	防線	ㄈㄤˊ-ㄒㄧㄢˋ
阿波踊	阿波踴	ㄚ-ㄅㄛ-ㄩㄥˇ
阿裏	阿裡	ㄚ-ㄌㄧˇ
阿裏一個	阿裡一個	ㄚ-ㄌㄧˇ-ㄧ-ㄍㄜ˙
阿裏個	阿裡個	ㄚ-ㄌㄧˇ-ㄍㄜˋ
阿裏搭	阿裡搭	ㄚ-ㄌㄧˇ-ㄉㄚ
阿裏頭	阿裡頭	ㄚ-ㄌㄧˇ-ㄊㄡˊ
阿貝爾羣	阿貝爾群	ㄚ-ㄅㄟˋ-ㄦˇ-ㄑㄩㄣˊ
附睾	附睪	ㄈㄨˋ-ㄍㄠ
附睾炎	附睪炎	ㄈㄨˋ-ㄍㄠ-ㄧㄢˊ
院綫	院線	ㄩㄢˋ-ㄒㄧㄢˋ
陣綫	陣線	ㄓㄣˋ-ㄒㄧㄢˋ
除舊佈新	除舊布新	ㄔㄨˊ-ㄐㄧㄡˋ-ㄅㄨˋ-ㄒㄧㄣ
陪牀	陪床	ㄆㄟˊ-ㄔㄨㄤˊ
陰極射綫	陰極射線	ㄧㄣ-ㄐㄧˊ-ㄕㄜˋ-ㄒㄧㄢˋ
陰綫	陰線	ㄧㄣ-ㄒㄧㄢˋ
陰陽綫	陰陽線	ㄧㄣ-ㄧㄤˊ-ㄒㄧㄢˋ
陰頭裏	陰頭裡	ㄧㄣ-ㄊㄡˊ-ㄌㄧˇ
陳年裏	陳年裡	ㄔㄣˊ-ㄋㄧㄢˊ-ㄌㄧˇ
陶泄	陶洩	ㄊㄠˊ-ㄒㄧㄝˋ
陸臺	陸台	ㄌㄨˋ-ㄊㄞˊ
陽春麪	陽春麵	ㄧㄤˊ-ㄔㄨㄣ-ㄇㄧㄢˋ
陽活着	陽活著	ㄧㄤˊ-ㄏㄨㄛˊ-ㄓㄜ˙
陽綫	陽線	ㄧㄤˊ-ㄒㄧㄢˋ
陽臺	陽台	ㄧㄤˊ-ㄊㄞˊ
隨着	隨著	ㄙㄨㄟˊ-ㄓㄜ˙
隱桿綫蟲	隱桿線蟲	ㄧㄣˇ-ㄍㄢˇ-ㄒㄧㄢˋ-ㄔㄨㄥˊ
隱睾	隱睪	ㄧㄣˇ-ㄍㄠ
隱睾症	隱睪症	ㄧㄣˇ-ㄍㄠ-ㄓㄥˋ
隱祕	隱秘	ㄧㄣˇ-ㄇㄧˋ
集綫器	集線器	ㄐㄧˊ-ㄒㄧㄢˋ-ㄑㄧˋ
集羣	集群	ㄐㄧˊ-ㄑㄩㄣˊ
雌獅綫	雌獅線	ㄘ-ㄕ-ㄒㄧㄢˋ
雖説	雖說	ㄙㄨㄟ-ㄕㄨㄛ
雙人牀	雙人床	ㄕㄨㄤ-ㄖㄣˊ-ㄔㄨㄤˊ
雙層牀	雙層床	ㄕㄨㄤ-ㄘㄥˊ-ㄔㄨㄤˊ
雙峯	雙峰	ㄕㄨㄤ-ㄈㄥ
雙峯駝	雙峰駝	ㄕㄨㄤ-ㄈㄥ-ㄊㄨㄛˊ
雙格牀	雙格床	ㄕㄨㄤ-ㄍㄜˊ-ㄔㄨㄤˊ
雙牀	雙床	ㄕㄨㄤ-ㄔㄨㄤˊ
雙脣	雙唇	ㄕㄨㄤ-ㄔㄨㄣˊ
雙脣音	雙唇音	ㄕㄨㄤ-ㄔㄨㄣˊ-ㄧㄣ
雜菜麪	雜菜麵	ㄗㄚˊ-ㄘㄞˋ-ㄇㄧㄢˋ
雜醬麪	雜醬麵	ㄗㄚˊ-ㄐㄧㄤˋ-ㄇㄧㄢˋ
雞汁麪	雞汁麵	ㄐㄧ-ㄓ-ㄇㄧㄢˋ
雞睾	雞睪	ㄐㄧ-ㄍㄠ
雞蛋麪餅	雞蛋麵餅	ㄐㄧ-ㄉㄢˋ-ㄇㄧㄢˋ-ㄅㄧㄥˇ
雞骨支牀	雞骨支床	ㄐㄧ-ㄍㄨˇ-ㄓ-ㄔㄨㄤˊ
雞麪	雞麵	ㄐㄧ-ㄇㄧㄢˋ
離綫	離線	ㄌㄧˊ-ㄒㄧㄢˋ
離羣	離群	ㄌㄧˊ-ㄑㄩㄣˊ
離羣索居	離群索居	ㄌㄧˊ-ㄑㄩㄣˊ-ㄙㄨㄛˇ-ㄐㄩ
難乎爲繼	難乎為繼	ㄋㄢˊ-ㄏㄨ-ㄨㄟˊ-ㄐㄧˋ
難以啓齒	難以啟齒	ㄋㄢˊ-ㄧˇ-ㄑㄧˇ-ㄔˇ
難以爲繼	難以為繼	ㄋㄢˊ-ㄧˇ-ㄨㄟˊ-ㄐㄧˋ
難爲	難為	ㄋㄢˊ-ㄨㄟˊ
難爲情	難為情	ㄋㄢˊ-ㄨㄟˊ-ㄑㄧㄥˊ
雨花臺	雨花台	ㄩˇ-ㄏㄨㄚ-ㄊㄞˊ
雪綫	雪線	ㄒㄩㄝˇ-ㄒㄧㄢˋ
雪裏紅	雪裡紅	ㄒㄩㄝˇ-ㄌㄧˇ-ㄏㄨㄥˊ
雪裏蕻	雪裡蕻	ㄒㄩㄝˇ-ㄌㄧˇ-ㄏㄨㄥˋ
雲吞麪	雲吞麵	ㄩㄣˊ-ㄊㄨㄣ-ㄇㄧㄢˋ
雲裏霧裏	雲裡霧裡	ㄩㄣˊ-ㄌㄧˇ-ㄨˋ-ㄌㄧˇ
零綫	零線	ㄌㄧㄥˊ-ㄒㄧㄢˋ
電光綫	電光線	ㄉㄧㄢˋ-ㄍㄨㄤ-ㄒㄧㄢˋ
電源綫	電源線	ㄉㄧㄢˋ-ㄩㄢˊ-ㄒㄧㄢˋ
電火綫	電火線	ㄉㄧㄢˋ-ㄏㄨㄛˇ-ㄒㄧㄢˋ
電綫	電線	ㄉㄧㄢˋ-ㄒㄧㄢˋ
電綫杆	電線杆	ㄉㄧㄢˋ-ㄒㄧㄢˋ-ㄍㄢ
電綫杆兒	電線杆兒	ㄉㄧㄢˋ-ㄒㄧㄢˋ-ㄍㄢ-ㄦˊ
電綫杆子	電線杆子	ㄉㄧㄢˋ-ㄒㄧㄢˋ-ㄍㄢ-ㄗˇ
電綫柱	電線柱	ㄉㄧㄢˋ-ㄒㄧㄢˋ-ㄓㄨˋ
電綫柱子	電線柱子	ㄉㄧㄢˋ-ㄒㄧㄢˋ-ㄓㄨˋ-ㄗ˙
電綫桿	電線桿	ㄉㄧㄢˋ-ㄒㄧㄢˋ-ㄍㄢˇ
電綫桿兒	電線桿兒	ㄉㄧㄢˋ-ㄒㄧㄢˋ-ㄍㄢˇ-ㄦˊ
電綫楯	電線楯	ㄉㄧㄢˋ-ㄒㄧㄢˋ-ㄕㄨㄣˇ
電臺	電台	ㄉㄧㄢˋ-ㄊㄞˊ
電話綫	電話線	ㄉㄧㄢˋ-ㄏㄨㄚˋ-ㄒㄧㄢˋ
震羣	震群	ㄓㄣˋ-ㄑㄩㄣˊ
霧台鄉	霧臺鄉	ㄨˋ-ㄊㄞˊ-ㄒㄧㄤ
霧裏看花	霧裡看花	ㄨˋ-ㄌㄧˇ-ㄎㄢˋ-ㄏㄨㄚ
露峯	露峰	ㄌㄨˋ-ㄈㄥ
靈柩臺	靈柩台	ㄌㄧㄥˊ-ㄐㄧㄡˋ-ㄊㄞˊ
靈臺	靈台	ㄌㄧㄥˊ-ㄊㄞˊ
青瓦臺	青瓦台	ㄑㄧㄥ-ㄨㄚˇ-ㄊㄞˊ
青紅皁白	青紅皂白	ㄑㄧㄥ-ㄏㄨㄥˊ-ㄗㄠˋ-ㄅㄞˊ
非綫性	非線性	ㄈㄟ-ㄒㄧㄢˋ-ㄒㄧㄥˋ
非綫性性	非線性性	ㄈㄟ-ㄒㄧㄢˋ-ㄒㄧㄥˋ-ㄒㄧㄥˋ
靠着	靠著	ㄎㄠˋ-ㄓㄜ˙
面綫	面線	ㄇㄧㄢˋ-ㄒㄧㄢˋ
革新綫	革新線	ㄍㄜˊ-ㄒㄧㄣ-ㄒㄧㄢˋ
靶臺	靶台	ㄅㄚˇ-ㄊㄞˊ
鞋裏	鞋裡	ㄒㄧㄝˊ-ㄌㄧˇ
鞋裏搭	鞋裡搭	ㄒㄧㄝˊ-ㄌㄧˇ-ㄉㄚ
鞋裏頭	鞋裡頭	ㄒㄧㄝˊ-ㄌㄧˇ-ㄊㄡˊ
鞭辟進裏	鞭辟進裡	ㄅㄧㄢ-ㄆㄧˋ-ㄐㄧㄣˋ-ㄌㄧˇ
音樂臺	音樂台	ㄧㄣ-ㄩㄝˋ-ㄊㄞˊ
頂峯	頂峰	ㄉㄧㄥˇ-ㄈㄥ
順着	順著	ㄕㄨㄣˋ-ㄓㄜ˙
預算綫	預算線	ㄩˋ-ㄙㄨㄢˋ-ㄒㄧㄢˋ
頗爲	頗為	ㄆㄛˇ-ㄨㄟˊ
頭初裏	頭初裡	ㄊㄡˊ-ㄔㄨ-ㄌㄧˇ
頭裏	頭裡	ㄊㄡˊ-ㄌㄧˇ
風景綫	風景線	ㄈㄥ-ㄐㄧㄥˇ-ㄒㄧㄢˋ
風説	風說	ㄈㄥ-ㄕㄨㄛ
颮綫	颮線	ㄅㄧㄠ-ㄒㄧㄢˋ
飛檐	飛簷	ㄈㄟ-ㄧㄢˊ
飛檐走壁	飛簷走壁	ㄈㄟ-ㄧㄢˊ-ㄗㄡˇ-ㄅㄧˋ
飛綫	飛線	ㄈㄟ-ㄒㄧㄢˋ
食貓麪	食貓麵	ㄕˊ-ㄇㄠ-ㄇㄧㄢˋ
食麪綫	食麵線	ㄕˊ-ㄇㄧㄢˋ-ㄒㄧㄢˋ
食麪線	食麵線	ㄕˊ-ㄇㄧㄢˋ-ㄒㄧㄢˋ
食麵綫	食麵線	ㄕˊ-ㄇㄧㄢˋ-ㄒㄧㄢˋ
飢餓綫	飢餓線	ㄐㄧ-ㄜˋ-ㄒㄧㄢˋ
飯牀	飯床	ㄈㄢˋ-ㄔㄨㄤˊ
飯臺	飯台	ㄈㄢˋ-ㄊㄞˊ
飯鉢	飯缽	ㄈㄢˋ-ㄅㄛ
飲水臺	飲水台	ㄧㄣˇ-ㄕㄨㄟˇ-ㄊㄞˊ
餐蛋麪	餐蛋麵	ㄘㄢ-ㄉㄢˋ-ㄇㄧㄢˋ
餘衆	餘眾	ㄩˊ-ㄓㄨㄥˋ
餛飩麪	餛飩麵	ㄏㄨㄣˊ-ㄉㄨㄣˋ-ㄇㄧㄢˋ
饒着	饒著	ㄖㄠˊ-ㄓㄜ˙
首子午綫	首子午線	ㄕㄡˇ-ㄗˇ-ㄨˇ-ㄒㄧㄢˋ
香皁	香皂	ㄒㄧㄤ-ㄗㄠˋ
香蕉麪包	香蕉麵包	ㄒㄧㄤ-ㄐㄧㄠ-ㄇㄧㄢˋ-ㄅㄠ
馬來羣島	馬來群島	ㄇㄚˇ-ㄌㄞˊ-ㄑㄩㄣˊ-ㄉㄠˇ
馬甲綫	馬甲線	ㄇㄚˇ-ㄐㄧㄚˇ-ㄒㄧㄢˋ
馬羣	馬群	ㄇㄚˇ-ㄑㄩㄣˊ
馬鞍山綫	馬鞍山線	ㄇㄚˇ-ㄢ-ㄕㄢ-ㄒㄧㄢˋ
駁綫	駁線	ㄅㄛˊ-ㄒㄧㄢˋ
駝峯	駝峰	ㄊㄨㄛˊ-ㄈㄥ
驚師動衆	驚師動眾	ㄐㄧㄥ-ㄕ-ㄉㄨㄥˋ-ㄓㄨㄥˋ
驚爲天人	驚為天人	ㄐㄧㄥ-ㄨㄟˊ-ㄊㄧㄢ-ㄖㄣˊ
骨子裏	骨子裡	ㄍㄨˇ-ㄗ˙-ㄌㄧˇ
骨痹	骨痺	ㄍㄨˇ-ㄅㄧˋ
髒汙	髒污	ㄗㄤ-ㄨ
高壓綫	高壓線	ㄍㄠ-ㄧㄚ-ㄒㄧㄢˋ
高壓電綫	高壓電線	ㄍㄠ-ㄧㄚ-ㄉㄧㄢˋ-ㄒㄧㄢˋ
高峯	高峰	ㄍㄠ-ㄈㄥ
高峯會	高峰會	ㄍㄠ-ㄈㄥ-ㄏㄨㄟˋ
高峯會議	高峰會議	ㄍㄠ-ㄈㄥ-ㄏㄨㄟˋ-ㄧˋ
高峯期	高峰期	ㄍㄠ-ㄈㄥ-ㄑㄧˊ
高峯車	高峰車	ㄍㄠ-ㄈㄥ-ㄔㄜ
高着	高著	ㄍㄠ-ㄓㄜ˙
高筋麪粉	高筋麵粉	ㄍㄠ-ㄐㄧㄣ-ㄇㄧㄢˋ-ㄈㄣˇ
高臺	高台	ㄍㄠ-ㄊㄞˊ
高臺教	高台教	ㄍㄠ-ㄊㄞˊ-ㄐㄧㄠ
高臺縣	高台縣	ㄍㄠ-ㄊㄞˊ-ㄒㄧㄢˋ
髮綫	髮線	ㄈㄚˇ-ㄒㄧㄢˋ
髮際綫	髮際線	ㄈㄚˇ-ㄐㄧˋ-ㄒㄧㄢˋ
鬼壓牀	鬼壓床	ㄍㄨㄟˇ-ㄧㄚ-ㄔㄨㄤˊ
魚羣	魚群	ㄩˊ-ㄑㄩㄣˊ
魚脣	魚唇	ㄩˊ-ㄔㄨㄣˊ
鳳臺	鳳台	ㄈㄥˋ-ㄊㄞˊ
鵲巢鳩佔	鵲巢鳩占	ㄑㄩㄝˋ-ㄔㄠˊ-ㄐㄧㄡ-ㄓㄢˋ
鶴立雞羣	鶴立雞群	ㄏㄜˋ-ㄌㄧˋ-ㄐㄧ-ㄑㄩㄣˊ
鶴立鷄羣	鶴立鷄群	ㄏㄜˋ-ㄌㄧˋ-ㄐㄧ-ㄑㄩㄣˊ
鹽竈	鹽灶	ㄧㄢˊ-ㄗㄠˋ
麟臺	麟台	ㄌㄧㄣˊ-ㄊㄞˊ
麪乾	麵乾	ㄇㄧㄢˋ-ㄍㄢ
麪乾糊	麵乾糊	ㄇㄧㄢˋ-ㄍㄢ-ㄏㄨ
麪乾親	麵乾親	ㄇㄧㄢˋ-ㄍㄢ-ㄑㄧㄣ
麪人兒	麵人兒	ㄇㄧㄢˋ-ㄖㄣˊ-ㄦ
麪份	麵份	ㄇㄧㄢˋ-ㄈㄣˋ
麪兒	麵兒	ㄇㄧㄢˋ-ㄦˊ
麪包	麵包	ㄇㄧㄢˋ-ㄅㄠ
麪包乾	麵包乾	ㄇㄧㄢˋ-ㄅㄠ-ㄍㄢ
麪包價	麵包價	ㄇㄧㄢˋ-ㄅㄠ-ㄐㄧㄚˋ
麪包刀	麵包刀	ㄇㄧㄢˋ-ㄅㄠ-ㄉㄠ
麪包圈	麵包圈	ㄇㄧㄢˋ-ㄅㄠ-ㄑㄩㄢ
麪包屑	麵包屑	ㄇㄧㄢˋ-ㄅㄠ-ㄒㄧㄝˋ
麪包布丁	麵包布丁	ㄇㄧㄢˋ-ㄅㄠ-ㄅㄨˋ-ㄉㄧㄥ
麪包師	麵包師	ㄇㄧㄢˋ-ㄅㄠ-ㄕ
麪包師傅	麵包師傅	ㄇㄧㄢˋ-ㄅㄠ-ㄕ-ㄈㄨˋ
麪包店	麵包店	ㄇㄧㄢˋ-ㄅㄠ-ㄉㄧㄢˋ
麪包房	麵包房	ㄇㄧㄢˋ-ㄅㄠ-ㄈㄤˊ
麪包板	麵包板	ㄇㄧㄢˋ-ㄅㄠ-ㄅㄢˇ
麪包果	麵包果	ㄇㄧㄢˋ-ㄅㄠ-ㄍㄨㄛˇ
麪包樹	麵包樹	ㄇㄧㄢˋ-ㄅㄠ-ㄕㄨˋ
麪包機	麵包機	ㄇㄧㄢˋ-ㄅㄠ-ㄐㄧ
麪包皮	麵包皮	ㄇㄧㄢˋ-ㄅㄠ-ㄆㄧˊ
麪包籃	麵包籃	ㄇㄧㄢˋ-ㄅㄠ-ㄌㄢˊ
麪包糠	麵包糠	ㄇㄧㄢˋ-ㄅㄠ-ㄎㄤ
麪包車	麵包車	ㄇㄧㄢˋ-ㄅㄠ-ㄔㄜ
麪囝	麵囝	ㄇㄧㄢˋ-ㄋㄢ
麪團	麵團	ㄇㄧㄢˋ-ㄊㄨㄢˊ
麪奇	麵奇	ㄇㄧㄢˋ-ㄑㄧˊ
麪子	麵子	ㄇㄧㄢˋ-ㄗˇ
麪尪仔	麵尪仔	ㄇㄧㄢˋ-ㄨㄤ-ㄗˇ
麪攤	麵攤	ㄇㄧㄢˋ-ㄊㄢ
麪末	麵末	ㄇㄧㄢˋ-ㄇㄛˋ
麪杖	麵杖	ㄇㄧㄢˋ-ㄓㄤˋ
麪板	麵板	ㄇㄧㄢˋ-ㄅㄢˇ
麪桃	麵桃	ㄇㄧㄢˋ-ㄊㄠˊ
麪案	麵案	ㄇㄧㄢˋ-ㄢˋ
麪條	麵條	ㄇㄧㄢˋ-ㄊㄧㄠˊ
麪條兒	麵條兒	ㄇㄧㄢˋ-ㄊㄧㄠˊ-ㄦˊ
麪棒	麵棒	ㄇㄧㄢˋ-ㄅㄤˋ
麪楂仔	麵楂仔	ㄇㄧㄢˋ-ㄓㄚ-ㄗˇ
麪槌	麵槌	ㄇㄧㄢˋ-ㄔㄨㄟˊ
麪湯	麵湯	ㄇㄧㄢˋ-ㄊㄤ
麪澆頭	麵澆頭	ㄇㄧㄢˋ-ㄐㄧㄠ-ㄊㄡˊ
麪灰	麵灰	ㄇㄧㄢˋ-ㄏㄨㄟ
麪炙	麵炙	ㄇㄧㄢˋ-ㄓˋ
麪炙麶	麵炙麶	ㄇㄧㄢˋ-ㄓˋ-ㄌㄧˊ
麪煎粿	麵煎粿	ㄇㄧㄢˋ-ㄐㄧㄢ-ㄍㄨㄛˇ
麪猴	麵猴	ㄇㄧㄢˋ-ㄏㄡˊ
麪瓜	麵瓜	ㄇㄧㄢˋ-ㄍㄨㄚ
麪疙瘩	麵疙瘩	ㄇㄧㄢˋ-ㄍㄜ-ㄉㄚ
麪發仔粿	麵發仔粿	ㄇㄧㄢˋ-ㄈㄚ-ㄗˇ-ㄍㄨㄛˇ
麪皮	麵皮	ㄇㄧㄢˋ-ㄆㄧˊ
麪盆	麵盆	ㄇㄧㄢˋ-ㄆㄣˊ
麪碼	麵碼	ㄇㄧㄢˋ-ㄇㄚˇ
麪碼兒	麵碼兒	ㄇㄧㄢˋ-ㄇㄚˇ-ㄦˊ
麪窩	麵窩	ㄇㄧㄢˋ-ㄨㄛ
麪竭	麵竭	ㄇㄧㄢˋ-ㄐㄧㄝˊ
麪筋	麵筋	ㄇㄧㄢˋ-ㄐㄧㄣ
麪筋蛋白	麵筋蛋白	ㄇㄧㄢˋ-ㄐㄧㄣ-ㄉㄢˋ-ㄅㄞˊ
麪粉	麵粉	ㄇㄧㄢˋ-ㄈㄣˇ
麪粉價	麵粉價	ㄇㄧㄢˋ-ㄈㄣˇ-ㄐㄧㄚˋ
麪粉廠	麵粉廠	ㄇㄧㄢˋ-ㄈㄣˇ-ㄔㄤˇ
麪粉棗	麵粉棗	ㄇㄧㄢˋ-ㄈㄣˇ-ㄗㄠˇ
麪粉粿	麵粉粿	ㄇㄧㄢˋ-ㄈㄣˇ-ㄍㄨㄛˇ
麪粞	麵粞	ㄇㄧㄢˋ-ㄒㄧ
麪綫	麵線	ㄇㄧㄢˋ-ㄒㄧㄢˋ
麪線	麵線	ㄇㄧㄢˋ-ㄒㄧㄢˋ
麪線糊	麵線糊	ㄇㄧㄢˋ-ㄒㄧㄢˋ-ㄏㄨ
麪肥	麵肥	ㄇㄧㄢˋ-ㄈㄟˊ
麪茶	麵茶	ㄇㄧㄢˋ-ㄔㄚˊ
麪薄	麵薄	ㄇㄧㄢˋ-ㄅㄛˊ
麪豉	麵豉	ㄇㄧㄢˋ-ㄔˇ
麪豉湯	麵豉湯	ㄇㄧㄢˋ-ㄔˇ-ㄊㄤ
麪酵	麵酵	ㄇㄧㄢˋ-ㄒㄧㄠˋ
麪酵子	麵酵子	ㄇㄧㄢˋ-ㄒㄧㄠˋ-ㄗˇ
麪醬	麵醬	ㄇㄧㄢˋ-ㄐㄧㄤˋ
麪頭	麵頭	ㄇㄧㄢˋ-ㄊㄡˊ
麪頭子	麵頭子	ㄇㄧㄢˋ-ㄊㄡˊ-ㄗ˙
麪頭店	麵頭店	ㄇㄧㄢˋ-ㄊㄡˊ-ㄉㄧㄢˋ
麪食	麵食	ㄇㄧㄢˋ-ㄕˊ
麪餅	麵餅	ㄇㄧㄢˋ-ㄅㄧㄥˇ
麪館	麵館	ㄇㄧㄢˋ-ㄍㄨㄢˇ
麪館兒	麵館兒	ㄇㄧㄢˋ-ㄍㄨㄢˇ-ㄦˊ
麪麶	麵麶	ㄇㄧㄢˋ-ㄌㄧˊ
麪點	麵點	ㄇㄧㄢˋ-ㄉㄧㄢˇ
麪龜	麵龜	ㄇㄧㄢˋ-ㄍㄨㄟ
麵綫	麵線	ㄇㄧㄢˋ-ㄒㄧㄢˋ
麻痹	麻痺	ㄇㄚˊ-ㄅㄧˋ
麻痹大意	麻痺大意	ㄇㄚˊ-ㄅㄧˋ-ㄉㄚˋ-ㄧˋ
黃金臺	黃金台	ㄏㄨㄤˊ-ㄐㄧㄣ-ㄊㄞˊ
黐綫	黐線	ㄌㄧˊ-ㄒㄧㄢˋ
黐綫佬	黐線佬	ㄌㄧˊ-ㄒㄧㄢˋ-ㄌㄠˇ
黐綫婆	黐線婆	ㄌㄧˊ-ㄒㄧㄢˋ-ㄆㄛˊ
黑三棱	黑三稜	ㄏㄟ-ㄙㄢ-ㄌㄥˊ
黑綫	黑線	ㄏㄟ-ㄒㄧㄢˋ
黑裏	黑裡	ㄏㄟ-ㄌㄧˇ
黑麪包	黑麵包	ㄏㄟ-ㄇㄧㄢˋ-ㄅㄠ
點到爲止	點到為止	ㄉㄧㄢˇ-ㄉㄠˋ-ㄨㄟˊ-ㄓˇ
點羣	點群	ㄉㄧㄢˇ-ㄑㄩㄣˊ
黨羣	黨群	ㄉㄤˇ-ㄑㄩㄣˊ
鼎脣	鼎唇	ㄉㄧㄥˇ-ㄔㄨㄣˊ
鼻脣舉肌	鼻唇舉肌	ㄅㄧˊ-ㄔㄨㄣˊ-ㄐㄩˇ-ㄐㄧ
齒白唇紅	齒白脣紅	ㄔˇ-ㄅㄞˊ-ㄔㄨㄣˊ-ㄏㄨㄥˊ
齒綫	齒線	ㄔˇ-ㄒㄧㄢˋ
齒脣音	齒唇音	ㄔˇ-ㄔㄨㄣˊ-ㄧㄣ
齦齶音	齦顎音	ㄎㄣˇ-ㄜˋ-ㄧㄣ
齶裂	顎裂	ㄜˋ-ㄌㄧㄝˋ
齶部	顎部	ㄜˋ-ㄅㄨˋ
龍牀	龍床	ㄌㄨㄥˊ-ㄔㄨㄤˊ
龍牀盤	龍床盤	ㄌㄨㄥˊ-ㄔㄨㄤˊ-ㄆㄢˊ
龍王臺	龍王台	ㄌㄨㄥˊ-ㄨㄤˊ-ㄊㄞˊ
龍綫蟲	龍線蟲	ㄌㄨㄥˊ-ㄒㄧㄢˋ-ㄔㄨㄥˊ
龍華綫	龍華線	ㄌㄨㄥˊ-ㄏㄨㄚˊ-ㄒㄧㄢˋ
龍鬚麪	龍鬚麵	ㄌㄨㄥˊ-ㄒㄩ-ㄇㄧㄢˋ
