s2n	mw	count
佔	占	3612
佈	布	2822
援	持	2269
西	公	1575
裡	里	1290
祕	秘	1279
于	於	1131
別		1015
	類	955
后	後	941
	略	826
週	周	826
資料	數據	793
朝鮮	北韓	787
線	接	767
專案	項目	746
斯大	史達	639
物件	對象	619
絡	繫	606
釋出	發布	591
定	置	559
階	級	540
什	希	490
宣告	聲明	478
硅	矽	472
台	臺	460
註	注	456
執	運	450
檔案	文件	450
斯	史	449
迪	地	442
士	斯	440
林	爾	430
群	區	417
克	柯	415
資訊	信息	406
路	絡	406
母	元	401
牀	床	398
訊	信	393
爾		392
儲	保	383
特		379
裝置	設備	377
溼	濕	371
米	公尺	365
纔	才	354
曉	雪	353
華	瓦	328
充套件	展	321
制	製	319
立		313
程式	代	311
莎	沙	311
位		307
悉尼	雪梨	307
開普	克卜	307
	創	306
割槽	區	295
影	圖	283
訊	消	280
迴圈	循環	275
脫	去	262
	進	257
併	並	253
樑	梁	251
广	廣	249
曆	歷	248
序		244
式	序	237
引	參	232
	公	231
万	萬	228
絃	弦	228
餘	余	226
子	輔	217
瞭	了	216
朝鮮	韓	203
奧斯	鄂圖	201
斯	士	199
式	數	198
聯體	立國協	198
种	種	197
	太	194
	式	191
使		190
者	戶	189
爭		186
域	體	185
議	定	182
間		180
國		179
德		178
	南	175
党	黨	173
新增	添加	171
示	達	170
查德	察	167
叉	元	164
區域性	局部	160
