id	s2n	mw	verdict	reason
1	佔	占	MW 對	教育部辭典以「占」為正字，「佔」注「同占」
2	檔案	文件	MW 對	公文、文書義的「文件」；OpenCC 把文件一律換成檔案
3	儲	保	MW 對	保存遺傳物質；OpenCC 把保存換成儲存（資訊用語）
4	物件	對象	MW 對	收錄／測量「對象」是一般詞；OpenCC 一律換成物件
5	州	邦	MW 對	德國的邦，台灣譯「邦」
6	托	多	MW 對	台灣通行譯名（維基編者的轉換規則）
7	藉	借	MW 對	語言學「借詞」，教育部辭典收「借詞」
8		限	MW 對	一般語境的「權限」；OpenCC 換成許可權
9	測	定	MW 對	台灣用「定序」
10	牀	床	MW 對	教育部正字「床」，「牀」為異體
11	物件	對象	MW 對	收錄／測量「對象」是一般詞；OpenCC 一律換成物件
12	爾		MW 對	台灣通行譯名（維基編者的轉換規則）
13	佈	布	MW 對	教育部辭典以「公布／宣布」的「布」為正字，「佈」注「同布」
14	据	據	MW 對	「割据」的「据」是簡體殘留
15	獲	際網路	MW 對	台灣用「網際網路」「超文字傳輸協定」
16	查德	察	MW 對	台灣通行譯名（維基編者的轉換規則）
17		類	S2n 對	程式語言的 type，台灣用「型別」
18	物件	對象	S2n 對	程式的 object，台灣用「物件」
19	炮	砲	MW 對	台灣通行「火砲」
20	專案	項目	兩者都可	段落太短，看不出是哪個義項
21	祕	秘	S2n 對	教育部正字「祕」，「秘」注「同祕」
22	複	錯	S2n 對	生物學的蛋白質複合物，不是化學的錯合物
23	亞		MW 對	台灣通行譯名（維基編者的轉換規則）
24	游	遊	MW 對	「遊行」是教育部辭典的詞條
25	經	古	MW 對	台灣用「古典力學／物理」
26	于	於	MW 對	「于」是簡體殘留，台灣用「於」
27	茨	茲	MW 對	台灣通行譯名（維基編者的轉換規則）
28	祕	秘	S2n 對	教育部正字「祕」，「秘」注「同祕」
29	佔	占	MW 對	教育部辭典以「占」為正字，「佔」注「同占」
30	式	序	MW 對	脫歐「程序」；OpenCC 把程序換成程式
31	虫	蟲	MW 對	「虫」是簡體殘留，「原蟲」
32	援	持	兩者都可	台灣兩種說法都通行
33	于	於	MW 對	「于」是簡體殘留，台灣用「於」
34	域	體	MW 對	代數的 field，台灣譯「體」
35	裝置	設備	MW 對	台灣通行「設備」；OpenCC 換成裝置
36	資料	數據	兩者都可	台灣兩種說法都通行
37	于	於	MW 對	「于」是簡體殘留，台灣用「於」
38	立		兩者都可	兩種寫法都是台灣通行用語
39	影	圖	兩者都可	兩種寫法都是台灣通行用語
40	遊	游	S2n 對	遊覽義的「遊」
41	伙	夥	MW 對	教育部辭典收「夥伴」
42	專案	項目	S2n 對	台灣用「建設專案」
43		編	S2n 對	台灣用「程式設計」
44	字	位	MW 對	台灣用「數位化」
45	示	達	S2n 對	台灣用「表示式／運算式」
46	子	輔	S2n 對	台灣用「子音」
47	者	戶	S2n 對	台灣用「使用者」「遠端」
48	夫	虎	MW 對	台灣通行譯名（維基編者的轉換規則）
49	佔	占	MW 對	教育部辭典以「占」為正字，「佔」注「同占」
50		式	MW 對	台灣用「方程式」
51	縣	郡	兩者都可	段落太短，看不出是哪個義項
52	區	壇	兩者都可	兩種寫法都是台灣通行用語
53	于	於	MW 對	「于」是簡體殘留，台灣用「於」
54	經	古	MW 對	台灣用「古典力學／物理」
55	總	母	MW 對	統計學台灣用「母體」
56	裡	里	MW 對	音譯的「里」不是「裡」
57	朝鮮	北韓	MW 對	台灣稱「北韓」
58	莊	庄	兩者都可	清代與日治地名寫法不同，無法只憑這段判斷
59	阿	亞	MW 對	台灣通行譯名（維基編者的轉換規則）
60	獲		MW 對	台灣用「開放取得／取用」
61	叶	葉	MW 對	「叶」是簡體殘留
62	佔	占	MW 對	教育部辭典以「占」為正字，「佔」注「同占」
63	專案	項目	MW 對	運動的比賽「項目」；OpenCC 換成專案
64	知識共享	創用	MW 對	台灣用「創用CC」
65	別		MW 對	生物學的模板「類型」，不是程式型別
66	執	運	兩者都可	段落太短，看不出語境
67	裡	里	MW 對	台灣通行譯名（維基編者的轉換規則）
68	套件		兩者都可	段落太短，看不出語境
69	連	鏈	兩者都可	「連結串列」「鏈結串列」台灣都用
70	斯大	史達	MW 對	台灣通行譯名（維基編者的轉換規則）
71	斯大	史達	MW 對	台灣通行譯名（維基編者的轉換規則）
72	域	體	MW 對	代數的 field，台灣譯「體」
73	裝置	設備	兩者都可	兩種寫法都是台灣通行用語
74	札	扎	S2n 對	台灣譯「莫札特」
75	影片	視頻	MW 對	OpenCC 把「電視頻道」裡的視頻換成影片，變成「電影片道」
76	竈	灶	兩者都可	古代人名；教育部正字「灶」，但人名常保留原字
77	佈	布	MW 對	教育部辭典以「公布／宣布」的「布」為正字，「佈」注「同布」
78	杰	傑	MW 對	台灣通行譯名（維基編者的轉換規則）
79	斯	史	MW 對	台灣通行譯名（維基編者的轉換規則）
80	耶	葉	MW 對	台灣通行譯名（維基編者的轉換規則）
81	台	臺	MW 對	「銅雀臺」，臺為正字
82	組譯	彙編	S2n 對	台灣用「組譯器」
83	援	持	MW 對	政治上的支持，用「支持」
84	赫	克	MW 對	台灣通行譯名（維基編者的轉換規則）
85	艇	艦	MW 對	台灣用「潛艦」
86	佈	布	MW 對	教育部辭典以「公布／宣布」的「布」為正字，「佈」注「同布」
87	間		MW 對	台灣用「太空站」
88	佔	占	MW 對	教育部辭典以「占」為正字，「佔」注「同占」
89	牀	床	MW 對	教育部正字「床」，「牀」為異體
90	葛	格	MW 對	台灣通行譯名（維基編者的轉換規則）
91	佔	占	MW 對	教育部辭典以「占」為正字，「佔」注「同占」
92	制	製	S2n 對	承包「制」是制度
93	祕	秘	S2n 對	教育部正字「祕」，「秘」注「同祕」
94	許可		MW 對	一般語境的「權限」；OpenCC 換成許可權
95	佔	占	MW 對	教育部辭典以「占」為正字，「佔」注「同占」
96	資料	數據	兩者都可	台灣兩種說法都通行
97	僱	雇	兩者都可	「僱員」「雇員」台灣都用
98	別		S2n 對	程式語言的 type，台灣用「型別」
99	行	航	MW 對	台灣用「飛航工程師」「太空人」
100	檔案	文件	MW 對	公文、文書義的「文件」；OpenCC 把文件一律換成檔案
