0	8	435	ok
1	8	449	ok
2	8	377	ok
3	2	508	ok
4	2	479	ok
5	2	515	ok
6	8	766	ok
7	5	523	ok
8	1	511	ok
9	5	413	ok
10	8	401	ok
11	2	357	ok
12	8	461	ok
13	8	437	ok
14	8	567	ok
15	1	901	ok
16	8	1245	ok
17	8	828	ok
18	8	451	ok
19	6	464	ok
20	8	440	ok
21	1	483	ok
22	8	467	ok
23	3	460	ok
24	8	438	ok
25	1	438	ok
26	2	408	ok
27	7	422	ok
28	1	434	ok
29	8	384	ok
30	8	418	ok
31	1	450	ok
32	8	403	ok
33	4	413	ok
34	8	436	ok
35	4	367	ok
36	1	391	ok
37	6	541	ok
38	8	439	ok
39	4	432	ok
40	8	381	ok
41	5	416	ok
42	1	430	ok
43	5	429	ok
44	2	406	ok
45	1	432	ok
46	3	437	ok
47	8	480	ok
48	4	430	ok
49	8	517	ok
50	8	420	ok
51	8	482	ok
52	8	513	ok
53	2	438	ok
54	8	469	ok
55	8	452	ok
56	8	388	ok
57	7	355	ok
58	6	465	ok
59	8	504	ok
60	4	474	ok
61	8	392	ok
62	8	364	ok
63	2	337	ok
64	3	378	ok
65	8	408	ok
66	8	401	ok
67	8	363	ok
68	1	451	ok
69	2	396	ok
70	1	458	ok
71	8	364	ok
72	8	454	ok
73	8	377	ok
74	8	446	ok
75	8	427	ok
