一万	一萬	ㄧ-ㄇㄛˋ
一于	一於	ㄧ-ㄩˊ
一元党	一元黨	ㄧ-ㄩㄢˊ-ㄉㄤˇ
一党	一黨	ㄧ-ㄉㄤˇ
一党制	一黨制	ㄧ-ㄉㄤˇ-ㄓˋ
一千万	一千萬	ㄧ-ㄑㄧㄢ-ㄇㄛˋ
一口价	一口價	ㄧ-ㄎㄡˇ-ㄐㄧㄚˋ
一叶	一葉	ㄧ-ㄒㄧㄝˊ
一叶知秋	一葉知秋	ㄧ-ㄒㄧㄝˊ-ㄓ-ㄑㄧㄡ
一叶蔽目	一葉蔽目	ㄧ-ㄒㄧㄝˊ-ㄅㄧˋ-ㄇㄨˋ
一叶障目	一葉障目	ㄧ-ㄒㄧㄝˊ-ㄓㄤˋ-ㄇㄨˋ
一嚿云	一嚿雲	ㄧ-ㄏㄨㄛˋ-ㄩㄣˊ
一塌糊涂	一塌糊塗	ㄧ-ㄊㄚ-ㄏㄨ-ㄊㄨˊ
一本万利	一本萬利	ㄧ-ㄅㄣˇ-ㄇㄛˋ-ㄌㄧˋ
一相情愿	一相情願	ㄧ-ㄒㄧㄤˋ-ㄑㄧㄥˊ-ㄩㄢˋ
一种	一種	ㄧ-ㄔㄨㄥˊ
一起党	一起黨	ㄧ-ㄑㄧˇ-ㄉㄤˇ
一蹋糊涂	一蹋糊塗	ㄧ-ㄊㄚˋ-ㄏㄨ-ㄊㄨˊ
一蹴可几	一蹴可幾	ㄧ-ㄘㄨˋ-ㄎㄜˇ-ㄐㄧ
七厘散	七釐散	ㄑㄧ-ㄌㄧˊ-ㄙㄢˋ
七年之痒	七年之癢	ㄑㄧ-ㄋㄧㄢˊ-ㄓ-ㄧㄤˇ
七星瓢虫	七星瓢蟲	ㄑㄧ-ㄒㄧㄥ-ㄆㄧㄠˊ-ㄏㄨㄟˇ
万一	萬一	ㄇㄛˋ-ㄧ
万一和	萬一和	ㄇㄛˋ-ㄧ-ㄏㄜˊ
万万	萬萬	ㄇㄛˋ-ㄇㄛˋ
万万不可	萬萬不可	ㄇㄛˋ-ㄇㄛˋ-ㄅㄨˋ-ㄎㄜˇ
万丈	萬丈	ㄇㄛˋ-ㄓㄤˋ
万不二	萬不二	ㄇㄛˋ-ㄅㄨˋ-ㄦˋ
万不得已	萬不得已	ㄇㄛˋ-ㄅㄨˋ-ㄉㄜˊ-ㄧˇ
万世	萬世	ㄇㄛˋ-ㄕˋ
万世不易	萬世不易	ㄇㄛˋ-ㄕˋ-ㄅㄨˋ-ㄧˋ
万世代久	萬世代久	ㄇㄛˋ-ㄕˋ-ㄉㄞˋ-ㄐㄧㄡˇ
万世德	萬世德	ㄇㄛˋ-ㄕˋ-ㄉㄜˊ
万丹	萬丹	ㄇㄛˋ-ㄉㄢ
万乘	萬乘	ㄇㄛˋ-ㄔㄥˊ
万九皋	萬九皋	ㄇㄛˋ-ㄐㄧㄡˇ-ㄍㄠ
万事	萬事	ㄇㄛˋ-ㄕˋ
万事亨通	萬事亨通	ㄇㄛˋ-ㄕˋ-ㄏㄥ-ㄊㄨㄥ
万事大吉	萬事大吉	ㄇㄛˋ-ㄕˋ-ㄉㄚˋ-ㄐㄧˊ
万事如意	萬事如意	ㄇㄛˋ-ㄕˋ-ㄖㄨˊ-ㄧˋ
万事得	萬事得	ㄇㄛˋ-ㄕˋ-ㄉㄜˊ
万事胜意	萬事勝意	ㄇㄛˋ-ㄕˋ-ㄒㄧㄥ-ㄧˋ
万事通	萬事通	ㄇㄛˋ-ㄕˋ-ㄊㄨㄥ
万人	萬人	ㄇㄛˋ-ㄖㄣˊ
万人冢	萬人冢	ㄇㄛˋ-ㄖㄣˊ-ㄓㄨㄥˇ
万人坑	萬人坑	ㄇㄛˋ-ㄖㄣˊ-ㄎㄥ
万人空巷	萬人空巷	ㄇㄛˋ-ㄖㄣˊ-ㄎㄨㄥ-ㄒㄧㄤˋ
万人迷	萬人迷	ㄇㄛˋ-ㄖㄣˊ-ㄇㄧˊ
万代	萬代	ㄇㄛˋ-ㄉㄞˋ
万代不易	萬代不易	ㄇㄛˋ-ㄉㄞˋ-ㄅㄨˋ-ㄧˋ
万代千秋	萬代千秋	ㄇㄛˋ-ㄉㄞˋ-ㄑㄧㄢ-ㄑㄧㄡ
万代年	萬代年	ㄇㄛˋ-ㄉㄞˋ-ㄋㄧㄢˊ
万佛寺	萬佛寺	ㄇㄛˋ-ㄈㄛˊ-ㄙˋ
万全	萬全	ㄇㄛˋ-ㄑㄩㄢˊ
万几	萬幾	ㄇㄛˋ-ㄐㄧ
万分	萬分	ㄇㄛˋ-ㄈㄣ
万分之一	萬分之一	ㄇㄛˋ-ㄈㄣ-ㄓ-ㄧ
万力	萬力	ㄇㄛˋ-ㄌㄧˋ
万劫	萬劫	ㄇㄛˋ-ㄐㄧㄝˊ
万千	萬千	ㄇㄛˋ-ㄑㄧㄢ
万博	萬博	ㄇㄛˋ-ㄅㄛˊ
万古	萬古	ㄇㄛˋ-ㄍㄨˇ
万古千年	萬古千年	ㄇㄛˋ-ㄍㄨˇ-ㄑㄧㄢ-ㄋㄧㄢˊ
万古千秋	萬古千秋	ㄇㄛˋ-ㄍㄨˇ-ㄑㄧㄢ-ㄑㄧㄡ
万古寺	萬古寺	ㄇㄛˋ-ㄍㄨˇ-ㄙˋ
万古流芳	萬古流芳	ㄇㄛˋ-ㄍㄨˇ-ㄌㄧㄡˊ-ㄈㄤ
万古霉素	萬古黴素	ㄇㄛˋ-ㄍㄨˇ-ㄇㄟˊ-ㄙㄨˋ
万叶	萬葉	ㄇㄛˋ-ㄒㄧㄝˊ
万叶假名	萬葉假名	ㄇㄛˋ-ㄒㄧㄝˊ-ㄐㄧㄚˇ-ㄇㄧㄥˊ
万叶集	萬葉集	ㄇㄛˋ-ㄒㄧㄝˊ-ㄐㄧˊ
万吉人	萬吉人	ㄇㄛˋ-ㄐㄧˊ-ㄖㄣˊ
万后年	萬後年	ㄇㄛˋ-ㄏㄡˋ-ㄋㄧㄢˊ
万向	萬向	ㄇㄛˋ-ㄒㄧㄤˋ
万和	萬和	ㄇㄛˋ-ㄏㄜˊ
万城	萬城	ㄇㄛˋ-ㄔㄥˊ
万大溪	萬大溪	ㄇㄛˋ-ㄉㄚˋ-ㄒㄧ
万姓	萬姓	ㄇㄛˋ-ㄒㄧㄥˋ
万子	萬子	ㄇㄛˋ-ㄗˇ
万字	萬字	ㄇㄛˋ-ㄗˋ
万字底	萬字底	ㄇㄛˋ-ㄗˋ-ㄉㄧˇ
万字旗	萬字旗	ㄇㄛˋ-ㄗˋ-ㄑㄧˊ
万字票	萬字票	ㄇㄛˋ-ㄗˋ-ㄆㄧㄠˋ
万安	萬安	ㄇㄛˋ-ㄢ
万客	萬客	ㄇㄛˋ-ㄎㄜˋ
万客卿	萬客卿	ㄇㄛˋ-ㄎㄜˋ-ㄑㄧㄥ
万家	萬家	ㄇㄛˋ-ㄐㄧㄚ
万寨	萬寨	ㄇㄛˋ-ㄓㄞˋ
万山	萬山	ㄇㄛˋ-ㄕㄢ
万峪河	萬峪河	ㄇㄛˋ-ㄩˋ-ㄏㄜˊ
万峰	萬峰	ㄇㄛˋ-ㄈㄥ
万崇德	萬崇德	ㄇㄛˋ-ㄔㄨㄥˊ-ㄉㄜˊ
万州	萬州	ㄇㄛˋ-ㄓㄡ
万年	萬年	ㄇㄛˋ-ㄋㄧㄢˊ
万年万古	萬年萬古	ㄇㄛˋ-ㄋㄧㄢˊ-ㄇㄛˋ-ㄍㄨˇ
万年少	萬年少	ㄇㄛˋ-ㄋㄧㄢˊ-ㄕㄠˋ
万年油	萬年油	ㄇㄛˋ-ㄋㄧㄢˊ-ㄧㄡˊ
万年雪	萬年雪	ㄇㄛˋ-ㄋㄧㄢˊ-ㄒㄩㄝˇ
万年青	萬年青	ㄇㄛˋ-ㄋㄧㄢˊ-ㄑㄧㄥ
万幸	萬幸	ㄇㄛˋ-ㄒㄧㄥˋ
万店	萬店	ㄇㄛˋ-ㄉㄧㄢˋ
万引	萬引	ㄇㄛˋ-ㄧㄣˇ
万心田	萬心田	ㄇㄛˋ-ㄒㄧㄣ-ㄊㄧㄢˊ
万念俱灰	萬念俱灰	ㄇㄛˋ-ㄋㄧㄢˋ-ㄐㄩˋ-ㄏㄨㄟ
万捷	萬捷	ㄇㄛˋ-ㄐㄧㄝˊ
万文康	萬文康	ㄇㄛˋ-ㄨㄣˊ-ㄎㄤ
万方	萬方	ㄇㄛˋ-ㄈㄤ
万有	萬有	ㄇㄛˋ-ㄧㄡˇ
万有引力	萬有引力	ㄇㄛˋ-ㄧㄡˇ-ㄧㄣˇ-ㄌㄧˋ
万望	萬望	ㄇㄛˋ-ㄨㄤˋ
万木林	萬木林	ㄇㄛˋ-ㄇㄨˋ-ㄌㄧㄣˊ
万松	萬松	ㄇㄛˋ-ㄙㄨㄥ
万柏林	萬柏林	ㄇㄛˋ-ㄅㄛˊ-ㄌㄧㄣˊ
万栱	萬栱	ㄇㄛˋ-ㄍㄨㄥˇ
万歳	萬歳	ㄇㄛˋ-ㄙㄨㄟˋ
万死	萬死	ㄇㄛˋ-ㄙˇ
万死一生	萬死一生	ㄇㄛˋ-ㄙˇ-ㄧ-ㄕㄥ
万民	萬民	ㄇㄛˋ-ㄇㄧㄣˊ
万民望	萬民望	ㄇㄛˋ-ㄇㄧㄣˊ-ㄨㄤˋ
万民法	萬民法	ㄇㄛˋ-ㄇㄧㄣˊ-ㄈㄚˇ
万水千山	萬水千山	ㄇㄛˋ-ㄕㄨㄟˇ-ㄑㄧㄢ-ㄕㄢ
万永康	萬永康	ㄇㄛˋ-ㄩㄥˇ-ㄎㄤ
万汝南	萬汝南	ㄇㄛˋ-ㄖㄨˇ-ㄋㄢˊ
万江	萬江	ㄇㄛˋ-ㄐㄧㄤ
万泉河	萬泉河	ㄇㄛˋ-ㄑㄩㄢˊ-ㄏㄜˊ
万法	萬法	ㄇㄛˋ-ㄈㄚˇ
万津	萬津	ㄇㄛˋ-ㄐㄧㄣ
万源	萬源	ㄇㄛˋ-ㄩㄢˊ
万物	萬物	ㄇㄛˋ-ㄨˋ
万用	萬用	ㄇㄛˋ-ㄩㄥˋ
万用刀	萬用刀	ㄇㄛˋ-ㄩㄥˋ-ㄉㄠ
万用字元	萬用字元	ㄇㄛˋ-ㄩㄥˋ-ㄗˋ-ㄩㄢˊ
万用表	萬用表	ㄇㄛˋ-ㄩㄥˋ-ㄅㄧㄠˇ
万病仙草	萬病仙草	ㄇㄛˋ-ㄅㄧㄥˋ-ㄒㄧㄢ-ㄘㄠˇ
万神殿	萬神殿	ㄇㄛˋ-ㄕㄣˊ-ㄉㄧㄢˋ
万福	萬福	ㄇㄛˋ-ㄈㄨˊ
万福店	萬福店	ㄇㄛˋ-ㄈㄨˊ-ㄉㄧㄢˋ
万端	萬端	ㄇㄛˋ-ㄉㄨㄢ
万能	萬能	ㄇㄛˋ-ㄋㄥˊ
万能梗	萬能梗	ㄇㄛˋ-ㄋㄥˊ-ㄍㄥˇ
万舞	萬舞	ㄇㄛˋ-ㄨˇ
万般	萬般	ㄇㄛˋ-ㄅㄢ
万花筒	萬花筒	ㄇㄛˋ-ㄏㄨㄚ-ㄊㄨㄥˇ
万象	永珍	ㄇㄛˋ-ㄒㄧㄤˋ
万那威	萬那威	ㄇㄛˋ-ㄋㄚˋ-ㄨㄟ
万那杜	萬那杜	ㄇㄛˋ-ㄋㄚˋ-ㄉㄨˋ
万邦	萬邦	ㄇㄛˋ-ㄅㄤ
万里	萬里	ㄇㄛˋ-ㄌㄧˇ
万里耳	萬里耳	ㄇㄛˋ-ㄌㄧˇ-ㄦˇ
万里鞋	萬里鞋	ㄇㄛˋ-ㄌㄧˇ-ㄒㄧㄝˊ
万金	萬金	ㄇㄛˋ-ㄐㄧㄣ
万金油	萬金油	ㄇㄛˋ-ㄐㄧㄣ-ㄧㄡˊ
万隆	萬隆	ㄇㄛˋ-ㄌㄨㄥˊ
丈庄	丈莊	ㄓㄤˋ-ㄓㄨㄤ
三丰	三豐	ㄙㄢ-ㄈㄥ
三划王	三劃王	ㄙㄢ-ㄏㄨㄚˊ-ㄨㄤˊ
三叶	三葉	ㄙㄢ-ㄒㄧㄝˊ
三叶半夏	三葉半夏	ㄙㄢ-ㄒㄧㄝˊ-ㄅㄢˋ-ㄒㄧㄚˋ
三叶草	三葉草	ㄙㄢ-ㄒㄧㄝˊ-ㄘㄠˇ
三叶虫	三葉蟲	ㄙㄢ-ㄒㄧㄝˊ-ㄏㄨㄟˇ
三山五岳	三山五嶽	ㄙㄢ-ㄕㄢ-ㄨˇ-ㄩㄝˋ
三角涌	三角湧	ㄙㄢ-ㄐㄧㄠˇ-ㄩㄥˇ
上光蜡	上光蠟	ㄕㄤˋ-ㄍㄨㄤ-ㄓㄚˋ
上党	上黨	ㄕㄤˋ-ㄉㄤˇ
上官胜	上官勝	ㄕㄤˋ-ㄍㄨㄢ-ㄒㄧㄥ
上庄	上莊	ㄕㄤˋ-ㄓㄨㄤ
上极限	上極限	ㄕㄤˋ-ㄐㄧˊ-ㄒㄧㄢˋ
上柜	上櫃	ㄕㄤˋ-ㄍㄨㄟˋ
上蜡	上蠟	ㄕㄤˋ-ㄓㄚˋ
下作党	下作黨	ㄒㄧㄚˋ-ㄗㄨㄛˋ-ㄉㄤˇ
下愿	下願	ㄒㄧㄚˋ-ㄩㄢˋ
下极	下極	ㄒㄧㄚˋ-ㄐㄧˊ
下极限	下極限	ㄒㄧㄚˋ-ㄐㄧˊ-ㄒㄧㄢˋ
下种	下種	ㄒㄧㄚˋ-ㄔㄨㄥˊ
不下于	不下於	ㄅㄨˋ-ㄒㄧㄚˋ-ㄩˊ
不二价	不二價	ㄅㄨˋ-ㄦˋ-ㄐㄧㄚˋ
不作准	不作準	ㄅㄨˋ-ㄗㄨㄛˋ-ㄓㄨㄣˇ
不可胜言	不可勝言	ㄅㄨˋ-ㄎㄜˇ-ㄒㄧㄥ-ㄧㄢˊ
不屑于	不屑於	ㄅㄨˋ-ㄒㄧㄝˋ-ㄩˊ
不干性油	不乾性油	ㄅㄨˋ-ㄍㄢ-ㄒㄧㄥˋ-ㄧㄡˊ
不形于色	不形於色	ㄅㄨˋ-ㄒㄧㄥˊ-ㄩˊ-ㄙㄜˋ
不怎么	不怎麼	ㄅㄨˋ-ㄗㄜˇ-ㄧㄠ
不愿	不願	ㄅㄨˋ-ㄩㄢˋ
不明就里	不明就裡	ㄅㄨˋ-ㄇㄧㄥˊ-ㄐㄧㄡˋ-ㄌㄧˇ
不正确	不正確	ㄅㄨˋ-ㄓㄥˋ-ㄑㄩㄝˋ
不甘后人	不甘後人	ㄅㄨˋ-ㄍㄢ-ㄏㄡˋ-ㄖㄣˊ
不甘落后	不甘落後	ㄅㄨˋ-ㄍㄢ-ㄌㄨㄛˋ-ㄏㄡˋ
不留余地	不留餘地	ㄅㄨˋ-ㄌㄧㄡˊ-ㄩˊ-ㄉㄧˋ
不疼不痒	不疼不癢	ㄅㄨˋ-ㄊㄥˊ-ㄅㄨˋ-ㄧㄤˇ
不痛不痒	不痛不癢	ㄅㄨˋ-ㄊㄨㄥˋ-ㄅㄨˋ-ㄧㄤˇ
不知凡几	不知凡幾	ㄅㄨˋ-ㄓ-ㄈㄢˊ-ㄐㄧ
不知就里	不知就裡	ㄅㄨˋ-ㄓ-ㄐㄧㄡˋ-ㄌㄧˇ
不确定性	不確定性	ㄅㄨˋ-ㄑㄩㄝˋ-ㄉㄧㄥˋ-ㄒㄧㄥˋ
不胜	不勝	ㄅㄨˋ-ㄒㄧㄥ
不胜酒力	不勝酒力	ㄅㄨˋ-ㄒㄧㄥ-ㄐㄧㄡˇ-ㄌㄧˋ
不至于	不至於	ㄅㄨˋ-ㄓˋ-ㄩˊ
不致于	不致於	ㄅㄨˋ-ㄓˋ-ㄩˊ
不良于行	不良於行	ㄅㄨˋ-ㄌㄧㄤˊ-ㄩˊ-ㄒㄧㄥˊ
不适	不適	ㄅㄨˋ-ㄍㄨㄚ
丑事	醜事	ㄔㄡˇ-ㄕˋ
丑人	醜人	ㄔㄡˇ-ㄖㄣˊ
丑八怪	醜八怪	ㄔㄡˇ-ㄅㄚ-ㄍㄨㄞˋ
丑化	醜化	ㄔㄡˇ-ㄏㄨㄚˋ
丑史	醜史	ㄔㄡˇ-ㄕˇ
丑女	醜女	ㄔㄡˇ-ㄋㄩˇ
丑小孩	醜小孩	ㄔㄡˇ-ㄒㄧㄠˇ-ㄏㄞˊ
丑屄	醜屄	ㄔㄡˇ-ㄅㄧ
丑怪	醜怪	ㄔㄡˇ-ㄍㄨㄞˋ
丑末	醜末	ㄔㄡˇ-ㄇㄛˋ
丑照	醜照	ㄔㄡˇ-ㄓㄠˋ
丑生	醜生	ㄔㄡˇ-ㄕㄥ
丑相	醜相	ㄔㄡˇ-ㄒㄧㄤˋ
丑萌	醜萌	ㄔㄡˇ-ㄇㄥˊ
丑行	醜行	ㄔㄡˇ-ㄒㄧㄥˊ
丑逼	醜逼	ㄔㄡˇ-ㄅㄧ
丑陋	醜陋	ㄔㄡˇ-ㄌㄡˋ
世干	世幹	ㄕˋ-ㄍㄢ
世界工厂	世界工廠	ㄕˋ-ㄐㄧㄝˋ-ㄍㄨㄥ-ㄏㄢˇ
中仔范	中仔範	ㄓㄨㄥ-ㄗˇ-ㄈㄢˋ
中叶	中葉	ㄓㄨㄥ-ㄒㄧㄝˊ
中套仔范	中套仔範	ㄓㄨㄥ-ㄊㄠˋ-ㄗˇ-ㄈㄢˋ
中岳	中嶽	ㄓㄨㄥ-ㄩㄝˋ
中广	中廣	ㄓㄨㄥ-ㄧㄢˇ
中胚叶	中胚葉	ㄓㄨㄥ-ㄆㄟ-ㄒㄧㄝˊ
中范	中範	ㄓㄨㄥ-ㄈㄢˋ
中范仔	中範仔	ㄓㄨㄥ-ㄈㄢˋ-ㄗˇ
丰中	豐中	ㄈㄥ-ㄓㄨㄥ
丰中市	豐中市	ㄈㄥ-ㄓㄨㄥ-ㄕˋ
丰乳	豐乳	ㄈㄥ-ㄖㄨˇ
丰亨豫大	豐亨豫大	ㄈㄥ-ㄏㄥ-ㄩˋ-ㄉㄚˋ
丰京	豐京	ㄈㄥ-ㄐㄧㄥ
丰前	豐前	ㄈㄥ-ㄑㄧㄢˊ
丰南	豐南	ㄈㄥ-ㄋㄢˊ
丰南市	豐南市	ㄈㄥ-ㄋㄢˊ-ㄕˋ
丰南站	豐南站	ㄈㄥ-ㄋㄢˊ-ㄓㄢˋ
丰厚	豐厚	ㄈㄥ-ㄏㄡˋ
丰原	豐原	ㄈㄥ-ㄩㄢˊ
丰口惠	豐口惠	ㄈㄥ-ㄎㄡˇ-ㄏㄨㄟˋ
丰台	豐台	ㄈㄥ-ㄊㄞˊ
丰后大野	豐後大野	ㄈㄥ-ㄏㄡˋ-ㄉㄚˋ-ㄧㄝˇ
丰后高田	豐後高田	ㄈㄥ-ㄏㄡˋ-ㄍㄠ-ㄊㄧㄢˊ
丰唇	豐唇	ㄈㄥ-ㄔㄨㄣˊ
丰城	豐城	ㄈㄥ-ㄔㄥˊ
丰城市	豐城市	ㄈㄥ-ㄔㄥˊ-ㄕˋ
丰富	豐富	ㄈㄥ-ㄈㄨˋ
丰富多彩	豐富多彩	ㄈㄥ-ㄈㄨˋ-ㄉㄨㄛ-ㄘㄞˇ
丰富多采	豐富多采	ㄈㄥ-ㄈㄨˋ-ㄉㄨㄛ-ㄘㄞˇ
丰山	豐山	ㄈㄥ-ㄕㄢ
丰川	豐川	ㄈㄥ-ㄔㄨㄢ
丰平川	豐平川	ㄈㄥ-ㄆㄧㄥˊ-ㄔㄨㄢ
丰年	豐年	ㄈㄥ-ㄋㄧㄢˊ
丰年祭	豐年祭	ㄈㄥ-ㄋㄧㄢˊ-ㄐㄧˋ
丰成	豐成	ㄈㄥ-ㄔㄥˊ
丰收	豐收	ㄈㄥ-ㄕㄡ
丰明	豐明	ㄈㄥ-ㄇㄧㄥˊ
丰沛	豐沛	ㄈㄥ-ㄆㄟˋ
丰溪	豐溪	ㄈㄥ-ㄒㄧ
丰熟	豐熟	ㄈㄥ-ㄕㄡˊ
丰田	豐田	ㄈㄥ-ㄊㄧㄢˊ
丰登	豐登	ㄈㄥ-ㄉㄥ
丰盈	豐盈	ㄈㄥ-ㄧㄥˊ
丰盛	豐盛	ㄈㄥ-ㄕㄥˋ
丰盛港	豐盛港	ㄈㄥ-ㄕㄥˋ-ㄍㄤˇ
丰碑	豐碑	ㄈㄥ-ㄅㄟ
丰稔	豐稔	ㄈㄥ-ㄖㄣˇ
丰繁	豐繁	ㄈㄥ-ㄈㄢˊ
丰美	豐美	ㄈㄥ-ㄇㄟˇ
丰胸	豐胸	ㄈㄥ-ㄒㄩㄥ
丰腴	豐腴	ㄈㄥ-ㄩˊ
丰茂	豐茂	ㄈㄥ-ㄇㄠˋ
丰衣足食	豐衣足食	ㄈㄥ-ㄧ-ㄗㄨˊ-ㄕˊ
丰裕	豐裕	ㄈㄥ-ㄩˋ
丰足	豐足	ㄈㄥ-ㄗㄨˊ
丰都	豐都	ㄈㄥ-ㄉㄡ
丰鄗	豐鄗	ㄈㄥ-ㄏㄠˋ
串种	串種	ㄔㄨㄢˋ-ㄔㄨㄥˊ
主仆	主僕	ㄓㄨˇ-ㄆㄨ
主后	主後	ㄓㄨˇ-ㄏㄡˋ
主干	主幹	ㄓㄨˇ-ㄍㄢ
主干家庭	主幹家庭	ㄓㄨˇ-ㄍㄢ-ㄐㄧㄚ-ㄊㄧㄥˊ
主干路	主幹路	ㄓㄨˇ-ㄍㄢ-ㄌㄨˋ
主干道	主幹道	ㄓㄨˇ-ㄍㄢ-ㄉㄠˋ
乃朝后	乃朝後	ㄋㄞˇ-ㄔㄠˊ-ㄏㄡˋ
乃至于	乃至於	ㄋㄞˇ-ㄓˋ-ㄩˊ
么么	麼麼	ㄧㄠ-ㄧㄠ
么事	麼事	ㄧㄠ-ㄕˋ
么人	麼人	ㄧㄠ-ㄖㄣˊ
么地道	麼地道	ㄧㄠ-ㄉㄧˋ-ㄉㄠˋ
么子	麼子	ㄧㄠ-ㄗˇ
么教	麼教	ㄧㄠ-ㄐㄧㄠ
之余	之餘	ㄓ-ㄩˊ
之后	之後	ㄓ-ㄏㄡˋ
乒乓球台	乒乓球檯	ㄆㄧㄥ-ㄆㄤ-ㄑㄧㄡˊ-ㄊㄞˊ
乘云	乘雲	ㄔㄥˊ-ㄩㄣˊ
乘胜	乘勝	ㄔㄥˊ-ㄒㄧㄥ
乘胜直追	乘勝直追	ㄔㄥˊ-ㄒㄧㄥ-ㄓˊ-ㄓㄨㄟ
乙游	乙遊	ㄧˇ-ㄧㄡˊ
九价	九價	ㄐㄧㄡˇ-ㄐㄧㄚˋ
九霄云外	九霄雲外	ㄐㄧㄡˇ-ㄒㄧㄠ-ㄩㄣˊ-ㄨㄞˋ
也么哥	也麼哥	ㄧㄝˇ-ㄧㄠ-ㄍㄜ
乳臭未干	乳臭未乾	ㄖㄨˇ-ㄒㄧㄡˋ-ㄨㄟˋ-ㄍㄢ
了后	了後	ㄌㄜ˙-ㄏㄡˋ
事后	事後	ㄕˋ-ㄏㄡˋ
事后丸	事後丸	ㄕˋ-ㄏㄡˋ-ㄨㄢˊ
事后孔明	事後孔明	ㄕˋ-ㄏㄡˋ-ㄎㄨㄥˇ-ㄇㄧㄥˊ
事干	事幹	ㄕˋ-ㄍㄢ
二八大杠	二八大槓	ㄦˋ-ㄅㄚ-ㄉㄚˋ-ㄍㄤ
二极管	二極體	ㄦˋ-ㄐㄧˊ-ㄍㄨㄢˇ
二游	二遊	ㄦˋ-ㄧㄡˊ
于心不忍	於心不忍	ㄩˊ-ㄒㄧㄣ-ㄅㄨˋ-ㄖㄣˇ
于心何忍	於心何忍	ㄩˊ-ㄒㄧㄣ-ㄏㄜˊ-ㄖㄣˇ
于慎思	於慎思	ㄩˊ-ㄕㄣˋ-ㄙ
于是乎	於是乎	ㄩˊ-ㄕˋ-ㄏㄨ
于洪	於洪	ㄩˊ-ㄏㄨㄥˊ
云万	雲萬	ㄩㄣˊ-ㄇㄛˋ
云仙	雲仙	ㄩㄣˊ-ㄒㄧㄢ
云冰	雲冰	ㄩㄣˊ-ㄅㄧㄥ
云南	雲南	ㄩㄣˊ-ㄋㄢˊ
云南市	雲南市	ㄩㄣˊ-ㄋㄢˊ-ㄕˋ
云南省	雲南省	ㄩㄣˊ-ㄋㄢˊ-ㄕㄥˇ
云南郡	雲南郡	ㄩㄣˊ-ㄋㄢˊ-ㄐㄩㄣˋ
云原生	雲原生	ㄩㄣˊ-ㄩㄢˊ-ㄕㄥ
云台	雲台	ㄩㄣˊ-ㄊㄞˊ
云吞	雲吞	ㄩㄣˊ-ㄊㄨㄣ
云吞面	雲吞麵	ㄩㄣˊ-ㄊㄨㄣ-ㄇㄧㄢˋ
云呢拿	雲呢拿	ㄩㄣˊ-ㄋㄜ-ㄋㄚˊ
云城	雲城	ㄩㄣˊ-ㄔㄥˊ
云埠	雲埠	ㄩㄣˊ-ㄅㄨˋ
云大	雲大	ㄩㄣˊ-ㄉㄚˋ
云天	雲天	ㄩㄣˊ-ㄊㄧㄢ
云安	雲安	ㄩㄣˊ-ㄢ
云室	雲室	ㄩㄣˊ-ㄕˋ
云屯	雲屯	ㄩㄣˊ-ㄊㄨㄣˊ
云屯雨集	雲屯雨集	ㄩㄣˊ-ㄊㄨㄣˊ-ㄩˇ-ㄐㄧˊ
云山	雲山	ㄩㄣˊ-ㄕㄢ
云川	雲川	ㄩㄣˊ-ㄔㄨㄢ
云州	雲州	ㄩㄣˊ-ㄓㄡ
云巴	雲巴	ㄩㄣˊ-ㄅㄚ
云弟兄	雲弟兄	ㄩㄣˊ-ㄉㄧˋ-ㄒㄩㄥ
云彩	雲彩	ㄩㄣˊ-ㄘㄞˇ
云手	雲手	ㄩㄣˊ-ㄕㄡˇ
云朵	雲朵	ㄩㄣˊ-ㄉㄨㄛˇ
云杉	雲杉	ㄩㄣˊ-ㄕㄢ
云林	雲林	ㄩㄣˊ-ㄌㄧㄣˊ
云林子	雲林子	ㄩㄣˊ-ㄌㄧㄣˊ-ㄗ˙
云梯	雲梯	ㄩㄣˊ-ㄊㄧ
云母	雲母	ㄩㄣˊ-ㄇㄨˇ
云池	雲池	ㄩㄣˊ-ㄔˊ
云河	雲河	ㄩㄣˊ-ㄏㄜˊ
云泥	雲泥	ㄩㄣˊ-ㄋㄧˊ
云津	雲津	ㄩㄣˊ-ㄐㄧㄣ
云浮	雲浮	ㄩㄣˊ-ㄈㄨˊ
云海	雲海	ㄩㄣˊ-ㄏㄞˇ
云涌	雲湧	ㄩㄣˊ-ㄩㄥˇ
云渚	雲渚	ㄩㄣˊ-ㄓㄨˇ
云游	雲遊	ㄩㄣˊ-ㄧㄡˊ
云澳	雲澳	ㄩㄣˊ-ㄠˋ
云片糕	雲片糕	ㄩㄣˊ-ㄆㄧㄢˋ-ㄍㄠ
云片雨	雲片雨	ㄩㄣˊ-ㄆㄧㄢˋ-ㄩˇ
云玩家	雲玩家	ㄩㄣˊ-ㄨㄢˊ-ㄐㄧㄚ
云璈	雲璈	ㄩㄣˊ-ㄠˊ
云石	雲石	ㄩㄣˊ-ㄕˊ
云端	雲端	ㄩㄣˊ-ㄉㄨㄢ
云粉蝶	雲粉蝶	ㄩㄣˊ-ㄈㄣˇ-ㄉㄧㄝˊ
云耳	雲耳	ㄩㄣˊ-ㄦˇ
云肩	雲肩	ㄩㄣˊ-ㄐㄧㄢ
云腿	雲腿	ㄩㄣˊ-ㄊㄨㄟˇ
云莓	雲莓	ㄩㄣˊ-ㄇㄟˊ
云衫	雲衫	ㄩㄣˊ-ㄕㄢ
云衫衫	雲衫衫	ㄩㄣˊ-ㄕㄢ-ㄕㄢ
云豆	雲豆	ㄩㄣˊ-ㄉㄡˋ
云豹	雲豹	ㄩㄣˊ-ㄅㄠˋ
云量	雲量	ㄩㄣˊ-ㄌㄧㄤˊ
云雀	雲雀	ㄩㄣˊ-ㄑㄩㄝˋ
云集	雲集	ㄩㄣˊ-ㄐㄧˊ
云雨	雲雨	ㄩㄣˊ-ㄩˇ
云霄	雲霄	ㄩㄣˊ-ㄒㄧㄠ
云霞	雲霞	ㄩㄣˊ-ㄒㄧㄚˊ
互余	互餘	ㄏㄨˋ-ㄩˊ
五云	五雲	ㄨˇ-ㄩㄣˊ
五十万	五十萬	ㄨˇ-ㄕˊ-ㄇㄛˋ
五斗柜	五斗櫃	ㄨˇ-ㄉㄡˇ-ㄍㄨㄟˋ
五毛党	五毛黨	ㄨˇ-ㄇㄠˊ-ㄉㄤˇ
五爪苹果	五爪蘋果	ㄨˇ-ㄓㄨㄚˇ-ㄆㄧㄥˊ-ㄍㄨㄛˇ
五谷丰登	五穀豐登	ㄨˇ-ㄍㄨˇ-ㄈㄥ-ㄉㄥ
五金厂	五金廠	ㄨˇ-ㄐㄧㄣ-ㄏㄢˇ
五香豆干	五香豆乾	ㄨˇ-ㄒㄧㄤ-ㄉㄡˋ-ㄍㄢ
亘古	亙古	ㄍㄣˋ-ㄍㄨˇ
亘古未有	亙古未有	ㄍㄣˋ-ㄍㄨˇ-ㄨㄟˋ-ㄧㄡˇ
亘地	亙地	ㄍㄣˋ-ㄉㄧˋ
亘日	亙日	ㄍㄣˋ-ㄖˋ
亘理	亙理	ㄍㄣˋ-ㄌㄧˇ
亡党	亡黨	ㄨㄤˊ-ㄉㄤˇ
交感干	交感幹	ㄐㄧㄠ-ㄍㄢˇ-ㄍㄢ
交游	交遊	ㄐㄧㄠ-ㄧㄡˊ
亦庄	亦莊	ㄧˋ-ㄓㄨㄤ
京丹后	京丹後	ㄐㄧㄥ-ㄉㄢ-ㄏㄡˋ
亮火虫	亮火蟲	ㄌㄧㄤˋ-ㄏㄨㄛˇ-ㄏㄨㄟˇ
人中豪杰	人中豪傑	ㄖㄣˊ-ㄓㄨㄥ-ㄏㄠˊ-ㄐㄧㄝˊ
人定胜天	人定勝天	ㄖㄣˊ-ㄉㄧㄥˋ-ㄒㄧㄥ-ㄊㄧㄢ
人杰	人傑	ㄖㄣˊ-ㄐㄧㄝˊ
人民党	人民黨	ㄖㄣˊ-ㄇㄧㄣˊ-ㄉㄤˇ
人浮于事	人浮於事	ㄖㄣˊ-ㄈㄨˊ-ㄩˊ-ㄕˋ
人种	人種	ㄖㄣˊ-ㄔㄨㄥˊ
人范	人範	ㄖㄣˊ-ㄈㄢˋ
什么	什麼	ㄕˊ-ㄧㄠ
什么的	什麼的	ㄕˊ-ㄧㄠ-ㄉㄜ˙
什么鬼	什麼鬼	ㄕˊ-ㄧㄠ-ㄍㄨㄟˇ
什叶派	什葉派	ㄕˊ-ㄒㄧㄝˊ-ㄆㄞˋ
仆人	僕人	ㄆㄨ-ㄖㄣˊ
仆仆	僕僕	ㄆㄨ-ㄆㄨ
仆固	僕固	ㄆㄨ-ㄍㄨˋ
仆射	僕射	ㄆㄨ-ㄕㄜˋ
仆少女	僕少女	ㄆㄨ-ㄕㄠˋ-ㄋㄩˇ
仆役	僕役	ㄆㄨ-ㄧˋ
仆等	僕等	ㄆㄨ-ㄉㄥˇ
今后	今後	ㄐㄧㄣ-ㄏㄡˋ
介于	介於	ㄐㄧㄝˋ-ㄩˊ
介虫	介蟲	ㄐㄧㄝˋ-ㄏㄨㄟˇ
仔虫	仔蟲	ㄗˇ-ㄏㄨㄟˇ
仙游	仙遊	ㄒㄧㄢ-ㄧㄡˊ
代价	代價	ㄉㄞˋ-ㄐㄧㄚˋ
以利于	以利於	ㄧˇ-ㄌㄧˋ-ㄩˊ
以后	以後	ㄧˇ-ㄏㄡˋ
以至于	以至於	ㄧˇ-ㄓˋ-ㄩˊ
以里	以裡	ㄧˇ-ㄌㄧˇ
以防万一	以防萬一	ㄧˇ-ㄈㄤˊ-ㄇㄛˋ-ㄧ
价位	價位	ㄐㄧㄚˋ-ㄨㄟˋ
价保	價保	ㄐㄧㄚˋ-ㄅㄠˇ
价值	價值	ㄐㄧㄚˋ-ㄓˊ
价值下注	價值下注	ㄐㄧㄚˋ-ㄓˊ-ㄒㄧㄚˋ-ㄓㄨˋ
价值形式	價值形式	ㄐㄧㄚˋ-ㄓˊ-ㄒㄧㄥˊ-ㄕˋ
价套	價套	ㄐㄧㄚˋ-ㄊㄠˋ
价差	價差	ㄐㄧㄚˋ-ㄔㄚ
价廉	價廉	ㄐㄧㄚˋ-ㄌㄧㄢˊ
价廉物美	價廉物美	ㄐㄧㄚˋ-ㄌㄧㄢˊ-ㄨˋ-ㄇㄟˇ
价格	價格	ㄐㄧㄚˋ-ㄍㄜˊ
价款	價款	ㄐㄧㄚˋ-ㄎㄨㄢˇ
价目	價目	ㄐㄧㄚˋ-ㄇㄨˋ
价目表	價目表	ㄐㄧㄚˋ-ㄇㄨˋ-ㄅㄧㄠˇ
价直	價直	ㄐㄧㄚˋ-ㄓˊ
价跤	價跤	ㄐㄧㄚˋ-ㄐㄧㄠ
任庄	任莊	ㄖㄣˋ-ㄓㄨㄤ
企划	企劃	ㄑㄧˋ-ㄏㄨㄚˊ
伊万	伊萬	ㄧ-ㄇㄛˋ
伊万里	伊萬里	ㄧ-ㄇㄛˋ-ㄌㄧˇ
伊党	伊黨	ㄧ-ㄉㄤˇ
伊搭里	伊搭裡	ㄧ-ㄉㄚ-ㄌㄧˇ
伏里	伏裡	ㄈㄨˊ-ㄌㄧˇ
伙友	夥友	ㄏㄨㄛˇ-ㄧㄡˇ
伙子	夥子	ㄏㄨㄛˇ-ㄗˇ
伙拍	夥拍	ㄏㄨㄛˇ-ㄆㄞ
估价	估價	ㄍㄨ-ㄐㄧㄚˋ
伴游	伴遊	ㄅㄢˋ-ㄧㄡˊ
伸手党	伸手黨	ㄕㄣ-ㄕㄡˇ-ㄉㄤˇ
但愿	但願	ㄉㄢˋ-ㄩㄢˋ
位于	位於	ㄨㄟˋ-ㄩˊ
位极人臣	位極人臣	ㄨㄟˋ-ㄐㄧˊ-ㄖㄣˊ-ㄔㄣˊ
低于	低於	ㄉㄧ-ㄩˊ
低云	低雲	ㄉㄧ-ㄩㄣˊ
低价	低價	ㄉㄧ-ㄐㄧㄚˋ
低庄	低莊	ㄉㄧ-ㄓㄨㄤ
低枝倒挂	低枝倒掛	ㄉㄧ-ㄓ-ㄉㄠˇ-ㄍㄨㄚˋ
住血吸虫	住血吸蟲	ㄓㄨˋ-ㄒㄧㄝˇ-ㄒㄧ-ㄏㄨㄟˇ
何里	何裡	ㄏㄜˊ-ㄌㄧˇ
何里搭	何裡搭	ㄏㄜˊ-ㄌㄧˇ-ㄉㄚ
余下	餘下	ㄩˊ-ㄒㄧㄚˋ
余事	餘事	ㄩˊ-ㄕˋ
余人	餘人	ㄩˊ-ㄖㄣˊ
余光	餘光	ㄩˊ-ㄍㄨㄤ
余党	餘黨	ㄩˊ-ㄉㄤˇ
余兵	餘兵	ㄩˊ-ㄅㄧㄥ
余切	餘切	ㄩˊ-ㄑㄧㄝ
余利	餘利	ㄩˊ-ㄌㄧˋ
余剩	餘剩	ㄩˊ-ㄕㄥˋ
余割	餘割	ㄩˊ-ㄍㄜ
余力	餘力	ㄩˊ-ㄌㄧˋ
余味	餘味	ㄩˊ-ㄨㄟˋ
余因子	餘因子	ㄩˊ-ㄧㄣ-ㄗˇ
余地	餘地	ㄩˊ-ㄉㄧˋ
余姚	餘姚	ㄩˊ-ㄧㄠˊ
余姚腔	餘姚腔	ㄩˊ-ㄧㄠˊ-ㄑㄧㄤ
余威	餘威	ㄩˊ-ㄨㄟ
余子	餘子	ㄩˊ-ㄗˇ
余孽	餘孽	ㄩˊ-ㄋㄧㄝˋ
余干	餘干	ㄩˊ-ㄍㄢ
余年	餘年	ㄩˊ-ㄋㄧㄢˊ
余式	餘式	ㄩˊ-ㄕˋ
余式定理	餘式定理	ㄩˊ-ㄕˋ-ㄉㄧㄥˋ-ㄌㄧˇ
余弦	餘弦	ㄩˊ-ㄒㄧㄢˊ
余弦定理	餘弦定理	ㄩˊ-ㄒㄧㄢˊ-ㄉㄧㄥˋ-ㄌㄧˇ
余念	餘念	ㄩˊ-ㄋㄧㄢˋ
余悸	餘悸	ㄩˊ-ㄐㄧˋ
余意	餘意	ㄩˊ-ㄧˋ
余接	餘接	ㄩˊ-ㄐㄧㄝ
余明	餘明	ㄩˊ-ㄇㄧㄥˊ
余暇	餘暇	ㄩˊ-ㄒㄧㄚˊ
余杭	餘杭	ㄩˊ-ㄏㄤˊ
余桃	餘桃	ㄩˊ-ㄊㄠˊ
余款	餘款	ㄩˊ-ㄎㄨㄢˇ
余毒	餘毒	ㄩˊ-ㄉㄨˊ
余波	餘波	ㄩˊ-ㄆㄛ
余泥	餘泥	ㄩˊ-ㄋㄧˊ
余甘子	餘甘子	ㄩˊ-ㄍㄢ-ㄗˇ
余生	餘生	ㄩˊ-ㄕㄥ
余皇	餘皇	ㄩˊ-ㄏㄨㄤˊ
余矢	餘矢	ㄩˊ-ㄕˇ
余程	餘程	ㄩˊ-ㄔㄥˊ
余缺	餘缺	ㄩˊ-ㄑㄩㄝ
余色	餘色	ㄩˊ-ㄙㄜˋ
余裕	餘裕	ㄩˊ-ㄩˋ
余角	餘角	ㄩˊ-ㄐㄧㄠˇ
余震	餘震	ㄩˊ-ㄓㄣˋ
余音	餘音	ㄩˊ-ㄧㄣ
余食	餘食	ㄩˊ-ㄕˊ
余香	餘香	ㄩˊ-ㄒㄧㄤ
佚游	佚遊	ㄧˋ-ㄧㄡˊ
作价	作價	ㄗㄨㄛˋ-ㄐㄧㄚˋ
作涂的	作塗的	ㄗㄨㄛˋ-ㄊㄨˊ-ㄉㄜ˙
你在哪里	你在哪裡	ㄋㄧˇ-ㄗㄞˋ-ㄋㄚˇ-ㄌㄧˇ
你情我愿	你情我願	ㄋㄧˇ-ㄑㄧㄥˊ-ㄨㄛˇ-ㄩㄢˋ
佣兵	傭兵	ㄩㄥˋ-ㄅㄧㄥ
佩里	佩裡	ㄆㄟˋ-ㄌㄧˇ
使用价值	使用價值	ㄕˇ-ㄩㄥˋ-ㄐㄧㄚˋ-ㄓˊ
侃价	侃價	ㄎㄢˇ-ㄐㄧㄚˋ
依云	依雲	ㄧ-ㄩㄣˊ
依据	依據	ㄧ-ㄐㄩˋ
侵入种	侵入種	ㄑㄧㄣ-ㄖㄨˋ-ㄔㄨㄥˊ
便于	便於	ㄅㄧㄢˋ-ㄩˊ
便所虫	便所蟲	ㄅㄧㄢˋ-ㄙㄨㄛˇ-ㄏㄨㄟˇ
俊杰	俊傑	ㄐㄩㄣˋ-ㄐㄧㄝˊ
保丰	保豐	ㄅㄠˇ-ㄈㄥ
保价	保價	ㄅㄠˇ-ㄐㄧㄚˋ
保守党	保守黨	ㄅㄠˇ-ㄕㄡˇ-ㄉㄤˇ
保留价	保留價	ㄅㄠˇ-ㄌㄧㄡˊ-ㄐㄧㄚˋ
保皇党	保皇黨	ㄅㄠˇ-ㄏㄨㄤˊ-ㄉㄤˇ
保皇党人	保皇黨人	ㄅㄠˇ-ㄏㄨㄤˊ-ㄉㄤˇ-ㄖㄣˊ
保荐	保薦	ㄅㄠˇ-ㄐㄧㄢˋ
信丰	信豐	ㄒㄧㄣˋ-ㄈㄥ
信心水准	信心水準	ㄒㄧㄣˋ-ㄒㄧㄣ-ㄕㄨㄟˇ-ㄓㄨㄣˇ
信据	信據	ㄒㄧㄣˋ-ㄐㄩˋ
信而有征	信而有徵	ㄒㄧㄣˋ-ㄦˊ-ㄧㄡˇ-ㄓㄥ
修但几勒	修但幾勒	ㄒㄧㄡ-ㄉㄢˋ-ㄐㄧ-ㄌㄜˋ
修筑	修築	ㄒㄧㄡ-ㄓㄨˊ
修适士	修適士	ㄒㄧㄡ-ㄍㄨㄚ-ㄕˋ
倒挂	倒掛	ㄉㄠˇ-ㄍㄨㄚˋ
倚范	倚範	ㄧˇ-ㄈㄢˋ
借据	借據	ㄐㄧㄝˋ-ㄐㄩˋ
倮虫	倮蟲	ㄌㄨㄛˇ-ㄏㄨㄟˇ
值价	值價	ㄓˊ-ㄐㄧㄚˋ
值回票价	值回票價	ㄓˊ-ㄏㄨㄟˊ-ㄆㄧㄠˋ-ㄐㄧㄚˋ
假手于人	假手於人	ㄐㄧㄚˇ-ㄕㄡˇ-ㄩˊ-ㄖㄣˊ
做丑人	做醜人	ㄗㄨㄛˋ-ㄔㄡˇ-ㄖㄣˊ
做么	做麼	ㄗㄨㄛˋ-ㄧㄠ
做什么	做什麼	ㄗㄨㄛˋ-ㄕˊ-ㄧㄠ
做伙	做夥	ㄗㄨㄛˋ-ㄏㄨㄛˇ
做庄	做莊	ㄗㄨㄛˋ-ㄓㄨㄤ
做杰	做傑	ㄗㄨㄛˋ-ㄐㄧㄝˊ
做涂水	做塗水	ㄗㄨㄛˋ-ㄊㄨˊ-ㄕㄨㄟˇ
做涂水的	做塗水的	ㄗㄨㄛˋ-ㄊㄨˊ-ㄕㄨㄟˇ-ㄉㄜ˙
做涂的	做塗的	ㄗㄨㄛˋ-ㄊㄨˊ-ㄉㄜ˙
做涌	做湧	ㄗㄨㄛˋ-ㄩㄥˇ
停尸房	停屍房	ㄊㄧㄥˊ-ㄕ-ㄈㄤˊ
健斗	健鬥	ㄐㄧㄢˋ-ㄉㄡˇ
偶极	偶極	ㄡˇ-ㄐㄧˊ
偶极子	偶極子	ㄡˇ-ㄐㄧˊ-ㄗˇ
偶极矩	偶極矩	ㄡˇ-ㄐㄧˊ-ㄐㄩˇ
傅立叶	傅立葉	ㄈㄨˋ-ㄌㄧˋ-ㄒㄧㄝˊ
催征	催徵	ㄘㄨㄟ-ㄓㄥ
傲价	傲價	ㄠˋ-ㄐㄧㄚˋ
傲霜斗雪	傲霜鬥雪	ㄠˋ-ㄕㄨㄤ-ㄉㄡˇ-ㄒㄩㄝˇ
僵尸粉	殭屍粉	ㄐㄧㄤ-ㄕ-ㄈㄣˇ
兀里	兀裡	ㄨˋ-ㄌㄧˇ
先后	先後	ㄒㄧㄢ-ㄏㄡˋ
先甘后苦	先甘後苦	ㄒㄧㄢ-ㄍㄢ-ㄏㄡˋ-ㄎㄨˇ
先花后果	先花後果	ㄒㄧㄢ-ㄏㄨㄚ-ㄏㄡˋ-ㄍㄨㄛˇ
先苦后甘	先苦後甘	ㄒㄧㄢ-ㄎㄨˇ-ㄏㄡˋ-ㄍㄢ
光景柜	光景櫃	ㄍㄨㄤ-ㄐㄧㄥˇ-ㄍㄨㄟˋ
光芒万丈	光芒萬丈	ㄍㄨㄤ-ㄇㄤˊ-ㄇㄛˋ-ㄓㄤˋ
克拉霉素	克拉黴素	ㄎㄜˋ-ㄌㄚ-ㄇㄟˊ-ㄙㄨˋ
克林霉素	克林黴素	ㄎㄜˋ-ㄌㄧㄣˊ-ㄇㄟˊ-ㄙㄨˋ
克霉唑	克黴唑	ㄎㄜˋ-ㄇㄟˊ-ㄕˋ
免于	免於	ㄇㄧㄢˇ-ㄩˊ
免征	免徵	ㄇㄧㄢˇ-ㄓㄥ
党三役	黨三役	ㄉㄤˇ-ㄙㄢ-ㄧˋ
党中央	黨中央	ㄉㄤˇ-ㄓㄨㄥ-ㄧㄤ
党主席	黨主席	ㄉㄤˇ-ㄓㄨˇ-ㄒㄧˊ
党人	黨人	ㄉㄤˇ-ㄖㄣˊ
党代表	黨代表	ㄉㄤˇ-ㄉㄞˋ-ㄅㄧㄠˇ
党八股	黨八股	ㄉㄤˇ-ㄅㄚ-ㄍㄨˇ
党史	黨史	ㄉㄤˇ-ㄕˇ
党外	黨外	ㄉㄤˇ-ㄨㄞˋ
党外人士	黨外人士	ㄉㄤˇ-ㄨㄞˋ-ㄖㄣˊ-ㄕˋ
党委	黨委	ㄉㄤˇ-ㄨㄟˇ
党媒	黨媒	ㄉㄤˇ-ㄇㄟˊ
党建	黨建	ㄉㄤˇ-ㄐㄧㄢˋ
党徒	黨徒	ㄉㄤˇ-ㄊㄨˊ
党徽	黨徽	ㄉㄤˇ-ㄏㄨㄟ
党心	黨心	ㄉㄤˇ-ㄒㄧㄣ
党性	黨性	ㄉㄤˇ-ㄒㄧㄥˋ
党政	黨政	ㄉㄤˇ-ㄓㄥˋ
党旗	黨旗	ㄉㄤˇ-ㄑㄧˊ
党校	黨校	ㄉㄤˇ-ㄒㄧㄠˋ
党棍	黨棍	ㄉㄤˇ-ㄍㄨㄣˋ
党歌	黨歌	ㄉㄤˇ-ㄍㄜ
党派	黨派	ㄉㄤˇ-ㄆㄞˋ
党派政治	黨派政治	ㄉㄤˇ-ㄆㄞˋ-ㄓㄥˋ-ㄓˋ
党禁	黨禁	ㄉㄤˇ-ㄐㄧㄣˋ
党章	黨章	ㄉㄤˇ-ㄓㄤ
党籍	黨籍	ㄉㄤˇ-ㄐㄧˊ
党群	黨群	ㄉㄤˇ-ㄑㄩㄣˊ
党羽	黨羽	ㄉㄤˇ-ㄩˇ
党葬	黨葬	ㄉㄤˇ-ㄗㄤˋ
党部	黨部	ㄉㄤˇ-ㄅㄨˋ
党鞭	黨鞭	ㄉㄤˇ-ㄅㄧㄢ
党首	黨首	ㄉㄤˇ-ㄕㄡˇ
党魁	黨魁	ㄉㄤˇ-ㄎㄨㄟˊ
入侵物种	入侵物種	ㄖㄨˋ-ㄑㄧㄣ-ㄨˋ-ㄔㄨㄥˊ
入侵种	入侵種	ㄖㄨˋ-ㄑㄧㄣ-ㄔㄨㄥˊ
入党	入黨	ㄖㄨˋ-ㄉㄤˇ
入厂	入廠	ㄖㄨˋ-ㄏㄢˇ
全丰	全豐	ㄑㄩㄢˊ-ㄈㄥ
全党	全黨	ㄑㄩㄢˊ-ㄉㄤˇ
全胜	全勝	ㄑㄩㄢˊ-ㄒㄧㄥ
全蝎	全蠍	ㄑㄩㄢˊ-ㄏㄜˊ
八万五	八萬五	ㄅㄚ-ㄇㄛˋ-ㄨˇ
八云	八雲	ㄅㄚ-ㄩㄣˊ
八极	八極	ㄅㄚ-ㄐㄧˊ
八极拳	八極拳	ㄅㄚ-ㄐㄧˊ-ㄑㄩㄢˊ
八百万	八百萬	ㄅㄚ-ㄅㄞˇ-ㄇㄛˋ
公仆	公僕	ㄍㄨㄥ-ㄆㄨ
公价	公價	ㄍㄨㄥ-ㄐㄧㄚˋ
公余	公餘	ㄍㄨㄥ-ㄩˊ
公准	公準	ㄍㄨㄥ-ㄓㄨㄣˇ
公干	公幹	ㄍㄨㄥ-ㄍㄢ
公正党	公正黨	ㄍㄨㄥ-ㄓㄥˋ-ㄉㄤˇ
公益广告	公益廣告	ㄍㄨㄥ-ㄧˋ-ㄧㄢˇ-ㄍㄠˋ
六月甲虫	六月甲蟲	ㄌㄧㄡˋ-ㄩㄝˋ-ㄐㄧㄚˇ-ㄏㄨㄟˇ
六极	六極	ㄌㄧㄡˋ-ㄐㄧˊ
共价	共價	ㄍㄨㄥˋ-ㄐㄧㄚˋ
共党	共黨	ㄍㄨㄥˋ-ㄉㄤˇ
共和党	共和黨	ㄍㄨㄥˋ-ㄏㄜˊ-ㄉㄤˇ
共和党人	共和黨人	ㄍㄨㄥˋ-ㄏㄜˊ-ㄉㄤˇ-ㄖㄣˊ
共産党	共産黨	ㄍㄨㄥˋ-ㄔㄢˇ-ㄉㄤˇ
兵工厂	兵工廠	ㄅㄧㄥ-ㄍㄨㄥ-ㄏㄢˇ
兵种	兵種	ㄅㄧㄥ-ㄔㄨㄥˊ
其余	其餘	ㄑㄧˊ-ㄩˊ
其余人	其餘人	ㄑㄧˊ-ㄩˊ-ㄖㄣˊ
其后	其後	ㄑㄧˊ-ㄏㄡˋ
典范	典範	ㄉㄧㄢˇ-ㄈㄢˋ
冇事干	冇事幹	ㄇㄡˇ-ㄕˋ-ㄍㄢ
冇几何	冇幾何	ㄇㄡˇ-ㄐㄧ-ㄏㄜˊ
冇几耐	冇幾耐	ㄇㄡˇ-ㄐㄧ-ㄋㄞˋ
冇厘	冇釐	ㄇㄡˇ-ㄌㄧˊ
冇厘搭霎	冇釐搭霎	ㄇㄡˇ-ㄌㄧˊ-ㄉㄚ-ㄕㄚˋ
再后年	再後年	ㄗㄞˋ-ㄏㄡˋ-ㄋㄧㄢˊ
再怎么	再怎麼	ㄗㄞˋ-ㄗㄜˇ-ㄧㄠ
再极化	再極化	ㄗㄞˋ-ㄐㄧˊ-ㄏㄨㄚˋ
冗余	冗餘	ㄖㄨㄥˇ-ㄩˊ
冤种	冤種	ㄩㄢ-ㄔㄨㄥˊ
冬虫夏草	冬蟲夏草	ㄉㄨㄥ-ㄏㄨㄟˇ-ㄒㄧㄚˋ-ㄘㄠˇ
冬虫草	冬蟲草	ㄉㄨㄥ-ㄏㄨㄟˇ-ㄘㄠˇ
冰挂	冰掛	ㄅㄧㄥ-ㄍㄨㄚˋ
冰柜	冰櫃	ㄅㄧㄥ-ㄍㄨㄟˋ
冶游	冶遊	ㄧㄝˇ-ㄧㄡˊ
冶游史	冶遊史	ㄧㄝˇ-ㄧㄡˊ-ㄕˇ
冷柜	冷櫃	ㄌㄥˇ-ㄍㄨㄟˋ
准保	準保	ㄓㄨㄣˇ-ㄅㄠˇ
准公罪	準公罪	ㄓㄨㄣˇ-ㄍㄨㄥ-ㄗㄨㄟˋ
准去	準去	ㄓㄨㄣˇ-ㄑㄩˋ
准合同	準合同	ㄓㄨㄣˇ-ㄏㄜˊ-ㄊㄨㄥˊ
准成	準成	ㄓㄨㄣˇ-ㄔㄥˊ
准拄好	準拄好	ㄓㄨㄣˇ-ㄓㄨˇ-ㄏㄠˇ
准提	準提	ㄓㄨㄣˇ-ㄊㄧˊ
准星	準星	ㄓㄨㄣˇ-ㄒㄧㄥ
准晶	準晶	ㄓㄨㄣˇ-ㄐㄧㄥ
准煞	準煞	ㄓㄨㄣˇ-ㄕㄚˋ
准爸爸	準爸爸	ㄓㄨㄣˇ-ㄅㄚˋ-ㄅㄚˋ
准用	準用	ㄓㄨㄣˇ-ㄩㄥˋ
准确	準確	ㄓㄨㄣˇ-ㄑㄩㄝˋ
准确度	準確度	ㄓㄨㄣˇ-ㄑㄩㄝˋ-ㄉㄨˋ
准确性	準確性	ㄓㄨㄣˇ-ㄑㄩㄝˋ-ㄒㄧㄥˋ
准粒子	準粒子	ㄓㄨㄣˇ-ㄌㄧˋ-ㄗˇ
准行	準行	ㄓㄨㄣˇ-ㄒㄧㄥˊ
凌云	凌雲	ㄌㄧㄥˊ-ㄩㄣˊ
几下	幾下	ㄐㄧ-ㄒㄧㄚˋ
几久	幾久	ㄐㄧ-ㄐㄧㄡˇ
几乎	幾乎	ㄐㄧ-ㄏㄨ
几位	幾位	ㄐㄧ-ㄨㄟˋ
几何	幾何	ㄐㄧ-ㄏㄜˊ
几何分布	幾何分布	ㄐㄧ-ㄏㄜˊ-ㄈㄣ-ㄅㄨˋ
几分	幾分	ㄐㄧ-ㄈㄣ
几化	幾化	ㄐㄧ-ㄏㄨㄚˋ
几十	幾十	ㄐㄧ-ㄕˊ
几咁	幾咁	ㄐㄧ-ㄍㄢ
几哈	幾哈	ㄐㄧ-ㄏㄚ
几多	幾多	ㄐㄧ-ㄉㄨㄛ
几多化	幾多化	ㄐㄧ-ㄉㄨㄛ-ㄏㄨㄚˋ
几大	幾大	ㄐㄧ-ㄉㄚˋ
几天	幾天	ㄐㄧ-ㄊㄧㄢ
几好	幾好	ㄐㄧ-ㄏㄠˇ
几工	幾工	ㄐㄧ-ㄍㄨㄥ
几年	幾年	ㄐㄧ-ㄋㄧㄢˊ
几廿	幾廿	ㄐㄧ-ㄋㄧㄢˋ
几日	幾日	ㄐㄧ-ㄖˋ
几曾	幾曾	ㄐㄧ-ㄘㄥˊ
几欲	幾欲	ㄐㄧ-ㄩˋ
几率	機率	ㄐㄧ-ㄌㄩˋ
几生修到	幾生修到	ㄐㄧ-ㄕㄥ-ㄒㄧㄡ-ㄉㄠˋ
几番	幾番	ㄐㄧ-ㄈㄢ
几耐	幾耐	ㄐㄧ-ㄋㄞˋ
几若	幾若	ㄐㄧ-ㄖㄨㄛˋ
几落	幾落	ㄐㄧ-ㄌㄨㄛˋ
几解	幾解	ㄐㄧ-ㄐㄧㄝˇ
几近	幾近	ㄐㄧ-ㄐㄧㄣˋ
凶弾	兇弾	ㄒㄩㄥ-ㄉㄢˋ
凶心	兇心	ㄒㄩㄥ-ㄒㄧㄣ
凶悪	兇悪	ㄒㄩㄥ-ㄜˇ
凶狂	兇狂	ㄒㄩㄥ-ㄎㄨㄤˊ
凶狂雨	兇狂雨	ㄒㄩㄥ-ㄎㄨㄤˊ-ㄩˇ
凶行	兇行	ㄒㄩㄥ-ㄒㄧㄥˊ
出丑	出醜	ㄔㄨ-ㄔㄡˇ
出乖弄丑	出乖弄醜	ㄔㄨ-ㄍㄨㄞ-ㄋㄨㄥˋ-ㄔㄡˇ
出乖露丑	出乖露醜	ㄔㄨ-ㄍㄨㄞ-ㄌㄨˋ-ㄔㄡˇ
出于	出於	ㄔㄨ-ㄩˊ
出云	出雲	ㄔㄨ-ㄩㄣˊ
出价	出價	ㄔㄨ-ㄐㄧㄚˋ
出厂	出廠	ㄔㄨ-ㄏㄢˇ
出奇制胜	出奇制勝	ㄔㄨ-ㄑㄧˊ-ㄓˋ-ㄒㄧㄥ
出柜	出櫃	ㄔㄨ-ㄍㄨㄟˋ
出游	出遊	ㄔㄨ-ㄧㄡˊ
出范	出範	ㄔㄨ-ㄈㄢˋ
刀俎余生	刀俎餘生	ㄉㄠ-ㄗㄨˇ-ㄩˊ-ㄕㄥ
刀耕火种	刀耕火種	ㄉㄠ-ㄍㄥ-ㄏㄨㄛˇ-ㄔㄨㄥˊ
分划	分劃	ㄈㄣ-ㄏㄨㄚˊ
分厘	分釐	ㄈㄣ-ㄌㄧˊ
分尸	分屍	ㄈㄣ-ㄕ
分极	分極	ㄈㄣ-ㄐㄧˊ
划价	劃價	ㄏㄨㄚˊ-ㄐㄧㄚˋ
划分	劃分	ㄏㄨㄚˊ-ㄈㄣ
划定	劃定	ㄏㄨㄚˊ-ㄉㄧㄥˋ
划框框	劃框框	ㄏㄨㄚˊ-ㄎㄨㄤ-ㄎㄨㄤ
划款	劃款	ㄏㄨㄚˊ-ㄎㄨㄢˇ
划清	劃清	ㄏㄨㄚˊ-ㄑㄧㄥ
划然	劃然	ㄏㄨㄚˊ-ㄖㄢˊ
划界	劃界	ㄏㄨㄚˊ-ㄐㄧㄝˋ
划痕	劃痕	ㄏㄨㄚˊ-ㄏㄣˊ
划鼠	劃鼠	ㄏㄨㄚˊ-ㄕㄨˇ
初几	初幾	ㄔㄨ-ㄐㄧ
初叶	初葉	ㄔㄨ-ㄒㄧㄝˊ
初愿	初願	ㄔㄨ-ㄩㄢˋ
初确	初確	ㄔㄨ-ㄑㄩㄝˋ
判准	判準	ㄆㄢˋ-ㄓㄨㄣˇ
判若云泥	判若雲泥	ㄆㄢˋ-ㄖㄨㄛˋ-ㄩㄣˊ-ㄋㄧˊ
利丰港	利豐港	ㄌㄧˋ-ㄈㄥ-ㄍㄤˇ
利于	利於	ㄌㄧˋ-ㄩˊ
利欲熏心	利慾薰心	ㄌㄧˋ-ㄩˋ-ㄒㄩㄣ-ㄒㄧㄣ
利洒	利灑	ㄌㄧˋ-ㄙㄚˇ
刮民党	刮民黨	ㄍㄨㄚ-ㄇㄧㄣˊ-ㄉㄤˇ
刮虱子	刮蝨子	ㄍㄨㄚ-ㄕ-ㄗ˙
到此一游	到此一遊	ㄉㄠˋ-ㄘˇ-ㄧ-ㄧㄡˊ
制片厂	製片廠	ㄓˋ-ㄆㄧㄢˋ-ㄏㄢˇ
制胜	制勝	ㄓˋ-ㄒㄧㄥ
制造厂	製造廠	ㄓˋ-ㄗㄠˋ-ㄏㄢˇ
刺斜里	刺斜裡	ㄘˋ-ㄒㄧㄝˊ-ㄌㄧˇ
刺毛仔虫	刺毛仔蟲	ㄘˋ-ㄇㄠˊ-ㄗˇ-ㄏㄨㄟˇ
刺毛狗虫	刺毛狗蟲	ㄘˋ-ㄇㄠˊ-ㄍㄡˇ-ㄏㄨㄟˇ
刺毛虫	刺毛蟲	ㄘˋ-ㄇㄠˊ-ㄏㄨㄟˇ
刺痒	刺癢	ㄘˋ-ㄧㄤˇ
刺角仔虫	刺角仔蟲	ㄘˋ-ㄐㄧㄠˇ-ㄗˇ-ㄏㄨㄟˇ
刻划	刻劃	ㄎㄜ-ㄏㄨㄚˊ
削价	削價	ㄒㄧㄠ-ㄐㄧㄚˋ
削足适履	削足適履	ㄒㄧㄠ-ㄗㄨˊ-ㄍㄨㄚ-ㄌㄩˇ
前倨后恭	前倨後恭	ㄑㄧㄢˊ-ㄐㄩˋ-ㄏㄡˋ-ㄍㄨㄥ
前几天	前幾天	ㄑㄧㄢˊ-ㄐㄧ-ㄊㄧㄢ
前半叶	前半葉	ㄑㄧㄢˊ-ㄅㄢˋ-ㄒㄧㄝˊ
前叶	前葉	ㄑㄧㄢˊ-ㄒㄧㄝˊ
前后	前後	ㄑㄧㄢˊ-ㄏㄡˋ
前后不一	前後不一	ㄑㄧㄢˊ-ㄏㄡˋ-ㄅㄨˋ-ㄧ
前后左右	前後左右	ㄑㄧㄢˊ-ㄏㄡˋ-ㄗㄨㄛˇ-ㄧㄡˋ
前后文	前後文	ㄑㄧㄢˊ-ㄏㄡˋ-ㄨㄣˊ
前后矛盾	前後矛盾	ㄑㄧㄢˊ-ㄏㄡˋ-ㄇㄠˊ-ㄉㄨㄣˋ
前因后果	前因後果	ㄑㄧㄢˊ-ㄧㄣ-ㄏㄡˋ-ㄍㄨㄛˇ
前文后理	前文後理	ㄑㄧㄢˊ-ㄨㄣˊ-ㄏㄡˋ-ㄌㄧˇ
前程万里	前程萬里	ㄑㄧㄢˊ-ㄔㄥˊ-ㄇㄛˋ-ㄌㄧˇ
剖尸	剖屍	ㄆㄛˇ-ㄕ
剩余	剩餘	ㄕㄥˋ-ㄩˊ
剩余价值	剩餘價值	ㄕㄥˋ-ㄩˊ-ㄐㄧㄚˋ-ㄓˊ
剪虫	剪蟲	ㄐㄧㄢˇ-ㄏㄨㄟˇ
副叶	副葉	ㄈㄨˋ-ㄒㄧㄝˊ
副性征	副性徵	ㄈㄨˋ-ㄒㄧㄥˋ-ㄓㄥ
割据	割據	ㄍㄜ-ㄐㄩˋ
割极	割極	ㄍㄜ-ㄐㄧˊ
劈价	劈價	ㄆㄧ-ㄐㄧㄚˋ
力荐	力薦	ㄌㄧˋ-ㄐㄧㄢˋ
加价	加價	ㄐㄧㄚ-ㄐㄧㄚˋ
加勒万河	加勒萬河	ㄐㄧㄚ-ㄌㄜˋ-ㄇㄛˋ-ㄏㄜˊ
加工厂	加工廠	ㄐㄧㄚ-ㄍㄨㄥ-ㄏㄢˇ
加杠	加槓	ㄐㄧㄚ-ㄍㄤ
加枝添叶	加枝添葉	ㄐㄧㄚ-ㄓ-ㄊㄧㄢ-ㄒㄧㄝˊ
加腊	加臘	ㄐㄧㄚ-ㄌㄚˋ
劣种	劣種	ㄌㄧㄝˋ-ㄔㄨㄥˊ
劫后余生	劫後餘生	ㄐㄧㄝˊ-ㄏㄡˋ-ㄩˊ-ㄕㄥ
勇于	勇於	ㄩㄥˇ-ㄩˊ
勐腊	勐臘	ㄇㄥˇ-ㄌㄚˋ
勒里	勒裡	ㄌㄜˋ-ㄌㄧˇ
勤于	勤於	ㄑㄧㄣˊ-ㄩˊ
勾划	勾劃	ㄍㄡ-ㄏㄨㄚˊ
勾心斗角	勾心鬥角	ㄍㄡ-ㄒㄧㄣ-ㄉㄡˇ-ㄐㄧㄠˇ
勿多几日	勿多幾日	ㄨˋ-ㄉㄨㄛ-ㄐㄧ-ㄖˋ
包干	包乾	ㄅㄠ-ㄍㄢ
包干制	包乾制	ㄅㄠ-ㄍㄢ-ㄓˋ
包种	包種	ㄅㄠ-ㄔㄨㄥˊ
包种茶	包種茶	ㄅㄠ-ㄔㄨㄥˊ-ㄔㄚˊ
化合价	化合價	ㄏㄨㄚˋ-ㄏㄜˊ-ㄐㄧㄚˋ
化工厂	化工廠	ㄏㄨㄚˋ-ㄍㄨㄥ-ㄏㄢˇ
北上广	北上廣	ㄅㄟˇ-ㄕㄤˋ-ㄧㄢˇ
北上广深	北上廣深	ㄅㄟˇ-ㄕㄤˋ-ㄧㄢˇ-ㄕㄣ
北丰	北豐	ㄅㄟˇ-ㄈㄥ
北岳	北嶽	ㄅㄟˇ-ㄩㄝˋ
北极	北極	ㄅㄟˇ-ㄐㄧˊ
北极光	北極光	ㄅㄟˇ-ㄐㄧˊ-ㄍㄨㄤ
北极圈	北極圈	ㄅㄟˇ-ㄐㄧˊ-ㄑㄩㄢ
北极星	北極星	ㄅㄟˇ-ㄐㄧˊ-ㄒㄧㄥ
北极海	北極海	ㄅㄟˇ-ㄐㄧˊ-ㄏㄞˇ
北极熊	北極熊	ㄅㄟˇ-ㄐㄧˊ-ㄒㄩㄥˊ
北极狐	北極狐	ㄅㄟˇ-ㄐㄧˊ-ㄏㄨˊ
匪党	匪黨	ㄈㄟˇ-ㄉㄤˇ
十万	十萬	ㄕˊ-ㄇㄛˋ
十万万	十萬萬	ㄕˊ-ㄇㄛˋ-ㄇㄛˋ
十万大山	十萬大山	ㄕˊ-ㄇㄛˋ-ㄉㄚˋ-ㄕㄢ
十万火急	十萬火急	ㄕˊ-ㄇㄛˋ-ㄏㄨㄛˇ-ㄐㄧˊ
十二万分	十二萬分	ㄕˊ-ㄦˋ-ㄇㄛˋ-ㄈㄣ
十二虫	十二蟲	ㄕˊ-ㄦˋ-ㄏㄨㄟˇ
十冬腊月	十冬臘月	ㄕˊ-ㄉㄨㄥ-ㄌㄚˋ-ㄩㄝˋ
十几	十幾	ㄕˊ-ㄐㄧ
十月党	十月黨	ㄕˊ-ㄩㄝˋ-ㄉㄤˇ
十种	十種	ㄕˊ-ㄔㄨㄥˊ
十胜石	十勝石	ㄕˊ-ㄒㄧㄥ-ㄕˊ
千万	千萬	ㄑㄧㄢ-ㄇㄛˋ
千万富翁	千萬富翁	ㄑㄧㄢ-ㄇㄛˋ-ㄈㄨˋ-ㄨㄥ
千万富豪	千萬富豪	ㄑㄧㄢ-ㄇㄛˋ-ㄈㄨˋ-ㄏㄠˊ
千千万万	千千萬萬	ㄑㄧㄢ-ㄑㄧㄢ-ㄇㄛˋ-ㄇㄛˋ
千叶	千葉	ㄑㄧㄢ-ㄒㄧㄝˊ
千山万水	千山萬水	ㄑㄧㄢ-ㄕㄢ-ㄇㄛˋ-ㄕㄨㄟˇ
千年虫	千年蟲	ㄑㄧㄢ-ㄋㄧㄢˊ-ㄏㄨㄟˇ
千百万	千百萬	ㄑㄧㄢ-ㄅㄞˇ-ㄇㄛˋ
千真万确	千真萬確	ㄑㄧㄢ-ㄓㄣ-ㄇㄛˋ-ㄑㄩㄝˋ
千秋万世	千秋萬世	ㄑㄧㄢ-ㄑㄧㄡ-ㄇㄛˋ-ㄕˋ
千秋万代	千秋萬代	ㄑㄧㄢ-ㄑㄧㄡ-ㄇㄛˋ-ㄉㄞˋ
千秋万古	千秋萬古	ㄑㄧㄢ-ㄑㄧㄡ-ㄇㄛˋ-ㄍㄨˇ
千足虫	千足蟲	ㄑㄧㄢ-ㄗㄨˊ-ㄏㄨㄟˇ
千辛万苦	千辛萬苦	ㄑㄧㄢ-ㄒㄧㄣ-ㄇㄛˋ-ㄎㄨˇ
午后	午後	ㄨˇ-ㄏㄡˋ
半价	半價	ㄅㄢˋ-ㄐㄧㄚˋ
半余矢	半餘矢	ㄅㄢˋ-ㄩˊ-ㄕˇ
半咸淡	半鹹淡	ㄅㄢˋ-ㄒㄧㄢˊ-ㄉㄢˋ
半咸淡仔	半鹹淡仔	ㄅㄢˋ-ㄒㄧㄢˊ-ㄉㄢˋ-ㄗˇ
半夜里	半夜裡	ㄅㄢˋ-ㄧㄝˋ-ㄌㄧˇ
南丰	南豐	ㄋㄢˊ-ㄈㄥ
南云	南雲	ㄋㄢˊ-ㄩㄣˊ
南京虫	南京蟲	ㄋㄢˊ-ㄐㄧㄥ-ㄏㄨㄟˇ
南岳	南嶽	ㄋㄢˊ-ㄩㄝˋ
南极	南極	ㄋㄢˊ-ㄐㄧˊ
南极光	南極光	ㄋㄢˊ-ㄐㄧˊ-ㄍㄨㄤ
南极圈	南極圈	ㄋㄢˊ-ㄐㄧˊ-ㄑㄩㄢ
南极座	南極座	ㄋㄢˊ-ㄐㄧˊ-ㄗㄨㄛˋ
南极洲	南極洲	ㄋㄢˊ-ㄐㄧˊ-ㄓㄡ
南极海	南極海	ㄋㄢˊ-ㄐㄧˊ-ㄏㄞˇ
南湖山庄	南湖山莊	ㄋㄢˊ-ㄏㄨˊ-ㄕㄢ-ㄓㄨㄤ
博后	博後	ㄅㄛˊ-ㄏㄡˋ
博士后	博士後	ㄅㄛˊ-ㄕˋ-ㄏㄡˋ
占中	佔中	ㄓㄢˋ-ㄓㄨㄥ
占位	佔位	ㄓㄢˋ-ㄨㄟˋ
占位符	佔位符	ㄓㄢˋ-ㄨㄟˋ-ㄈㄨˊ
占住	佔住	ㄓㄢˋ-ㄓㄨˋ
占先	佔先	ㄓㄢˋ-ㄒㄧㄢ
占守	佔守	ㄓㄢˋ-ㄕㄡˇ
占据	佔據	ㄓㄢˋ-ㄐㄩˋ
占有制	佔有制	ㄓㄢˋ-ㄧㄡˇ-ㄓˋ
占有期	佔有期	ㄓㄢˋ-ㄧㄡˇ-ㄑㄧˊ
占有物	佔有物	ㄓㄢˋ-ㄧㄡˇ-ㄨˋ
占有者	佔有者	ㄓㄢˋ-ㄧㄡˇ-ㄓㄜˇ
占田	佔田	ㄓㄢˋ-ㄊㄧㄢˊ
占踞	佔踞	ㄓㄢˋ-ㄐㄩˋ
卡洛斯党	卡洛斯黨	ㄎㄚˇ-ㄌㄨㄛˋ-ㄙ-ㄉㄤˇ
印人党	印人黨	ㄧㄣˋ-ㄖㄣˊ-ㄉㄤˇ
印佣	印傭	ㄧㄣˋ-ㄩㄥˋ
印刷厂	印刷廠	ㄧㄣˋ-ㄕㄨㄚ-ㄏㄢˇ
危害种族	危害種族	ㄨㄟˊ-ㄏㄞˋ-ㄔㄨㄥˊ-ㄗㄨˊ
卷云	捲雲	ㄐㄩㄢˇ-ㄩㄣˊ
卷叶	卷葉	ㄐㄩㄢˇ-ㄒㄧㄝˊ
卷叶虫	卷葉蟲	ㄐㄩㄢˇ-ㄒㄧㄝˊ-ㄏㄨㄟˇ
卷叶蛾	卷葉蛾	ㄐㄩㄢˇ-ㄒㄧㄝˊ-ㄜˊ
卿云	卿雲	ㄑㄧㄥ-ㄩㄣˊ
厂价	廠價	ㄏㄢˇ-ㄐㄧㄚˋ
厂休	廠休	ㄏㄢˇ-ㄒㄧㄡ
厂佬	廠佬	ㄏㄢˇ-ㄌㄠˇ
厂厂	廠廠	ㄏㄢˇ-ㄏㄢˇ
厂商	廠商	ㄏㄢˇ-ㄕㄤ
厂址	廠址	ㄏㄢˇ-ㄓˇ
厂妹	廠妹	ㄏㄢˇ-ㄇㄟˋ
厂子	廠子	ㄏㄢˇ-ㄗˇ
厂字旁	廠字旁	ㄏㄢˇ-ㄗˋ-ㄆㄤˊ
厂家	廠家	ㄏㄢˇ-ㄐㄧㄚ
厂房	廠房	ㄏㄢˇ-ㄈㄤˊ
厂爿	廠爿	ㄏㄢˇ-ㄅㄢˋ
厂牌	廠牌	ㄏㄢˇ-ㄆㄞˊ
厂籍	廠籍	ㄏㄢˇ-ㄐㄧˊ
厘仔甲	釐仔甲	ㄌㄧˊ-ㄗˇ-ㄐㄧㄚˇ
厘克	釐克	ㄌㄧˊ-ㄎㄜˋ
厘升	釐升	ㄌㄧˊ-ㄕㄥ
厘厘仔	釐釐仔	ㄌㄧˊ-ㄌㄧˊ-ㄗˇ
厘定	釐定	ㄌㄧˊ-ㄉㄧㄥˋ
厘戥	釐戥	ㄌㄧˊ-ㄉㄥˇ
厘正	釐正	ㄌㄧˊ-ㄓㄥˋ
厘清	釐清	ㄌㄧˊ-ㄑㄧㄥ
厘秒	釐秒	ㄌㄧˊ-ㄇㄧㄠˇ
厘秤	釐秤	ㄌㄧˊ-ㄔㄥˋ
厘米波	釐米波	ㄌㄧˊ-ㄇㄧˇ-ㄆㄛ
厘革	釐革	ㄌㄧˊ-ㄍㄜˊ
厝后	厝後	ㄘㄨㄛˋ-ㄏㄡˋ
厝里	厝裡	ㄘㄨㄛˋ-ㄌㄧˇ
原价	原價	ㄩㄢˊ-ㄐㄧㄚˋ
原子价	原子價	ㄩㄢˊ-ㄗˇ-ㄐㄧㄚˋ
原本榻里	原本榻裡	ㄩㄢˊ-ㄅㄣˇ-ㄊㄚˋ-ㄌㄧˇ
原种	原種	ㄩㄢˊ-ㄔㄨㄥˊ
原虫	原蟲	ㄩㄢˊ-ㄏㄨㄟˇ
厥后	厥後	ㄐㄩㄝˊ-ㄏㄡˋ
去后	去後	ㄑㄩˋ-ㄏㄡˋ
去杠杆	去槓桿	ㄑㄩˋ-ㄍㄤ-ㄍㄢ
去杠杆化	去槓桿化	ㄑㄩˋ-ㄍㄤ-ㄍㄢ-ㄏㄨㄚˋ
去极化	去極化	ㄑㄩˋ-ㄐㄧˊ-ㄏㄨㄚˋ
去极端化	去極端化	ㄑㄩˋ-ㄐㄧˊ-ㄉㄨㄢ-ㄏㄨㄚˋ
友情价	友情價	ㄧㄡˇ-ㄑㄧㄥˊ-ㄐㄧㄚˋ
反余切	反餘切	ㄈㄢˇ-ㄩˊ-ㄑㄧㄝ
反余割	反餘割	ㄈㄢˇ-ㄩˊ-ㄍㄜ
反余弦	反餘弦	ㄈㄢˇ-ㄩˊ-ㄒㄧㄢˊ
反党	反黨	ㄈㄢˇ-ㄉㄤˇ
反斜杠	反斜槓	ㄈㄢˇ-ㄒㄧㄝˊ-ㄍㄤ
反种	反種	ㄈㄢˇ-ㄔㄨㄥˊ
反胜	反勝	ㄈㄢˇ-ㄒㄧㄥ
取信于民	取信於民	ㄑㄩˇ-ㄒㄧㄣˋ-ㄩˊ-ㄇㄧㄣˊ
取胜	取勝	ㄑㄩˇ-ㄒㄧㄥ
叛党	叛黨	ㄆㄢˋ-ㄉㄤˇ
口干	口乾	ㄎㄡˇ-ㄍㄢ
口干舌燥	口乾舌燥	ㄎㄡˇ-ㄍㄢ-ㄕㄜˊ-ㄗㄠˋ
口里	口裡	ㄎㄡˇ-ㄌㄧˇ
古希腊	古希臘	ㄍㄨˇ-ㄒㄧ-ㄌㄚˋ
古建筑	古建築	ㄍㄨˇ-ㄐㄧㄢˋ-ㄓㄨˊ
古朴	古樸	ㄍㄨˇ-ㄆㄨˊ
古虫	古蟲	ㄍㄨˇ-ㄏㄨㄟˇ
只里	只裡	ㄓˇ-ㄌㄧˇ
叫价	叫價	ㄐㄧㄠˋ-ㄐㄧㄚˋ
可价	可價	ㄎㄜˇ-ㄐㄧㄚˋ
可雇佣性	可僱傭性	ㄎㄜˇ-ㄍㄨˋ-ㄩㄥˋ-ㄒㄧㄥˋ
台凳	檯凳	ㄊㄞˊ-ㄉㄥˋ
台前幕后	台前幕後	ㄊㄞˊ-ㄑㄧㄢˊ-ㄇㄨˋ-ㄏㄡˋ
台干	台幹	ㄊㄞˊ-ㄍㄢ
台球	檯球	ㄊㄞˊ-ㄑㄧㄡˊ
台球拍	檯球拍	ㄊㄞˊ-ㄑㄧㄡˊ-ㄆㄞ
台球桌	檯球桌	ㄊㄞˊ-ㄑㄧㄡˊ-ㄓㄨㄛ
台秤	檯秤	ㄊㄞˊ-ㄔㄥˋ
台面	檯面	ㄊㄞˊ-ㄇㄧㄢˋ
台面呢	檯面呢	ㄊㄞˊ-ㄇㄧㄢˋ-ㄋㄜ
叶一忠	葉一忠	ㄒㄧㄝˊ-ㄧ-ㄓㄨㄥ
叶三多	葉三多	ㄒㄧㄝˊ-ㄙㄢ-ㄉㄨㄛ
叶上林	葉上林	ㄒㄧㄝˊ-ㄕㄤˋ-ㄌㄧㄣˊ
叶下桃	葉下桃	ㄒㄧㄝˊ-ㄒㄧㄚˋ-ㄊㄠˊ
叶下珠	葉下珠	ㄒㄧㄝˊ-ㄒㄧㄚˋ-ㄓㄨ
叶亦克	葉亦克	ㄒㄧㄝˊ-ㄧˋ-ㄎㄜˋ
叶仁昌	葉仁昌	ㄒㄧㄝˊ-ㄖㄣˊ-ㄔㄤ
叶仔	葉仔	ㄒㄧㄝˊ-ㄗˇ
叶克勒	葉克勒	ㄒㄧㄝˊ-ㄎㄜˋ-ㄌㄜˋ
叶克膜	葉克膜	ㄒㄧㄝˊ-ㄎㄜˋ-ㄇㄛˊ
叶初春	葉初春	ㄒㄧㄝˊ-ㄔㄨ-ㄔㄨㄣ
叶化成	葉化成	ㄒㄧㄝˊ-ㄏㄨㄚˋ-ㄔㄥˊ
叶周道	葉周道	ㄒㄧㄝˊ-ㄓㄡ-ㄉㄠˋ
叶哈雅	葉哈雅	ㄒㄧㄝˊ-ㄏㄚ-ㄧㄚˇ
叶城	葉城	ㄒㄧㄝˊ-ㄔㄥˊ
叶大受	葉大受	ㄒㄧㄝˊ-ㄉㄚˋ-ㄕㄡˋ
叶大同	葉大同	ㄒㄧㄝˊ-ㄉㄚˋ-ㄊㄨㄥˊ
叶大有	葉大有	ㄒㄧㄝˊ-ㄉㄚˋ-ㄧㄡˇ
叶天球	葉天球	ㄒㄧㄝˊ-ㄊㄧㄢ-ㄑㄧㄡˊ
叶太白	葉太白	ㄒㄧㄝˊ-ㄊㄞˋ-ㄅㄞˊ
叶夫根尼	葉夫根尼	ㄒㄧㄝˊ-ㄈㄨ-ㄍㄣ-ㄋㄧˊ
叶子	葉子	ㄒㄧㄝˊ-ㄗˇ
叶家光	葉家光	ㄒㄧㄝˊ-ㄐㄧㄚ-ㄍㄨㄤ
叶家宅	葉家宅	ㄒㄧㄝˊ-ㄐㄧㄚ-ㄓㄞˊ
叶尚志	葉尚志	ㄒㄧㄝˊ-ㄕㄤˋ-ㄓˋ
叶尼塞河	葉尼塞河	ㄒㄧㄝˊ-ㄋㄧˊ-ㄙㄞ-ㄏㄜˊ
叶山南	葉山南	ㄒㄧㄝˊ-ㄕㄢ-ㄋㄢˊ
叶常春	葉常春	ㄒㄧㄝˊ-ㄔㄤˊ-ㄔㄨㄣ
叶志成	葉志成	ㄒㄧㄝˊ-ㄓˋ-ㄔㄥˊ
叶惠美	葉惠美	ㄒㄧㄝˊ-ㄏㄨㄟˋ-ㄇㄟˇ
叶慈	葉慈	ㄒㄧㄝˊ-ㄘˊ
叶敬之	葉敬之	ㄒㄧㄝˊ-ㄐㄧㄥˋ-ㄓ
叶文定	葉文定	ㄒㄧㄝˊ-ㄨㄣˊ-ㄉㄧㄥˋ
叶文明	葉文明	ㄒㄧㄝˊ-ㄨㄣˊ-ㄇㄧㄥˊ
叶星期	葉星期	ㄒㄧㄝˊ-ㄒㄧㄥ-ㄑㄧˊ
叶星洲	葉星洲	ㄒㄧㄝˊ-ㄒㄧㄥ-ㄓㄡ
叶柄	葉柄	ㄒㄧㄝˊ-ㄅㄧㄥˇ
叶清福	葉清福	ㄒㄧㄝˊ-ㄑㄧㄥ-ㄈㄨˊ
叶瀛洲	葉瀛洲	ㄒㄧㄝˊ-ㄧㄥˊ-ㄓㄡ
叶片	葉片	ㄒㄧㄝˊ-ㄆㄧㄢˋ
叶甜菜	葉甜菜	ㄒㄧㄝˊ-ㄊㄧㄢˊ-ㄘㄞˋ
叶盛	葉盛	ㄒㄧㄝˊ-ㄕㄥˋ
叶祥麟	葉祥麟	ㄒㄧㄝˊ-ㄒㄧㄤˊ-ㄌㄧㄣˊ
叶立德	葉立德	ㄒㄧㄝˊ-ㄌㄧˋ-ㄉㄜˊ
叶翠微	葉翠微	ㄒㄧㄝˊ-ㄘㄨㄟˋ-ㄨㄟˊ
叶肉	葉肉	ㄒㄧㄝˊ-ㄖㄡˋ
叶至善	葉至善	ㄒㄧㄝˊ-ㄓˋ-ㄕㄢˋ
叶良辰	葉良辰	ㄒㄧㄝˊ-ㄌㄧㄤˊ-ㄔㄣˊ
叶芝	葉芝	ㄒㄧㄝˊ-ㄓ
叶芽	葉芽	ㄒㄧㄝˊ-ㄧㄚˊ
叶若夫	葉若夫	ㄒㄧㄝˊ-ㄖㄨㄛˋ-ㄈㄨ
叶菜	葉菜	ㄒㄧㄝˊ-ㄘㄞˋ
叶蜂	葉蜂	ㄒㄧㄝˊ-ㄈㄥ
叶赫那拉	葉赫那拉	ㄒㄧㄝˊ-ㄏㄜˋ-ㄋㄚˋ-ㄌㄚ
叶酸	葉酸	ㄒㄧㄝˊ-ㄙㄨㄢ
叶金	葉金	ㄒㄧㄝˊ-ㄐㄧㄣ
叶集	葉集	ㄒㄧㄝˊ-ㄐㄧˊ
叶非比	葉非比	ㄒㄧㄝˊ-ㄈㄟ-ㄅㄧˇ
叶面	葉面	ㄒㄧㄝˊ-ㄇㄧㄢˋ
叶面肥	葉面肥	ㄒㄧㄝˊ-ㄇㄧㄢˋ-ㄈㄟˊ
叶鞘	葉鞘	ㄒㄧㄝˊ-ㄑㄧㄠˋ
叶麻子	葉麻子	ㄒㄧㄝˊ-ㄇㄚˊ-ㄗ˙
吁求	籲求	ㄒㄩ-ㄑㄧㄡˊ
吃不准	吃不準	ㄔ-ㄅㄨˋ-ㄓㄨㄣˇ
吃准	吃準	ㄔ-ㄓㄨㄣˇ
吃挂落	吃掛落	ㄔ-ㄍㄨㄚˋ-ㄌㄨㄛˋ
吃挂面	吃掛麵	ㄔ-ㄍㄨㄚˋ-ㄇㄧㄢˋ
吃水綫	吃水線	ㄔ-ㄕㄨㄟˇ-ㄒㄧㄢˋ
吃猴虫	吃猴蟲	ㄔ-ㄏㄡˊ-ㄏㄨㄟˇ
吃里扒外	吃裡扒外	ㄔ-ㄌㄧˇ-ㄆㄚˊ-ㄨㄞˋ
吃里爬外	吃裡爬外	ㄔ-ㄌㄧˇ-ㄆㄚˊ-ㄨㄞˋ
各种	各種	ㄍㄜˋ-ㄔㄨㄥˊ
各适其适	各適其適	ㄍㄜˋ-ㄍㄨㄚ-ㄑㄧˊ-ㄍㄨㄚ
合万	合萬	ㄏㄜˊ-ㄇㄛˋ
合万柜	合萬櫃	ㄏㄜˊ-ㄇㄛˋ-ㄍㄨㄟˋ
合丰沙	合豐沙	ㄏㄜˊ-ㄈㄥ-ㄕㄚ
合于	合於	ㄏㄜˊ-ㄩˊ
合叶	合葉	ㄏㄜˊ-ㄒㄧㄝˊ
合后	合後	ㄏㄜˊ-ㄏㄡˋ
合范	合範	ㄏㄜˊ-ㄈㄢˋ
合适	合適	ㄏㄜˊ-ㄍㄨㄚ
吊挂	吊掛	ㄉㄧㄠˋ-ㄍㄨㄚˋ
吊柜仔	吊櫃仔	ㄉㄧㄠˋ-ㄍㄨㄟˋ-ㄗˇ
同余	同餘	ㄊㄨㄥˊ-ㄩˊ
同党	同黨	ㄊㄨㄥˊ-ㄉㄤˇ
同文同种	同文同種	ㄊㄨㄥˊ-ㄨㄣˊ-ㄊㄨㄥˊ-ㄔㄨㄥˊ
同种	同種	ㄊㄨㄥˊ-ㄔㄨㄥˊ
名胜	名勝	ㄇㄧㄥˊ-ㄒㄧㄥ
后世	後世	ㄏㄡˋ-ㄕˋ
后世人	後世人	ㄏㄡˋ-ㄕˋ-ㄖㄣˊ
后主	後主	ㄏㄡˋ-ㄓㄨˇ
后事	後事	ㄏㄡˋ-ㄕˋ
后人	後人	ㄏㄡˋ-ㄖㄣˊ
后仔	後仔	ㄏㄡˋ-ㄗˇ
后代	後代	ㄏㄡˋ-ㄉㄞˋ
后仰	後仰	ㄏㄡˋ-ㄧㄤˇ
后任	後任	ㄏㄡˋ-ㄖㄣˋ
后伯	後伯	ㄏㄡˋ-ㄅㄛˊ
后位	後位	ㄏㄡˋ-ㄨㄟˋ
后便	後便	ㄏㄡˋ-ㄅㄧㄢˋ
后元音	後母音	ㄏㄡˋ-ㄩㄢˊ-ㄧㄣ
后先	後先	ㄏㄡˋ-ㄒㄧㄢ
后冬	後冬	ㄏㄡˋ-ㄉㄨㄥ
后出世	後出世	ㄏㄡˋ-ㄔㄨ-ㄕˋ
后勤	後勤	ㄏㄡˋ-ㄑㄧㄣˊ
后半	後半	ㄏㄡˋ-ㄅㄢˋ
后半叶	後半葉	ㄏㄡˋ-ㄅㄢˋ-ㄒㄧㄝˊ
后半夜	後半夜	ㄏㄡˋ-ㄅㄢˋ-ㄧㄝˋ
后半天	後半天	ㄏㄡˋ-ㄅㄢˋ-ㄊㄧㄢ
后半年	後半年	ㄏㄡˋ-ㄅㄢˋ-ㄋㄧㄢˊ
后半日	後半日	ㄏㄡˋ-ㄅㄢˋ-ㄖˋ
后半晌	後半晌	ㄏㄡˋ-ㄅㄢˋ-ㄕㄤˇ
后半暝	後半暝	ㄏㄡˋ-ㄅㄢˋ-ㄇㄧㄥˊ
后半生	後半生	ㄏㄡˋ-ㄅㄢˋ-ㄕㄥ
后印象派	後印象派	ㄏㄡˋ-ㄧㄣˋ-ㄒㄧㄤˋ-ㄆㄞˋ
后厝	後厝	ㄏㄡˋ-ㄘㄨㄛˋ
后叔	後叔	ㄏㄡˋ-ㄕㄨˊ
后台	後台	ㄏㄡˋ-ㄊㄞˊ
后台老板	後台老闆	ㄏㄡˋ-ㄊㄞˊ-ㄌㄠˇ-ㄅㄢˇ
后史	後史	ㄏㄡˋ-ㄕˇ
后叶	後葉	ㄏㄡˋ-ㄒㄧㄝˊ
后后年	後後年	ㄏㄡˋ-ㄏㄡˋ-ㄋㄧㄢˊ
后后日	後後日	ㄏㄡˋ-ㄏㄡˋ-ㄖˋ
后向	後向	ㄏㄡˋ-ㄒㄧㄤˋ
后周	後周	ㄏㄡˋ-ㄓㄡ
后味	後味	ㄏㄡˋ-ㄨㄟˋ
后哀	後哀	ㄏㄡˋ-ㄞ
后唐	後唐	ㄏㄡˋ-ㄊㄤˊ
后嗣	後嗣	ㄏㄡˋ-ㄙˋ
后嚟	後嚟	ㄏㄡˋ-ㄌㄧˊ
后坐	後坐	ㄏㄡˋ-ㄗㄨㄛˋ
后坐力	後坐力	ㄏㄡˋ-ㄗㄨㄛˋ-ㄌㄧˋ
后堂	後堂	ㄏㄡˋ-ㄊㄤˊ
后增	後增	ㄏㄡˋ-ㄗㄥ
后壁	後壁	ㄏㄡˋ-ㄅㄧˋ
后壁尾	後壁尾	ㄏㄡˋ-ㄅㄧˋ-ㄨㄟˇ
后天	後天	ㄏㄡˋ-ㄊㄧㄢ
后天仔	後天仔	ㄏㄡˋ-ㄊㄧㄢ-ㄗˇ
后天子	後天子	ㄏㄡˋ-ㄊㄧㄢ-ㄗˇ
后奔蛋	後奔蛋	ㄏㄡˋ-ㄅㄣ-ㄉㄢˋ
后奶	後奶	ㄏㄡˋ-ㄋㄞˇ
后妻	後妻	ㄏㄡˋ-ㄑㄧ
后婆	後婆	ㄏㄡˋ-ㄆㄛˊ
后婚	後婚	ㄏㄡˋ-ㄏㄨㄣ
后婚婆姨	後婚婆姨	ㄏㄡˋ-ㄏㄨㄣ-ㄆㄛˊ-ㄧˊ
后嫁	後嫁	ㄏㄡˋ-ㄐㄧㄚˋ
后寮	後寮	ㄏㄡˋ-ㄌㄧㄠˊ
后尾	後尾	ㄏㄡˋ-ㄨㄟˇ
后尾仔	後尾仔	ㄏㄡˋ-ㄨㄟˇ-ㄗˇ
后尾指仔	後尾指仔	ㄏㄡˋ-ㄨㄟˇ-ㄓˇ-ㄗˇ
后尾枕	後尾枕	ㄏㄡˋ-ㄨㄟˇ-ㄓㄣˇ
后尾溜	後尾溜	ㄏㄡˋ-ㄨㄟˇ-ㄌㄧㄡ
后尾箱	後尾箱	ㄏㄡˋ-ㄨㄟˇ-ㄒㄧㄤ
后山	後山	ㄏㄡˋ-ㄕㄢ
后岫	後岫	ㄏㄡˋ-ㄒㄧㄡˋ
后工	後工	ㄏㄡˋ-ㄍㄨㄥ
后巷	後巷	ㄏㄡˋ-ㄒㄧㄤˋ
后年	後年	ㄏㄡˋ-ㄋㄧㄢˊ
后年子	後年子	ㄏㄡˋ-ㄋㄧㄢˊ-ㄗˇ
后年暝	後年暝	ㄏㄡˋ-ㄋㄧㄢˊ-ㄇㄧㄥˊ
后序	後序	ㄏㄡˋ-ㄒㄩˋ
后底	後底	ㄏㄡˋ-ㄉㄧˇ
后底婆	後底婆	ㄏㄡˋ-ㄉㄧˇ-ㄆㄛˊ
后座力	後座力	ㄏㄡˋ-ㄗㄨㄛˋ-ㄌㄧˋ
后庭	後庭	ㄏㄡˋ-ㄊㄧㄥˊ
后影	後影	ㄏㄡˋ-ㄧㄥˇ
后心	後心	ㄏㄡˋ-ㄒㄧㄣ
后怕	後怕	ㄏㄡˋ-ㄆㄚˋ
后悔	後悔	ㄏㄡˋ-ㄏㄨㄟˇ
后悔莫及	後悔莫及	ㄏㄡˋ-ㄏㄨㄟˇ-ㄇㄛˋ-ㄐㄧˊ
后患	後患	ㄏㄡˋ-ㄏㄨㄢˋ
后手	後手	ㄏㄡˋ-ㄕㄡˇ
后抱抱	後抱抱	ㄏㄡˋ-ㄅㄠˋ-ㄅㄠˋ
后排	後排	ㄏㄡˋ-ㄆㄞˊ
后援	後援	ㄏㄡˋ-ㄩㄢˊ
后改	後改	ㄏㄡˋ-ㄍㄞˇ
后放	後放	ㄏㄡˋ-ㄈㄤˇ
后效	後效	ㄏㄡˋ-ㄒㄧㄠˋ
后方	後方	ㄏㄡˋ-ㄈㄤ
后日	後日	ㄏㄡˋ-ㄖˋ
后日天	後日天	ㄏㄡˋ-ㄖˋ-ㄊㄧㄢ
后日子	後日子	ㄏㄡˋ-ㄖˋ-ㄗ˙
后日工	後日工	ㄏㄡˋ-ㄖˋ-ㄍㄨㄥ
后晌	後晌	ㄏㄡˋ-ㄕㄤˇ
后景	後景	ㄏㄡˋ-ㄐㄧㄥˇ
后月日	後月日	ㄏㄡˋ-ㄩㄝˋ-ㄖˋ
后朋克	後朋克	ㄏㄡˋ-ㄆㄥˊ-ㄎㄜˋ
后朝	後朝	ㄏㄡˋ-ㄔㄠˊ
后期	後期	ㄏㄡˋ-ㄑㄧˊ
后枕	後枕	ㄏㄡˋ-ㄓㄣˇ
后果	後果	ㄏㄡˋ-ㄍㄨㄛˇ
后果前因	後果前因	ㄏㄡˋ-ㄍㄨㄛˇ-ㄑㄧㄢˊ-ㄧㄣ
后某	後某	ㄏㄡˋ-ㄇㄡˇ
后柴耙	後柴耙	ㄏㄡˋ-ㄔㄞˊ-ㄆㄚˊ
后核	後核	ㄏㄡˋ-ㄏㄜˊ
后梁	後梁	ㄏㄡˋ-ㄌㄧㄤˊ
后梳	後梳	ㄏㄡˋ-ㄕㄨ
后楯	後楯	ㄏㄡˋ-ㄕㄨㄣˇ
后槽牙	後槽牙	ㄏㄡˋ-ㄘㄠˊ-ㄧㄚˊ
后檐	後簷	ㄏㄡˋ-ㄧㄢˊ
后步	後步	ㄏㄡˋ-ㄅㄨˋ
后母	後母	ㄏㄡˋ-ㄇㄨˇ
后江	後江	ㄏㄡˋ-ㄐㄧㄤ
后波	後波	ㄏㄡˋ-ㄆㄛ
后浪	後浪	ㄏㄡˋ-ㄌㄤˋ
后海	後海	ㄏㄡˋ-ㄏㄞˇ
后港	後港	ㄏㄡˋ-ㄍㄤˇ
后燃器	後燃器	ㄏㄡˋ-ㄖㄢˊ-ㄑㄧˋ
后燕	後燕	ㄏㄡˋ-ㄧㄢˋ
后父	後父	ㄏㄡˋ-ㄈㄨˋ
后爸	後爸	ㄏㄡˋ-ㄅㄚˋ
后爸爸	後爸爸	ㄏㄡˋ-ㄅㄚˋ-ㄅㄚˋ
后爹	後爹	ㄏㄡˋ-ㄉㄧㄝ
后爿	後爿	ㄏㄡˋ-ㄅㄢˋ
后牙	後牙	ㄏㄡˋ-ㄧㄚˊ
后生	後生	ㄏㄡˋ-ㄕㄥ
后生人	後生人	ㄏㄡˋ-ㄕㄥ-ㄖㄣˊ
后生仔	後生仔	ㄏㄡˋ-ㄕㄥ-ㄗˇ
后生可畏	後生可畏	ㄏㄡˋ-ㄕㄥ-ㄎㄜˇ-ㄨㄟˋ
后生哥	後生哥	ㄏㄡˋ-ㄕㄥ-ㄍㄜ
后生囝	後生囝	ㄏㄡˋ-ㄕㄥ-ㄋㄢ
后生女	後生女	ㄏㄡˋ-ㄕㄥ-ㄋㄩˇ
后生家	後生家	ㄏㄡˋ-ㄕㄥ-ㄐㄧㄚ
后甲板	後甲板	ㄏㄡˋ-ㄐㄧㄚˇ-ㄅㄢˇ
后疙瘩	後疙瘩	ㄏㄡˋ-ㄍㄜ-ㄉㄚ
后的	後的	ㄏㄡˋ-ㄉㄜ˙
后盾	後盾	ㄏㄡˋ-ㄉㄨㄣˋ
后真相	後真相	ㄏㄡˋ-ㄓㄣ-ㄒㄧㄤˋ
后硬核	後硬核	ㄏㄡˋ-ㄧㄥˋ-ㄏㄜˊ
后碗	後碗	ㄏㄡˋ-ㄨㄢˇ
后福	後福	ㄏㄡˋ-ㄈㄨˊ
后秦	後秦	ㄏㄡˋ-ㄑㄧㄣˊ
后空	後空	ㄏㄡˋ-ㄎㄨㄥ
后空翻	後空翻	ㄏㄡˋ-ㄎㄨㄥ-ㄈㄢ
后端	後端	ㄏㄡˋ-ㄉㄨㄢ
后置	後置	ㄏㄡˋ-ㄓˋ
后老子	後老子	ㄏㄡˋ-ㄌㄠˇ-ㄗˇ
后老爸	後老爸	ㄏㄡˋ-ㄌㄠˇ-ㄅㄚˋ
后者	後者	ㄏㄡˋ-ㄓㄜˇ
后肚	後肚	ㄏㄡˋ-ㄉㄨˋ
后背	後背	ㄏㄡˋ-ㄅㄟˋ
后胤	後胤	ㄏㄡˋ-ㄧㄣˋ
后脊梁	後脊樑	ㄏㄡˋ-ㄐㄧˇ-ㄌㄧㄤˊ
后腿	後腿	ㄏㄡˋ-ㄊㄨㄟˇ
后膛	後膛	ㄏㄡˋ-ㄊㄤˊ
后落	後落	ㄏㄡˋ-ㄌㄨㄛˋ
后藏	後藏	ㄏㄡˋ-ㄘㄤˊ
后藤	後藤	ㄏㄡˋ-ㄊㄥˊ
后蜀	後蜀	ㄏㄡˋ-ㄕㄨˇ
后行	後行	ㄏㄡˋ-ㄒㄧㄥˊ
后街	後街	ㄏㄡˋ-ㄐㄧㄝ
后裔	後裔	ㄏㄡˋ-ㄧˋ
后襟	後襟	ㄏㄡˋ-ㄐㄧㄣ
后起	後起	ㄏㄡˋ-ㄑㄧˇ
后起之秀	後起之秀	ㄏㄡˋ-ㄑㄧˇ-ㄓ-ㄒㄧㄡˋ
后起字	後起字	ㄏㄡˋ-ㄑㄧˇ-ㄗˋ
后足	後足	ㄏㄡˋ-ㄗㄨˊ
后跟	後跟	ㄏㄡˋ-ㄍㄣ
后路	後路	ㄏㄡˋ-ㄌㄨˋ
后蹬	後蹬	ㄏㄡˋ-ㄉㄥˋ
后退	後退	ㄏㄡˋ-ㄊㄨㄟˋ
后退女	後退女	ㄏㄡˋ-ㄊㄨㄟˋ-ㄋㄩˇ
后送	後送	ㄏㄡˋ-ㄙㄨㄥˋ
后逝	後逝	ㄏㄡˋ-ㄕˋ
后郎奶	後郎奶	ㄏㄡˋ-ㄌㄤˊ-ㄋㄞˇ
后郎爸	後郎爸	ㄏㄡˋ-ㄌㄤˊ-ㄅㄚˋ
后部	後部	ㄏㄡˋ-ㄅㄨˋ
后金	後金	ㄏㄡˋ-ㄐㄧㄣ
后院	後院	ㄏㄡˋ-ㄩㄢˋ
后面	後面	ㄏㄡˋ-ㄇㄧㄢˋ
后黎朝	後黎朝	ㄏㄡˋ-ㄌㄧˊ-ㄔㄠˊ
后鼻音	後鼻音	ㄏㄡˋ-ㄅㄧˊ-ㄧㄣ
向后	向後	ㄒㄧㄤˋ-ㄏㄡˋ
吞占	吞佔	ㄊㄨㄣ-ㄓㄢˋ
吧台	吧檯	ㄅㄚ-ㄊㄞˊ
含里糊	含裡糊	ㄏㄢˊ-ㄌㄧˇ-ㄏㄨ
吱喳虫	吱喳蟲	ㄓ-ㄓㄚ-ㄏㄨㄟˇ
吸虫	吸蟲	ㄒㄧ-ㄏㄨㄟˇ
吸血虫	吸血蟲	ㄒㄧ-ㄒㄧㄝˇ-ㄏㄨㄟˇ
吹干	吹乾	ㄔㄨㄟ-ㄍㄢ
呆里撒奸	呆裡撒奸	ㄉㄞ-ㄌㄧˇ-ㄙㄚ-ㄐㄧㄢ
呎价	呎價	ㄔˇ-ㄐㄧㄚˋ
周一岳	周一嶽	ㄓㄡ-ㄧ-ㄩㄝˋ
周游	周遊	ㄓㄡ-ㄧㄡˊ
味同嚼蜡	味同嚼蠟	ㄨㄟˋ-ㄊㄨㄥˊ-ㄐㄧㄠˊ-ㄓㄚˋ
呴吁	呴籲	ㄏㄡ-ㄒㄩ
呼吁	呼籲	ㄏㄨ-ㄒㄩ
命里注定	命裡註定	ㄇㄧㄥˋ-ㄌㄧˇ-ㄓㄨˋ-ㄉㄧㄥˋ
和丰	和豐	ㄏㄜˊ-ㄈㄥ
咨商	諮商	ㄗ-ㄕㄤ
咫尺万里	咫尺萬里	ㄓˇ-ㄔˇ-ㄇㄛˋ-ㄌㄧˇ
咯里	咯裡	ㄌㄨㄛˋ-ㄌㄧˇ
咸丰	咸豐	ㄒㄧㄢˊ-ㄈㄥ
咸丰年	咸豐年	ㄒㄧㄢˊ-ㄈㄥ-ㄋㄧㄢˊ
咸味	鹹味	ㄒㄧㄢˊ-ㄨㄟˋ
咸水	鹹水	ㄒㄧㄢˊ-ㄕㄨㄟˇ
咸水埠	鹹水埠	ㄒㄧㄢˊ-ㄕㄨㄟˇ-ㄅㄨˋ
咸水妹	鹹水妹	ㄒㄧㄢˊ-ㄕㄨㄟˇ-ㄇㄟˋ
咸水歌	鹹水歌	ㄒㄧㄢˊ-ㄕㄨㄟˇ-ㄍㄜ
咸水海	鹹水海	ㄒㄧㄢˊ-ㄕㄨㄟˇ-ㄏㄞˇ
咸水湖	鹹水湖	ㄒㄧㄢˊ-ㄕㄨㄟˇ-ㄏㄨˊ
咸水角	鹹水角	ㄒㄧㄢˊ-ㄕㄨㄟˇ-ㄐㄧㄠˇ
咸津津	鹹津津	ㄒㄧㄢˊ-ㄐㄧㄣ-ㄐㄧㄣ
咸海	鹹海	ㄒㄧㄢˊ-ㄏㄞˇ
咸淡	鹹淡	ㄒㄧㄢˊ-ㄉㄢˋ
咸湖	鹹湖	ㄒㄧㄢˊ-ㄏㄨˊ
咸肉	鹹肉	ㄒㄧㄢˊ-ㄖㄡˋ
咸肉粽	鹹肉粽	ㄒㄧㄢˊ-ㄖㄡˋ-ㄗㄨㄥˋ
咸菜	鹹菜	ㄒㄧㄢˊ-ㄘㄞˋ
咸蛋	鹹蛋	ㄒㄧㄢˊ-ㄉㄢˋ
咸蛋超人	鹹蛋超人	ㄒㄧㄢˊ-ㄉㄢˋ-ㄔㄠ-ㄖㄣˊ
哀兵必胜	哀兵必勝	ㄞ-ㄅㄧㄥ-ㄅㄧˋ-ㄒㄧㄥ
品种	品種	ㄆㄧㄣˇ-ㄔㄨㄥˊ
哪里	哪裡	ㄋㄚˇ-ㄌㄧˇ
唇綫	唇線	ㄔㄨㄣˊ-ㄒㄧㄢˋ
唇若涂脂	唇若塗脂	ㄔㄨㄣˊ-ㄖㄨㄛˋ-ㄊㄨˊ-ㄓ
唐庄	唐莊	ㄊㄤˊ-ㄓㄨㄤ
唔使几耐	唔使幾耐	ㄨˊ-ㄕˇ-ㄐㄧ-ㄋㄞˋ
唔准	唔準	ㄨˊ-ㄓㄨㄣˇ
售价	售價	ㄕㄡˋ-ㄐㄧㄚˋ
售后	售後	ㄕㄡˋ-ㄏㄡˋ
唱价	唱價	ㄔㄤˋ-ㄐㄧㄚˋ
唾面自干	唾面自乾	ㄊㄨㄛˋ-ㄇㄧㄢˋ-ㄗˋ-ㄍㄢ
啄价	啄價	ㄓㄨㄛˊ-ㄐㄧㄚˋ
啤酒厂	啤酒廠	ㄆㄧˊ-ㄐㄧㄡˇ-ㄏㄢˇ
啥干	啥幹	ㄕㄚˊ-ㄍㄢ
善于	善於	ㄕㄢˋ-ㄩˊ
善后	善後	ㄕㄢˋ-ㄏㄡˋ
善种	善種	ㄕㄢˋ-ㄔㄨㄥˊ
喊价	喊價	ㄏㄢˇ-ㄐㄧㄚˋ
喜极而泣	喜極而泣	ㄒㄧˇ-ㄐㄧˊ-ㄦˊ-ㄑㄧˋ
喝价	喝價	ㄏㄜ-ㄐㄧㄚˋ
嗣后	嗣後	ㄙˋ-ㄏㄡˋ
嘌呤霉素	嘌呤黴素	ㄆㄧㄠ-ㄌㄧㄥˊ-ㄇㄟˊ-ㄙㄨˋ
囊虫	囊蟲	ㄋㄤˊ-ㄏㄨㄟˇ
囊虫病	囊蟲病	ㄋㄤˊ-ㄏㄨㄟˇ-ㄅㄧㄥˋ
四万万	四萬萬	ㄙˋ-ㄇㄛˋ-ㄇㄛˋ
四万十	四萬十	ㄙˋ-ㄇㄛˋ-ㄕˊ
四万咁口	四萬咁口	ㄙˋ-ㄇㄛˋ-ㄍㄢ-ㄎㄡˇ
四万噉口	四萬噉口	ㄙˋ-ㄇㄛˋ-ㄉㄢˋ-ㄎㄡˇ
四下里	四下裡	ㄙˋ-ㄒㄧㄚˋ-ㄌㄧˇ
四叶草	四葉草	ㄙˋ-ㄒㄧㄝˊ-ㄘㄠˇ
四弘誓愿	四弘誓願	ㄙˋ-ㄏㄨㄥˊ-ㄕˋ-ㄩㄢˋ
四杠子	四槓子	ㄙˋ-ㄍㄤ-ㄗˇ
四极管	四極管	ㄙˋ-ㄐㄧˊ-ㄍㄨㄢˇ
回厂	回廠	ㄏㄨㄟˊ-ㄏㄢˇ
回采	回採	ㄏㄨㄟˊ-ㄘㄞˇ
囿于	囿於	ㄧㄡˋ-ㄩˊ
圈占	圈佔	ㄑㄩㄢ-ㄓㄢˋ
土著种	土著種	ㄊㄨˇ-ㄓㄨˋ-ㄔㄨㄥˊ
土虫	土蟲	ㄊㄨˇ-ㄏㄨㄟˇ
土里刨食	土裡刨食	ㄊㄨˇ-ㄌㄧˇ-ㄅㄠˋ-ㄕˊ
在于	在於	ㄗㄞˋ-ㄩˊ
在后	在後	ㄗㄞˋ-ㄏㄡˋ
在野党	在野黨	ㄗㄞˋ-ㄧㄝˇ-ㄉㄤˇ
地下党	地下黨	ㄉㄧˋ-ㄒㄧㄚˋ-ㄉㄤˇ
地价	地價	ㄉㄧˋ-ㄐㄧㄚˋ
地广人稀	地廣人稀	ㄉㄧˋ-ㄧㄢˇ-ㄖㄣˊ-ㄒㄧ
地方种	地方種	ㄉㄧˋ-ㄈㄤ-ㄔㄨㄥˊ
地极	地極	ㄉㄧˋ-ㄐㄧˊ
地虫	地蟲	ㄉㄧˋ-ㄏㄨㄟˇ
地蜡	地蠟	ㄉㄧˋ-ㄓㄚˋ
均价	均價	ㄐㄩㄣ-ㄐㄧㄚˋ
坐台	坐檯	ㄗㄨㄛˋ-ㄊㄞˊ
坐台小姐	坐檯小姐	ㄗㄨㄛˋ-ㄊㄞˊ-ㄒㄧㄠˇ-ㄐㄧㄝˇ
坐地起价	坐地起價	ㄗㄨㄛˋ-ㄉㄧˋ-ㄑㄧˇ-ㄐㄧㄚˋ
坐庄	坐莊	ㄗㄨㄛˋ-ㄓㄨㄤ
垂帘	垂簾	ㄔㄨㄟˊ-ㄌㄧㄢˊ
垂挂	垂掛	ㄔㄨㄟˊ-ㄍㄨㄚˋ
垂范	垂範	ㄔㄨㄟˊ-ㄈㄢˋ
垃圾虫	垃圾蟲	ㄌㄜˋ-ㄙㄜˋ-ㄏㄨㄟˇ
埃搭里	埃搭裡	ㄞ-ㄉㄚ-ㄌㄧˇ
埋葬虫	埋葬蟲	ㄇㄞˊ-ㄗㄤˋ-ㄏㄨㄟˇ
城里	城裡	ㄔㄥˊ-ㄌㄧˇ
城里人	城裡人	ㄔㄥˊ-ㄌㄧˇ-ㄖㄣˊ
培涂	培塗	ㄆㄟˊ-ㄊㄨˊ
基于	基於	ㄐㄧ-ㄩˊ
基价	基價	ㄐㄧ-ㄐㄧㄚˋ
基准	基準	ㄐㄧ-ㄓㄨㄣˇ
基准面	基準面	ㄐㄧ-ㄓㄨㄣˇ-ㄇㄧㄢˋ
基干	基幹	ㄐㄧ-ㄍㄢ
基极	基極	ㄐㄧ-ㄐㄧˊ
基民党	基民黨	ㄐㄧ-ㄇㄧㄣˊ-ㄉㄤˇ
基里巴斯	基裡巴斯	ㄐㄧ-ㄌㄧˇ-ㄅㄚ-ㄙ
堂遮后	堂遮後	ㄊㄤˊ-ㄓㄜ-ㄏㄡˋ
堪哪里	堪哪裡	ㄎㄢ-ㄋㄚˇ-ㄌㄧˇ
塍涂	塍塗	ㄔㄥˊ-ㄊㄨˊ
塘虱	塘蝨	ㄊㄤˊ-ㄕ
填涂	填塗	ㄊㄧㄢˊ-ㄊㄨˊ
墓虫	墓蟲	ㄇㄨˋ-ㄏㄨㄟˇ
增广	增廣	ㄗㄥ-ㄧㄢˇ
壁挂	壁掛	ㄅㄧˋ-ㄍㄨㄚˋ
壁柜	壁櫃	ㄅㄧˋ-ㄍㄨㄟˋ
壁虱	壁蝨	ㄅㄧˋ-ㄕ
壁里	壁裡	ㄅㄧˋ-ㄌㄧˇ
壹万	壹萬	ㄧ-ㄇㄛˋ
夏新庄	夏新莊	ㄒㄧㄚˋ-ㄒㄧㄣ-ㄓㄨㄤ
夏种	夏種	ㄒㄧㄚˋ-ㄔㄨㄥˊ
夏虫	夏蟲	ㄒㄧㄚˋ-ㄏㄨㄟˇ
外佣	外傭	ㄨㄞˋ-ㄩㄥˋ
外后天	外後天	ㄨㄞˋ-ㄏㄡˋ-ㄊㄧㄢ
外后年	外後年	ㄨㄞˋ-ㄏㄡˋ-ㄋㄧㄢˊ
外后日	外後日	ㄨㄞˋ-ㄏㄡˋ-ㄖˋ
外地种	外地種	ㄨㄞˋ-ㄉㄧˋ-ㄔㄨㄥˊ
外挂	外掛	ㄨㄞˋ-ㄍㄨㄚˋ
外游	外遊	ㄨㄞˋ-ㄧㄡˊ
外范	外範	ㄨㄞˋ-ㄈㄢˋ
外里	外裡	ㄨㄞˋ-ㄌㄧˇ
夙愿	夙願	ㄙㄨˋ-ㄩㄢˋ
多么	多麼	ㄉㄨㄛ-ㄧㄠ
多事干	多事幹	ㄉㄨㄛ-ㄕˋ-ㄍㄢ
多于	多於	ㄉㄨㄛ-ㄩˊ
多云	多雲	ㄉㄨㄛ-ㄩㄣˊ
多余	多餘	ㄉㄨㄛ-ㄩˊ
多党制	多黨制	ㄉㄨㄛ-ㄉㄤˇ-ㄓˋ
多极	多極	ㄉㄨㄛ-ㄐㄧˊ
多极化	多極化	ㄉㄨㄛ-ㄐㄧˊ-ㄏㄨㄚˋ
多种	多種	ㄉㄨㄛ-ㄔㄨㄥˊ
夜光云	夜光雲	ㄧㄝˋ-ㄍㄨㄤ-ㄩㄣˊ
夜游	夜遊	ㄧㄝˋ-ㄧㄡˊ
夜游子	夜遊子	ㄧㄝˋ-ㄧㄡˊ-ㄗˇ
夜游神	夜遊神	ㄧㄝˋ-ㄧㄡˊ-ㄕㄣˊ
夜火虫	夜火蟲	ㄧㄝˋ-ㄏㄨㄛˇ-ㄏㄨㄟˇ
夜里	夜裡	ㄧㄝˋ-ㄌㄧˇ
夜里向	夜裡向	ㄧㄝˋ-ㄌㄧˇ-ㄒㄧㄤˋ
大丰	大豐	ㄉㄚˋ-ㄈㄥ
大于	大於	ㄉㄚˋ-ㄩˊ
大党	大黨	ㄉㄚˋ-ㄉㄤˇ
大厂	大廠	ㄉㄚˋ-ㄏㄢˇ
大后天	大後天	ㄉㄚˋ-ㄏㄡˋ-ㄊㄧㄢ
大后年	大後年	ㄉㄚˋ-ㄏㄡˋ-ㄋㄧㄢˊ
大后方	大後方	ㄉㄚˋ-ㄏㄡˋ-ㄈㄤ
大后日	大後日	ㄉㄚˋ-ㄏㄡˋ-ㄖˋ
大后朝	大後朝	ㄉㄚˋ-ㄏㄡˋ-ㄔㄠˊ
大后生	大後生	ㄉㄚˋ-ㄏㄡˋ-ㄕㄥ
大埤庄	大埤莊	ㄉㄚˋ-ㄆㄧˊ-ㄓㄨㄤ
大家伙	大傢伙	ㄉㄚˋ-ㄐㄧㄚ-ㄏㄨㄛˇ
大希腊	大希臘	ㄉㄚˋ-ㄒㄧ-ㄌㄚˋ
大干	大幹	ㄉㄚˋ-ㄍㄢ
大干快上	大幹快上	ㄉㄚˋ-ㄍㄢ-ㄎㄨㄞˋ-ㄕㄤˋ
大广弦	大廣弦	ㄉㄚˋ-ㄧㄢˇ-ㄒㄧㄢˊ
大旱云霓	大旱雲霓	ㄉㄚˋ-ㄏㄢˋ-ㄩㄣˊ-ㄋㄧˊ
大旱望云	大旱望雲	ㄉㄚˋ-ㄏㄢˋ-ㄨㄤˋ-ㄩㄣˊ
大木厂	大木廠	ㄉㄚˋ-ㄇㄨˋ-ㄏㄢˇ
大涂	大塗	ㄉㄚˋ-ㄊㄨˊ
大种	大種	ㄉㄚˋ-ㄔㄨㄥˊ
大老党	大老黨	ㄉㄚˋ-ㄌㄠˇ-ㄉㄤˇ
大胜	大勝	ㄉㄚˋ-ㄒㄧㄥ
大虫	大蟲	ㄉㄚˋ-ㄏㄨㄟˇ
大青叶	大青葉	ㄉㄚˋ-ㄑㄧㄥ-ㄒㄧㄝˊ
天价	天價	ㄊㄧㄢ-ㄐㄧㄚˋ
天极	天極	ㄊㄧㄢ-ㄐㄧˊ
天蝎	天蠍	ㄊㄧㄢ-ㄏㄜˊ
天蝎座	天蠍座	ㄊㄧㄢ-ㄏㄜˊ-ㄗㄨㄛˋ
天道虫	天道蟲	ㄊㄧㄢ-ㄉㄠˋ-ㄏㄨㄟˇ
太仆	太僕	ㄊㄞˋ-ㄆㄨ
太仆寺	太僕寺	ㄊㄞˋ-ㄆㄨ-ㄙˋ
太子党	太子黨	ㄊㄞˋ-ㄗˇ-ㄉㄤˇ
太极	太極	ㄊㄞˋ-ㄐㄧˊ
太极拳	太極拳	ㄊㄞˋ-ㄐㄧˊ-ㄑㄩㄢˊ
太极旗	太極旗	ㄊㄞˋ-ㄐㄧˊ-ㄑㄧˊ
夫余	夫餘	ㄈㄨ-ㄩˊ
失准	失準	ㄕ-ㄓㄨㄣˇ
夸口	誇口	ㄎㄨㄚ-ㄎㄡˇ
夸喙	誇喙	ㄎㄨㄚ-ㄏㄨㄟˋ
夸嘴	誇嘴	ㄎㄨㄚ-ㄗㄨㄟˇ
夸大	誇大	ㄎㄨㄚ-ㄉㄚˋ
夸大狂	誇大狂	ㄎㄨㄚ-ㄉㄚˋ-ㄎㄨㄤˊ
夸夸群	誇誇群	ㄎㄨㄚ-ㄎㄨㄚ-ㄑㄩㄣˊ
夸示	誇示	ㄎㄨㄚ-ㄕˋ
夸耀	誇耀	ㄎㄨㄚ-ㄧㄠˋ
夸衒	誇衒	ㄎㄨㄚ-ㄒㄩㄢˋ
夸言	誇言	ㄎㄨㄚ-ㄧㄢˊ
奇行种	奇行種	ㄑㄧˊ-ㄒㄧㄥˊ-ㄔㄨㄥˊ
契据	契據	ㄑㄧˋ-ㄐㄩˋ
奔涌	奔湧	ㄅㄣ-ㄩㄥˇ
女中豪杰	女中豪傑	ㄋㄩˇ-ㄓㄨㄥ-ㄏㄠˊ-ㄐㄧㄝˊ
女仆	女僕	ㄋㄩˇ-ㄆㄨ
女掌柜	女掌櫃	ㄋㄩˇ-ㄓㄤˇ-ㄍㄨㄟˋ
女掌柜的	女掌櫃的	ㄋㄩˇ-ㄓㄤˇ-ㄍㄨㄟˋ-ㄉㄜ˙
奴仆	奴僕	ㄋㄨˊ-ㄆㄨ
奸党	奸黨	ㄐㄧㄢ-ㄉㄤˇ
奸尸	姦屍	ㄐㄧㄢ-ㄕ
好几	好幾	ㄏㄠˇ-ㄐㄧ
好勇斗狠	好勇鬥狠	ㄏㄠˇ-ㄩㄥˇ-ㄉㄡˇ-ㄏㄣˇ
好斗	好鬥	ㄏㄠˇ-ㄉㄡˇ
好极了	好極了	ㄏㄠˇ-ㄐㄧˊ-ㄌㄜ˙
好胜	好勝	ㄏㄠˇ-ㄒㄧㄥ
如云	如雲	ㄖㄨˊ-ㄩㄣˊ
如愿	如願	ㄖㄨˊ-ㄩㄢˋ
妖凶	妖兇	ㄧㄠ-ㄒㄩㄥ
始于	始於	ㄕˇ-ㄩˊ
姑姑虫	姑姑蟲	ㄍㄨ-ㄍㄨ-ㄏㄨㄟˇ
娘屋里	娘屋裡	ㄋㄧㄤˊ-ㄨ-ㄌㄧˇ
婚后	婚後	ㄏㄨㄣ-ㄏㄡˋ
嫩叶	嫩葉	ㄋㄣˋ-ㄒㄧㄝˊ
嫩叶仔	嫩葉仔	ㄋㄣˋ-ㄒㄧㄝˊ-ㄗˇ
嬉游	嬉遊	ㄒㄧ-ㄧㄡˊ
子叶	子葉	ㄗˇ-ㄒㄧㄝˊ
孔子庄	孔子莊	ㄎㄨㄥˇ-ㄗˇ-ㄓㄨㄤ
孖叶	孖葉	ㄗ-ㄒㄧㄝˊ
字划	字劃	ㄗˋ-ㄏㄨㄚˊ
字据	字據	ㄗˋ-ㄐㄩˋ
存后	存後	ㄘㄨㄣˊ-ㄏㄡˋ
存后步	存後步	ㄘㄨㄣˊ-ㄏㄡˋ-ㄅㄨˋ
孤寒种	孤寒種	ㄍㄨ-ㄏㄢˊ-ㄔㄨㄥˊ
孤涂	孤塗	ㄍㄨ-ㄊㄨˊ
孬种	孬種	ㄋㄠ-ㄔㄨㄥˊ
孰么	孰麼	ㄕㄨˊ-ㄧㄠ
孽虫	孽蟲	ㄋㄧㄝˋ-ㄏㄨㄟˇ
安于	安於	ㄢ-ㄩˊ
安于一隅	安於一隅	ㄢ-ㄩˊ-ㄧ-ㄩˊ
安价	安價	ㄢ-ㄐㄧㄚˋ
安广	安廣	ㄢ-ㄧㄢˇ
安托万	安托萬	ㄢ-ㄊㄨㄛ-ㄇㄛˋ
安适	安適	ㄢ-ㄍㄨㄚ
完胜	完勝	ㄨㄢˊ-ㄒㄧㄥ
宏愿	宏願	ㄏㄨㄥˊ-ㄩㄢˋ
宗党	宗黨	ㄗㄨㄥ-ㄉㄤˇ
官价	官價	ㄍㄨㄢ-ㄐㄧㄚˋ
定于一尊	定於一尊	ㄉㄧㄥˋ-ㄩˊ-ㄧ-ㄗㄨㄣ
定价	定價	ㄉㄧㄥˋ-ㄐㄧㄚˋ
定虫	定蟲	ㄉㄧㄥˋ-ㄏㄨㄟˇ
宜丰	宜豐	ㄧˊ-ㄈㄥ
宜于	宜於	ㄧˊ-ㄩˊ
宦游	宦遊	ㄏㄨㄢˋ-ㄧㄡˊ
害虫	害蟲	ㄏㄞˋ-ㄏㄨㄟˇ
家丑	家醜	ㄐㄧㄚ-ㄔㄡˇ
家仆	家僕	ㄐㄧㄚ-ㄆㄨ
家后	家後	ㄐㄧㄚ-ㄏㄡˋ
家暴党	家暴黨	ㄐㄧㄚ-ㄅㄠˋ-ㄉㄤˇ
家里	家裡	ㄐㄧㄚ-ㄌㄧˇ
家里人	家裡人	ㄐㄧㄚ-ㄌㄧˇ-ㄖㄣˊ
家里的	家裡的	ㄐㄧㄚ-ㄌㄧˇ-ㄉㄜ˙
家里蹲	家裡蹲	ㄐㄧㄚ-ㄌㄧˇ-ㄉㄨㄣ
宸游	宸遊	ㄔㄣˊ-ㄧㄡˊ
宿愿	宿願	ㄙㄨˋ-ㄩㄢˋ
寄居虫	寄居蟲	ㄐㄧˋ-ㄐㄩ-ㄏㄨㄟˇ
寄物柜	寄物櫃	ㄐㄧˋ-ㄨˋ-ㄍㄨㄟˋ
寄生虫	寄生蟲	ㄐㄧˋ-ㄕㄥ-ㄏㄨㄟˇ
密云	密雲	ㄇㄧˋ-ㄩㄣˊ
富于	富於	ㄈㄨˋ-ㄩˊ
富余	富餘	ㄈㄨˋ-ㄩˊ
寒冬腊月	寒冬臘月	ㄏㄢˊ-ㄉㄨㄥ-ㄌㄚˋ-ㄩㄝˋ
寒极	寒極	ㄏㄢˊ-ㄐㄧˊ
寓于	寓於	ㄩˋ-ㄩˊ
寓禁于征	寓禁於征	ㄩˋ-ㄐㄧㄣˋ-ㄩˊ-ㄓㄥ
寡霉素	寡黴素	ㄍㄨㄚˇ-ㄇㄟˊ-ㄙㄨˋ
封建割据	封建割據	ㄈㄥ-ㄐㄧㄢˋ-ㄍㄜ-ㄐㄩˋ
封蜡	封蠟	ㄈㄥ-ㄓㄚˋ
封里	封裡	ㄈㄥ-ㄌㄧˇ
封面里	封面裡	ㄈㄥ-ㄇㄧㄢˋ-ㄌㄧˇ
射后不理	射後不理	ㄕㄜˋ-ㄏㄡˋ-ㄅㄨˋ-ㄌㄧˇ
小于	小於	ㄒㄧㄠˇ-ㄩˊ
小伙伴	小夥伴	ㄒㄧㄠˇ-ㄏㄨㄛˇ-ㄅㄢˋ
小准	小準	ㄒㄧㄠˇ-ㄓㄨㄣˇ
小后生	小後生	ㄒㄧㄠˇ-ㄏㄡˋ-ㄕㄥ
小家伙	小傢伙	ㄒㄧㄠˇ-ㄐㄧㄚ-ㄏㄨㄛˇ
小干仵	小幹仵	ㄒㄧㄠˇ-ㄍㄢ-ㄨˇ
小格种	小格種	ㄒㄧㄠˇ-ㄍㄜˊ-ㄔㄨㄥˊ
小确幸	小確幸	ㄒㄧㄠˇ-ㄑㄩㄝˋ-ㄒㄧㄥˋ
小种	小種	ㄒㄧㄠˇ-ㄔㄨㄥˊ
小种仔茶	小種仔茶	ㄒㄧㄠˇ-ㄔㄨㄥˊ-ㄗˇ-ㄔㄚˊ
小种茶	小種茶	ㄒㄧㄠˇ-ㄔㄨㄥˊ-ㄔㄚˊ
小虫	小蟲	ㄒㄧㄠˇ-ㄏㄨㄟˇ
少于	少於	ㄕㄠˇ-ㄩˊ
少年游	少年遊	ㄕㄠˋ-ㄋㄧㄢˊ-ㄧㄡˊ
少采	少採	ㄕㄠˇ-ㄘㄞˇ
尬夸	尬誇	ㄍㄚˋ-ㄎㄨㄚ
就范	就範	ㄐㄧㄡˋ-ㄈㄢˋ
就里	就裡	ㄐㄧㄡˋ-ㄌㄧˇ
尸僵	屍僵	ㄕ-ㄐㄧㄤ
尸冷	屍冷	ㄕ-ㄌㄥˇ
尸妖	屍妖	ㄕ-ㄧㄠ
尸山血海	屍山血海	ㄕ-ㄕㄢ-ㄒㄧㄝˇ-ㄏㄞˇ
尸斑	屍斑	ㄕ-ㄅㄢ
尸林	屍林	ㄕ-ㄌㄧㄣˊ
尸格	屍格	ㄕ-ㄍㄜˊ
尸毒	屍毒	ㄕ-ㄉㄨˊ
尸胺	屍胺	ㄕ-ㄢ
尸臭	屍臭	ㄕ-ㄔㄡˋ
尸蜡	屍蠟	ㄕ-ㄓㄚˋ
尸骨	屍骨	ㄕ-ㄍㄨˇ
尸骨未寒	屍骨未寒	ㄕ-ㄍㄨˇ-ㄨㄟˋ-ㄏㄢˊ
尸骸	屍骸	ㄕ-ㄏㄞˊ
尻脊后	尻脊後	ㄎㄠ-ㄐㄧˇ-ㄏㄡˋ
尾后	尾後	ㄨㄟˇ-ㄏㄡˋ
屁爬虫	屁爬蟲	ㄆㄧˋ-ㄆㄚˊ-ㄏㄨㄟˇ
居于	居於	ㄐㄩ-ㄩˊ
居士杰	居士傑	ㄐㄩ-ㄕˋ-ㄐㄧㄝˊ
屋里	屋裡	ㄨ-ㄌㄧˇ
屋里人	屋裡人	ㄨ-ㄌㄧˇ-ㄖㄣˊ
屋里向	屋裡向	ㄨ-ㄌㄧˇ-ㄒㄧㄤˋ
屋里的	屋裡的	ㄨ-ㄌㄧˇ-ㄉㄜ˙
屎坑虫	屎坑蟲	ㄕˇ-ㄎㄥ-ㄏㄨㄟˇ
屎缸虫	屎缸蟲	ㄕˇ-ㄍㄤ-ㄏㄨㄟˇ
屎虫	屎蟲	ㄕˇ-ㄏㄨㄟˇ
屏占比	屏佔比	ㄆㄧㄥˊ-ㄓㄢˋ-ㄅㄧˇ
展柜	展櫃	ㄓㄢˇ-ㄍㄨㄟˋ
展示柜	展示櫃	ㄓㄢˇ-ㄕˋ-ㄍㄨㄟˋ
山里	山裡	ㄕㄢ-ㄌㄧˇ
岩居	巖居	ㄧㄢˊ-ㄐㄩ
岩岩	巖巖	ㄧㄢˊ-ㄧㄢˊ
岩巉	巖巉	ㄧㄢˊ-ㄔㄢˊ
岩穴	巖穴	ㄧㄢˊ-ㄒㄩㄝˋ
岩邑	巖邑	ㄧㄢˊ-ㄧˋ
岩陛	巖陛	ㄧㄢˊ-ㄅㄧˋ
岳麓	嶽麓	ㄩㄝˋ-ㄌㄨˋ
峇厘	峇釐	ㄅㄚ-ㄌㄧˊ
川涂	川塗	ㄔㄨㄢ-ㄊㄨˊ
工于	工於	ㄍㄨㄥ-ㄩˊ
工人党	工人黨	ㄍㄨㄥ-ㄖㄣˊ-ㄉㄤˇ
工价	工價	ㄍㄨㄥ-ㄐㄧㄚˋ
工余	工餘	ㄍㄨㄥ-ㄩˊ
工党	工黨	ㄍㄨㄥ-ㄉㄤˇ
工厂	工廠	ㄍㄨㄥ-ㄏㄢˇ
工种	工種	ㄍㄨㄥ-ㄔㄨㄥˊ
左云	左雲	ㄗㄨㄛˇ-ㄩㄣˊ
巧干	巧幹	ㄑㄧㄠˇ-ㄍㄢ
巨万	鉅萬	ㄐㄩˋ-ㄇㄛˋ
巫山云雨	巫山雲雨	ㄨ-ㄕㄢ-ㄩㄣˊ-ㄩˇ
差价	差價	ㄔㄚ-ㄐㄧㄚˋ
巴厘	巴釐	ㄅㄚ-ㄌㄧˊ
巴脊后	巴脊後	ㄅㄚ-ㄐㄧˇ-ㄏㄡˋ
巴西蜡	巴西蠟	ㄅㄚ-ㄒㄧ-ㄓㄚˋ
巴适	巴適	ㄅㄚ-ㄍㄨㄚ
市价	市價	ㄕˋ-ㄐㄧㄚˋ
布党	布黨	ㄅㄨˋ-ㄉㄤˇ
布庄	布莊	ㄅㄨˋ-ㄓㄨㄤ
希腊	希臘	ㄒㄧ-ㄌㄚˋ
希腊人	希臘人	ㄒㄧ-ㄌㄚˋ-ㄖㄣˊ
希腊化	希臘化	ㄒㄧ-ㄌㄚˋ-ㄏㄨㄚˋ
希腊奶	希臘奶	ㄒㄧ-ㄌㄚˋ-ㄋㄞˇ
希腊教	希臘教	ㄒㄧ-ㄌㄚˋ-ㄐㄧㄠ
希腊文	希臘文	ㄒㄧ-ㄌㄚˋ-ㄨㄣˊ
帘帷	簾帷	ㄌㄧㄢˊ-ㄨㄟˊ
帘架	簾架	ㄌㄧㄢˊ-ㄐㄧㄚˋ
帘檐	簾簷	ㄌㄧㄢˊ-ㄧㄢˊ
帘檐槽	簾簷槽	ㄌㄧㄢˊ-ㄧㄢˊ-ㄘㄠˊ
帝王蝎	帝王蠍	ㄉㄧˋ-ㄨㄤˊ-ㄏㄜˊ
常庄	常莊	ㄔㄤˊ-ㄓㄨㄤ
常胜	常勝	ㄔㄤˊ-ㄒㄧㄥ
幕后	幕後	ㄇㄨˋ-ㄏㄡˋ
干不了	幹不了	ㄍㄢ-ㄅㄨˋ-ㄌㄜ˙
干么	幹麼	ㄍㄢ-ㄧㄠ
干了	幹了	ㄍㄢ-ㄌㄜ˙
干事	幹事	ㄍㄢ-ㄕˋ
干井	乾井	ㄍㄢ-ㄐㄧㄥˇ
干什么	幹什麼	ㄍㄢ-ㄕˊ-ㄧㄠ
干仗	幹仗	ㄍㄢ-ㄓㄤˋ
干休所	幹休所	ㄍㄢ-ㄒㄧㄡ-ㄙㄨㄛˇ
干冰	乾冰	ㄍㄢ-ㄅㄧㄥ
干冷	乾冷	ㄍㄢ-ㄌㄥˇ
干咳	乾咳	ㄍㄢ-ㄎㄜˊ
干嘛	幹嘛	ㄍㄢ-ㄇㄚˊ
干嚎	乾嚎	ㄍㄢ-ㄏㄠˊ
干塘	乾塘	ㄍㄢ-ㄊㄤˊ
干姜	乾薑	ㄍㄢ-ㄐㄧㄤ
干姜水	乾薑水	ㄍㄢ-ㄐㄧㄤ-ㄕㄨㄟˇ
干娘	乾孃	ㄍㄢ-ㄋㄧㄤˊ
干子	乾子	ㄍㄢ-ㄗˇ
干子女	乾子女	ㄍㄢ-ㄗˇ-ㄋㄩˇ
干季	乾季	ㄍㄢ-ㄐㄧˋ
干家	幹家	ㄍㄢ-ㄐㄧㄚ
干尸	乾屍	ㄍㄢ-ㄕ
干尻川	幹尻川	ㄍㄢ-ㄎㄚˇ-ㄔㄥ
干屎橛	乾屎橛	ㄍㄢ-ㄕˇ-ㄐㄩㄝˊ
干巴	乾巴	ㄍㄢ-ㄅㄚ
干巴巴	乾巴巴	ㄍㄢ-ㄅㄚ-ㄅㄚ
干巴得	乾巴得	ㄍㄢ-ㄅㄚ-ㄉㄜˊ
干干	乾乾	ㄍㄢ-ㄍㄢ
干得了	幹得了	ㄍㄢ-ㄉㄜˊ-ㄌㄜ˙
干急	乾急	ㄍㄢ-ㄐㄧˊ
干性油	乾性油	ㄍㄢ-ㄒㄧㄥˋ-ㄧㄡˊ
干才	幹才	ㄍㄢ-ㄘㄞˊ
干掉	幹掉	ㄍㄢ-ㄉㄧㄠˋ
干料	乾料	ㄍㄢ-ㄌㄧㄠˋ
干旱	乾旱	ㄍㄢ-ㄏㄢˋ
干杯	乾杯	ㄍㄢ-ㄅㄟ
干果	乾果	ㄍㄢ-ㄍㄨㄛˇ
干枯	乾枯	ㄍㄢ-ㄎㄨ
干架	幹架	ㄍㄢ-ㄐㄧㄚˋ
干校	幹校	ㄍㄢ-ㄒㄧㄠˋ
干案	幹案	ㄍㄢ-ㄢˋ
干水	幹水	ㄍㄢ-ㄕㄨㄟˇ
干法	幹法	ㄍㄢ-ㄈㄚˇ
干洗	乾洗	ㄍㄢ-ㄒㄧˇ
干洗店	乾洗店	ㄍㄢ-ㄒㄧˇ-ㄉㄧㄢˋ
干洗手	乾洗手	ㄍㄢ-ㄒㄧˇ-ㄕㄡˇ
干活	幹活	ㄍㄢ-ㄏㄨㄛˊ
干流	幹流	ㄍㄢ-ㄌㄧㄡˊ
干涸	乾涸	ㄍㄢ-ㄏㄜˊ
干渠	幹渠	ㄍㄢ-ㄑㄩˊ
干炒	乾炒	ㄍㄢ-ㄔㄠˇ
干炒牛河	乾炒牛河	ㄍㄢ-ㄔㄠˇ-ㄋㄧㄡˊ-ㄏㄜˊ
干焦	乾焦	ㄍㄢ-ㄐㄧㄠ
干燥	乾燥	ㄍㄢ-ㄗㄠˋ
干燥器	乾燥器	ㄍㄢ-ㄗㄠˋ-ㄑㄧˋ
干燥室	乾燥室	ㄍㄢ-ㄗㄠˋ-ㄕˋ
干父	幹父	ㄍㄢ-ㄈㄨˋ
干爸	乾爸	ㄍㄢ-ㄅㄚˋ
干爹	乾爹	ㄍㄢ-ㄉㄧㄝ
干爽	乾爽	ㄍㄢ-ㄕㄨㄤˇ
干甚么	幹甚麼	ㄍㄢ-ㄕㄣˋ-ㄧㄠ
干田	乾田	ㄍㄢ-ㄊㄧㄢˊ
干略	幹略	ㄍㄢ-ㄌㄩㄝˋ
干瘦	乾瘦	ㄍㄢ-ㄕㄡˋ
干眼病	乾眼病	ㄍㄢ-ㄧㄢˇ-ㄅㄧㄥˋ
干眼症	乾眼症	ㄍㄢ-ㄧㄢˇ-ㄓㄥˋ
干着急	乾著急	ㄍㄢ-ㄓㄜ˙-ㄐㄧˊ
干瞪眼	乾瞪眼	ㄍㄢ-ㄉㄥˋ-ㄧㄢˇ
干笑	乾笑	ㄍㄢ-ㄒㄧㄠˋ
干等	乾等	ㄍㄢ-ㄉㄥˇ
干粉彩	乾粉彩	ㄍㄢ-ㄈㄣˇ-ㄘㄞˇ
干系	干係	ㄍㄢ-ㄒㄧˋ
干群	幹群	ㄍㄢ-ㄑㄩㄣˊ
干肉	乾肉	ㄍㄢ-ㄖㄡˋ
干股	乾股	ㄍㄢ-ㄍㄨˇ
干脆	乾脆	ㄍㄢ-ㄘㄨㄟˋ
干草	乾草	ㄍㄢ-ㄘㄠˇ
干草原	乾草原	ㄍㄢ-ㄘㄠˇ-ㄩㄢˊ
干草堆	乾草堆	ㄍㄢ-ㄘㄠˇ-ㄉㄨㄟ
干菜	乾菜	ㄍㄢ-ㄘㄞˋ
干菜子	乾菜子	ㄍㄢ-ㄘㄞˋ-ㄗˇ
干薪	乾薪	ㄍㄢ-ㄒㄧㄣ
干裂	乾裂	ㄍㄢ-ㄌㄧㄝˋ
干警	幹警	ㄍㄢ-ㄐㄧㄥˇ
干路	幹路	ㄍㄢ-ㄌㄨˋ
干道	幹道	ㄍㄢ-ㄉㄠˋ
干部	幹部	ㄍㄢ-ㄅㄨˋ
干酪	乾酪	ㄍㄢ-ㄌㄠˋ
干酪根	乾酪根	ㄍㄢ-ㄌㄠˋ-ㄍㄣ
干酪素	乾酪素	ㄍㄢ-ㄌㄠˋ-ㄙㄨˋ
干面	乾麵	ㄍㄢ-ㄇㄧㄢˋ
平价	平價	ㄆㄧㄥˊ-ㄐㄧㄚˋ
平准	平準	ㄆㄧㄥˊ-ㄓㄨㄣˇ
平步青云	平步青雲	ㄆㄧㄥˊ-ㄅㄨˋ-ㄑㄧㄥ-ㄩㄣˊ
平面几何	平面幾何	ㄆㄧㄥˊ-ㄇㄧㄢˋ-ㄐㄧ-ㄏㄜˊ
年丰	年豐	ㄋㄧㄢˊ-ㄈㄥ
年年有余	年年有餘	ㄋㄧㄢˊ-ㄋㄧㄢˊ-ㄧㄡˇ-ㄩˊ
年里向	年裡向	ㄋㄧㄢˊ-ㄌㄧˇ-ㄒㄧㄤˋ
幼虫	幼蟲	ㄧㄡˋ-ㄏㄨㄟˇ
幽岩	幽巖	ㄧㄡ-ㄧㄢˊ
幽郁	幽鬱	ㄧㄡ-ㄩˋ
广丰	廣豐	ㄧㄢˇ-ㄈㄥ
广佛	廣佛	ㄧㄢˇ-ㄈㄛˊ
广信	廣信	ㄧㄢˇ-ㄒㄧㄣˋ
广元	廣元	ㄧㄢˇ-ㄩㄢˊ
广南	廣南	ㄧㄢˇ-ㄋㄢˊ
广博	廣博	ㄧㄢˇ-ㄅㄛˊ
广告	廣告	ㄧㄢˇ-ㄍㄠˋ
广告主	廣告主	ㄧㄢˇ-ㄍㄠˋ-ㄓㄨˇ
广告彩	廣告彩	ㄧㄢˇ-ㄍㄠˋ-ㄘㄞˇ
广告牌	廣告牌	ㄧㄢˇ-ㄍㄠˋ-ㄆㄞˊ
广坐	廣坐	ㄧㄢˇ-ㄗㄨㄛˋ
广域	廣域	ㄧㄢˇ-ㄩˋ
广域市	廣域市	ㄧㄢˇ-ㄩˋ-ㄕˋ
广外	廣外	ㄧㄢˇ-ㄨㄞˋ
广大	廣大	ㄧㄢˇ-ㄉㄚˋ
广子	廣子	ㄧㄢˇ-ㄗˇ
广字旁	廣字旁	ㄧㄢˇ-ㄗˋ-ㄆㄤˊ
广安	廣安	ㄧㄢˇ-ㄢ
广宗	廣宗	ㄧㄢˇ-ㄗㄨㄥ
广寒	廣寒	ㄧㄢˇ-ㄏㄢˊ
广州	廣州	ㄧㄢˇ-ㄓㄡ
广州人	廣州人	ㄧㄢˇ-ㄓㄡ-ㄖㄣˊ
广州路	廣州路	ㄧㄢˇ-ㄓㄡ-ㄌㄨˋ
广平	廣平	ㄧㄢˇ-ㄆㄧㄥˊ
广平王	廣平王	ㄧㄢˇ-ㄆㄧㄥˊ-ㄨㄤˊ
广广	廣廣	ㄧㄢˇ-ㄧㄢˇ
广府	廣府	ㄧㄢˇ-ㄈㄨˇ
广府人	廣府人	ㄧㄢˇ-ㄈㄨˇ-ㄖㄣˊ
广度	廣度	ㄧㄢˇ-ㄉㄨˋ
广式	廣式	ㄧㄢˇ-ㄕˋ
广弦	廣弦	ㄧㄢˇ-ㄒㄧㄢˊ
广德	廣德	ㄧㄢˇ-ㄉㄜˊ
广播	廣播	ㄧㄢˇ-ㄅㄛ
广昌	廣昌	ㄧㄢˇ-ㄔㄤ
广普	廣普	ㄧㄢˇ-ㄆㄨˇ
广暴	廣暴	ㄧㄢˇ-ㄅㄠˋ
广有	廣有	ㄧㄢˇ-ㄧㄡˇ
广板	廣板	ㄧㄢˇ-ㄅㄢˇ
广柑	廣柑	ㄧㄢˇ-ㄍㄢ
广橘	廣橘	ㄧㄢˇ-ㄐㄩˊ
广水	廣水	ㄧㄢˇ-ㄕㄨㄟˇ
广河	廣河	ㄧㄢˇ-ㄏㄜˊ
广治	廣治	ㄧㄢˇ-ㄓˋ
广泛	廣泛	ㄧㄢˇ-ㄈㄢˋ
广海	廣海	ㄧㄢˇ-ㄏㄞˇ
广深	廣深	ㄧㄢˇ-ㄕㄣ
广漠	廣漠	ㄧㄢˇ-ㄇㄛˋ
广益	廣益	ㄧㄢˇ-ㄧˋ
广盛	廣盛	ㄧㄢˇ-ㄕㄥˋ
广目天王	廣目天王	ㄧㄢˇ-ㄇㄨˋ-ㄊㄧㄢ-ㄨㄤˊ
广糖	廣糖	ㄧㄢˇ-ㄊㄤˊ
广袤	廣袤	ㄧㄢˇ-ㄇㄠˋ
广西	廣西	ㄧㄢˇ-ㄒㄧ
广西人	廣西人	ㄧㄢˇ-ㄒㄧ-ㄖㄣˊ
广野	廣野	ㄧㄢˇ-ㄧㄝˇ
广防己	廣防己	ㄧㄢˇ-ㄈㄤˊ-ㄐㄧˇ
广陵	廣陵	ㄧㄢˇ-ㄌㄧㄥˊ
庄下	莊下	ㄓㄨㄤ-ㄒㄧㄚˋ
庄下人	莊下人	ㄓㄨㄤ-ㄒㄧㄚˋ-ㄖㄣˊ
庄主	莊主	ㄓㄨㄤ-ㄓㄨˇ
庄仔	莊仔	ㄓㄨㄤ-ㄗˇ
庄司	莊司	ㄓㄨㄤ-ㄙ
庄大田	莊大田	ㄓㄨㄤ-ㄉㄚˋ-ㄊㄧㄢˊ
庄子	莊子	ㄓㄨㄤ-ㄗˇ
庄宏亮	莊宏亮	ㄓㄨㄤ-ㄏㄨㄥˊ-ㄌㄧㄤˋ
庄官	莊官	ㄓㄨㄤ-ㄍㄨㄢ
庄家	莊家	ㄓㄨㄤ-ㄐㄧㄚ
庄家山	莊家山	ㄓㄨㄤ-ㄐㄧㄚ-ㄕㄢ
庄敬	莊敬	ㄓㄨㄤ-ㄐㄧㄥˋ
庄月明	莊月明	ㄓㄨㄤ-ㄩㄝˋ-ㄇㄧㄥˊ
庄柏林	莊柏林	ㄓㄨㄤ-ㄅㄛˊ-ㄌㄧㄣˊ
庄校	莊校	ㄓㄨㄤ-ㄒㄧㄠˋ
庄正中	莊正中	ㄓㄨㄤ-ㄓㄥˋ-ㄓㄨㄥ
庄河	莊河	ㄓㄨㄤ-ㄏㄜˊ
庄浪	莊浪	ㄓㄨㄤ-ㄌㄤˋ
庄石山	莊石山	ㄓㄨㄤ-ㄕˊ-ㄕㄢ
庄社	莊社	ㄓㄨㄤ-ㄕㄜˋ
庄票	莊票	ㄓㄨㄤ-ㄆㄧㄠˋ
庄稼地	莊稼地	ㄓㄨㄤ-ㄐㄧㄚˋ-ㄉㄧˋ
庄稼活	莊稼活	ㄓㄨㄤ-ㄐㄧㄚˋ-ㄏㄨㄛˊ
庄英才	莊英才	ㄓㄨㄤ-ㄧㄥ-ㄘㄞˊ
庄荷	莊荷	ㄓㄨㄤ-ㄏㄜˊ
庄跤	莊跤	ㄓㄨㄤ-ㄐㄧㄠ
庄重	莊重	ㄓㄨㄤ-ㄓㄨㄥˋ
庄院	莊院	ㄓㄨㄤ-ㄩㄢˋ
庄雅	莊雅	ㄓㄨㄤ-ㄧㄚˇ
庇厘士彬	庇釐士彬	ㄅㄧˋ-ㄌㄧˊ-ㄕˋ-ㄅㄧㄣ
床虱	床蝨	ㄔㄨㄤˊ-ㄕ
序大后生	序大後生	ㄒㄩˋ-ㄉㄚˋ-ㄏㄡˋ-ㄕㄥ
底价	底價	ㄉㄧˇ-ㄐㄧㄚˋ
底板价	底板價	ㄉㄧˇ-ㄅㄢˇ-ㄐㄧㄚˋ
府干	府幹	ㄈㄨˇ-ㄍㄢ
庶几	庶幾	ㄕㄨˋ-ㄐㄧ
康庄	康莊	ㄎㄤ-ㄓㄨㄤ
廉价	廉價	ㄌㄧㄢˊ-ㄐㄧㄚˋ
廉价航空	廉價航空	ㄌㄧㄢˊ-ㄐㄧㄚˋ-ㄏㄤˊ-ㄎㄨㄥ
延后	延後	ㄧㄢˊ-ㄏㄡˋ
建党	建黨	ㄐㄧㄢˋ-ㄉㄤˇ
建治家后	建治家後	ㄐㄧㄢˋ-ㄓˋ-ㄐㄧㄚ-ㄏㄡˋ
建筑	建築	ㄐㄧㄢˋ-ㄓㄨˊ
建筑工	建築工	ㄐㄧㄢˋ-ㄓㄨˊ-ㄍㄨㄥ
建筑工地	建築工地	ㄐㄧㄢˋ-ㄓㄨˊ-ㄍㄨㄥ-ㄉㄧˋ
建筑材料	建築材料	ㄐㄧㄢˋ-ㄓㄨˊ-ㄘㄞˊ-ㄌㄧㄠˋ
建筑物	建築物	ㄐㄧㄢˋ-ㄓㄨˊ-ㄨˋ
建筑群	建築群	ㄐㄧㄢˋ-ㄓㄨˊ-ㄑㄩㄣˊ
弄毛虫	弄毛蟲	ㄋㄨㄥˋ-ㄇㄠˊ-ㄏㄨㄟˇ
弊家伙	弊傢伙	ㄅㄧˋ-ㄐㄧㄚ-ㄏㄨㄛˇ
弓形虫	弓形蟲	ㄍㄨㄥ-ㄒㄧㄥˊ-ㄏㄨㄟˇ
弓虫症	弓蟲症	ㄍㄨㄥ-ㄏㄨㄟˇ-ㄓㄥˋ
引人入胜	引人入勝	ㄧㄣˇ-ㄖㄣˊ-ㄖㄨˋ-ㄒㄧㄥ
引入种	引入種	ㄧㄣˇ-ㄖㄨˋ-ㄔㄨㄥˊ
引据	引據	ㄧㄣˇ-ㄐㄩˋ
引种	引種	ㄧㄣˇ-ㄔㄨㄥˊ
弘愿	弘願	ㄏㄨㄥˊ-ㄩㄢˋ
形于色	形於色	ㄒㄧㄥˊ-ㄩˊ-ㄙㄜˋ
形胜	形勝	ㄒㄧㄥˊ-ㄒㄧㄥ
彤云	彤雲	ㄊㄨㄥˊ-ㄩㄣˊ
彩云	彩雲	ㄘㄞˇ-ㄩㄣˊ
彩云之南	彩雲之南	ㄘㄞˇ-ㄩㄣˊ-ㄓ-ㄋㄢˊ
彭庄	彭莊	ㄆㄥˊ-ㄓㄨㄤ
影柜仔	影櫃仔	ㄧㄥˇ-ㄍㄨㄟˋ-ㄗˇ
彼种	彼種	ㄅㄧˇ-ㄔㄨㄥˊ
往后	往後	ㄨㄤˇ-ㄏㄡˋ
往死里	往死裡	ㄨㄤˇ-ㄙˇ-ㄌㄧˇ
征信	徵信	ㄓㄥ-ㄒㄧㄣˋ
征候	徵候	ㄓㄥ-ㄏㄡˋ
征兆	徵兆	ㄓㄥ-ㄓㄠˋ
征兵	徵兵	ㄓㄥ-ㄅㄧㄥ
征兵制	徵兵制	ㄓㄥ-ㄅㄧㄥ-ㄓˋ
征募	徵募	ㄓㄥ-ㄇㄨˋ
征召	徵召	ㄓㄥ-ㄓㄠ
征名	徵名	ㄓㄥ-ㄇㄧㄥˊ
征婚	徵婚	ㄓㄥ-ㄏㄨㄣ
征工	徵工	ㄓㄥ-ㄍㄨㄥ
征引	徵引	ㄓㄥ-ㄧㄣˇ
征役	徵役	ㄓㄥ-ㄧˋ
征得	徵得	ㄓㄥ-ㄉㄜˊ
征才	徵才	ㄓㄥ-ㄘㄞˊ
征文	徵文	ㄓㄥ-ㄨㄣˊ
征比	徵比	ㄓㄥ-ㄅㄧˇ
征求	徵求	ㄓㄥ-ㄑㄧㄡˊ
征用	徵用	ㄓㄥ-ㄩㄥˋ
征稿	徵稿	ㄓㄥ-ㄍㄠˇ
征管	徵管	ㄓㄥ-ㄍㄨㄢˇ
征聘	徵聘	ㄓㄥ-ㄆㄧㄣˋ
征象	徵象	ㄓㄥ-ㄒㄧㄤˋ
征辟	徵辟	ㄓㄥ-ㄆㄧˋ
征集	徵集	ㄓㄥ-ㄐㄧˊ
待价而沽	待價而沽	ㄉㄞˋ-ㄐㄧㄚˋ-ㄦˊ-ㄍㄨ
徐步云	徐步雲	ㄒㄩˊ-ㄅㄨˋ-ㄩㄣˊ
徒党	徒黨	ㄊㄨˊ-ㄉㄤˇ
得胜	得勝	ㄉㄜˊ-ㄒㄧㄥ
得胜者	得勝者	ㄉㄜˊ-ㄒㄧㄥ-ㄓㄜˇ
徛里	徛裡	ㄑㄧ-ㄌㄧˇ
御极	御極	ㄩˋ-ㄐㄧˊ
微云	微雲	ㄨㄟˊ-ㄩㄣˊ
微分几何	微分幾何	ㄨㄟˊ-ㄈㄣ-ㄐㄧ-ㄏㄜˊ
德云	德雲	ㄉㄜˊ-ㄩㄣˊ
心愿	心願	ㄒㄧㄣ-ㄩㄢˋ
心挂挂	心掛掛	ㄒㄧㄣ-ㄍㄨㄚˋ-ㄍㄨㄚˋ
心有余悸	心有餘悸	ㄒㄧㄣ-ㄧㄡˇ-ㄩˊ-ㄐㄧˋ
心甘情愿	心甘情願	ㄒㄧㄣ-ㄍㄢ-ㄑㄧㄥˊ-ㄩㄢˋ
心适	心適	ㄒㄧㄣ-ㄍㄨㄚ
心里	心裡	ㄒㄧㄣ-ㄌㄧˇ
心里有鬼	心裡有鬼	ㄒㄧㄣ-ㄌㄧˇ-ㄧㄡˇ-ㄍㄨㄟˇ
必胜	必勝	ㄅㄧˋ-ㄒㄧㄥ
必胜客	必勝客	ㄅㄧˋ-ㄒㄧㄥ-ㄎㄜˋ
志愿	志願	ㄓˋ-ㄩㄢˋ
志愿兵	志願兵	ㄓˋ-ㄩㄢˋ-ㄅㄧㄥ
志愿者	志願者	ㄓˋ-ㄩㄢˋ-ㄓㄜˇ
忙于	忙於	ㄇㄤˊ-ㄩˊ
忙前忙后	忙前忙後	ㄇㄤˊ-ㄑㄧㄢˊ-ㄇㄤˊ-ㄏㄡˋ
忠于	忠於	ㄓㄨㄥ-ㄩˊ
快狠准	快狠準	ㄎㄨㄞˋ-ㄏㄣˇ-ㄓㄨㄣˇ
怎么	怎麼	ㄗㄜˇ-ㄧㄠ
怎么了	怎麼了	ㄗㄜˇ-ㄧㄠ-ㄌㄜ˙
怎么回事	怎麼回事	ㄗㄜˇ-ㄧㄠ-ㄏㄨㄟˊ-ㄕˋ
怎么地	怎麼地	ㄗㄜˇ-ㄧㄠ-ㄉㄧˋ
怎么得了	怎麼得了	ㄗㄜˇ-ㄧㄠ-ㄉㄜˊ-ㄌㄜ˙
怎么着	怎麼著	ㄗㄜˇ-ㄧㄠ-ㄓㄜ˙
怕丑	怕醜	ㄆㄚˋ-ㄔㄡˇ
怕丑草	怕醜草	ㄆㄚˋ-ㄔㄡˇ-ㄘㄠˇ
怕痒	怕癢	ㄆㄚˋ-ㄧㄤˇ
怕痒花	怕癢花	ㄆㄚˋ-ㄧㄤˇ-ㄏㄨㄚ
思前想后	思前想後	ㄙ-ㄑㄧㄢˊ-ㄒㄧㄤˇ-ㄏㄡˋ
急于	急於	ㄐㄧˊ-ㄩˊ
急于求成	急於求成	ㄐㄧˊ-ㄩˊ-ㄑㄧㄡˊ-ㄔㄥˊ
性伙伴	性夥伴	ㄒㄧㄥˋ-ㄏㄨㄛˇ-ㄅㄢˋ
性征	性徵	ㄒㄧㄥˋ-ㄓㄥ
性旅游	性旅遊	ㄒㄧㄥˋ-ㄌㄩˇ-ㄧㄡˊ
怪杰	怪傑	ㄍㄨㄞˋ-ㄐㄧㄝˊ
怫郁	怫鬱	ㄈㄟˋ-ㄩˋ
恁么	恁麼	ㄖㄣˋ-ㄧㄠ
恙虫	恙蟲	ㄧㄤˋ-ㄏㄨㄟˇ
恙虫病	恙蟲病	ㄧㄤˋ-ㄏㄨㄟˇ-ㄅㄧㄥˋ
恬适	恬適	ㄊㄧㄢˊ-ㄍㄨㄚ
悄地里	悄地裡	ㄑㄧㄠˇ-ㄉㄧˋ-ㄌㄧˇ
悒郁	悒鬱	ㄧˋ-ㄩˋ
悠游	悠遊	ㄧㄡ-ㄧㄡˊ
悲愿	悲願	ㄅㄟ-ㄩㄢˋ
情愿	情願	ㄑㄧㄥˊ-ㄩㄢˋ
情种	情種	ㄑㄧㄥˊ-ㄔㄨㄥˊ
愁云	愁雲	ㄔㄡˊ-ㄩㄣˊ
愈后	愈後	ㄩˋ-ㄏㄡˋ
意愿	意願	ㄧˋ-ㄩㄢˋ
愿意	願意	ㄩㄢˋ-ㄧˋ
愿景	願景	ㄩㄢˋ-ㄐㄧㄥˇ
愿望	願望	ㄩㄢˋ-ㄨㄤˋ
慈云山	慈雲山	ㄘˊ-ㄩㄣˊ-ㄕㄢ
慕容云	慕容雲	ㄇㄨˋ-ㄖㄨㄥˊ-ㄩㄣˊ
慢后	慢後	ㄇㄢˋ-ㄏㄡˋ
成千上万	成千上萬	ㄔㄥˊ-ㄑㄧㄢ-ㄕㄤˋ-ㄇㄛˋ
成千成万	成千成萬	ㄔㄥˊ-ㄑㄧㄢ-ㄔㄥˊ-ㄇㄛˋ
成千累万	成千累萬	ㄔㄥˊ-ㄑㄧㄢ-ㄌㄟˋ-ㄇㄛˋ
成天价	成天價	ㄔㄥˊ-ㄊㄧㄢ-ㄐㄧㄚˋ
成极	成極	ㄔㄥˊ-ㄐㄧˊ
成虫	成蟲	ㄔㄥˊ-ㄏㄨㄟˇ
我伙人	我夥人	ㄨㄛˇ-ㄏㄨㄛˇ-ㄖㄣˊ
戒涂	戒塗	ㄐㄧㄝˋ-ㄊㄨˊ
戮尸	戮屍	ㄌㄨˋ-ㄕ
戴胜	戴勝	ㄉㄞˋ-ㄒㄧㄥ
房仲干	房仲幹	ㄈㄤˊ-ㄓㄨㄥˋ-ㄍㄢ
房价	房價	ㄈㄤˊ-ㄐㄧㄚˋ
扁虱	扁蝨	ㄅㄧㄢˇ-ㄕ
扇叶	扇葉	ㄕㄢˋ-ㄒㄧㄝˊ
手后卵	手後卵	ㄕㄡˇ-ㄏㄡˋ-ㄌㄨㄢˇ
手后捅	手後捅	ㄕㄡˇ-ㄏㄡˋ-ㄊㄨㄥˇ
手后曲	手後曲	ㄕㄡˇ-ㄏㄡˋ-ㄑㄩˇ
手后臼	手後臼	ㄕㄡˇ-ㄏㄡˋ-ㄐㄧㄡˋ
手后跟	手後跟	ㄕㄡˇ-ㄏㄡˋ-ㄍㄣ
手后蹬	手後蹬	ㄕㄡˇ-ㄏㄡˋ-ㄉㄥˋ
手征	手徵	ㄕㄡˇ-ㄓㄥ
手征性	手徵性	ㄕㄡˇ-ㄓㄥ-ㄒㄧㄥˋ
手挹后	手挹後	ㄕㄡˇ-ㄧˋ-ㄏㄡˋ
手揜后	手揜後	ㄕㄡˇ-ㄧㄢˇ-ㄏㄡˋ
手游	手遊	ㄕㄡˇ-ㄧㄡˊ
手痒	手癢	ㄕㄡˇ-ㄧㄤˇ
才干	才幹	ㄘㄞˊ-ㄍㄢ
扒痒	扒癢	ㄆㄚˊ-ㄧㄤˇ
扒痒的	扒癢的	ㄆㄚˊ-ㄧㄤˇ-ㄉㄜ˙
打后	打後	ㄉㄚˇ-ㄏㄡˋ
打太极	打太極	ㄉㄚˇ-ㄊㄞˋ-ㄐㄧˊ
打太极拳	打太極拳	ㄉㄚˇ-ㄊㄞˋ-ㄐㄧˊ-ㄑㄩㄢˊ
打屁虫	打屁蟲	ㄉㄚˇ-ㄆㄧˋ-ㄏㄨㄟˇ
打手虫	打手蟲	ㄉㄚˇ-ㄕㄡˇ-ㄏㄨㄟˇ
打抽丰	打抽豐	ㄉㄚˇ-ㄔㄡ-ㄈㄥ
打斗	打鬥	ㄉㄚˇ-ㄉㄡˇ
打昏涂	打昏塗	ㄉㄚˇ-ㄏㄨㄣ-ㄊㄨˊ
打杠	打槓	ㄉㄚˇ-ㄍㄤ
打胜	打勝	ㄉㄚˇ-ㄒㄧㄥ
打蜡	打蠟	ㄉㄚˇ-ㄓㄚˋ
扯后腿	扯後腿	ㄔㄜˇ-ㄏㄡˋ-ㄊㄨㄟˇ
扳庄	扳莊	ㄅㄢ-ㄓㄨㄤ
扳杠	扳槓	ㄅㄢ-ㄍㄤ
扳死杠	扳死槓	ㄅㄢ-ㄙˇ-ㄍㄤ
扶他那里	扶他那裡	ㄈㄨˊ-ㄊㄚ-ㄋㄚˋ-ㄌㄧˇ
扶余	扶餘	ㄈㄨˊ-ㄩˊ
批斗	批鬥	ㄆㄧ-ㄉㄡˇ
批斗座	批鬥座	ㄆㄧ-ㄉㄡˇ-ㄗㄨㄛˋ
技痒	技癢	ㄐㄧˋ-ㄧㄤˇ
抄后路	抄後路	ㄔㄠ-ㄏㄡˋ-ㄌㄨˋ
把几火	把幾火	ㄅㄚˇ-ㄐㄧ-ㄏㄨㄛˇ
抑郁	抑鬱	ㄧˋ-ㄩˋ
抑郁症	憂鬱症	ㄧˋ-ㄩˋ-ㄓㄥˋ
抓斗	抓鬥	ㄓㄨㄚ-ㄉㄡˇ
抓痒	抓癢	ㄓㄨㄚ-ㄧㄤˇ
抗抑郁	抗抑鬱	ㄎㄤˋ-ㄧˋ-ㄩˋ
折价	折價	ㄓㄜˊ-ㄐㄧㄚˋ
披挂	披掛	ㄆㄧ-ㄍㄨㄚˋ
抬价	抬價	ㄊㄞˊ-ㄐㄧㄚˋ
抬杠	抬槓	ㄊㄞˊ-ㄍㄤ
抹台布	抹檯布	ㄇㄛˇ-ㄊㄞˊ-ㄅㄨˋ
抹干	抹乾	ㄇㄛˇ-ㄍㄢ
押后	押後	ㄧㄚ-ㄏㄡˋ
押尾后	押尾後	ㄧㄚ-ㄨㄟˇ-ㄏㄡˋ
拆屁虫	拆屁蟲	ㄔㄞ-ㄆㄧˋ-ㄏㄨㄟˇ
拆白党	拆白黨	ㄔㄞ-ㄅㄞˊ-ㄉㄤˇ
拉后腿	拉後腿	ㄌㄚ-ㄏㄡˋ-ㄊㄨㄟˇ
拍价	拍價	ㄆㄞ-ㄐㄧㄚˋ
拍木胜	拍木勝	ㄆㄞ-ㄇㄨˋ-ㄒㄧㄥ
拍种	拍種	ㄆㄞ-ㄔㄨㄥˊ
拓跋范	拓跋範	ㄊㄨㄛˋ-ㄅㄚˊ-ㄈㄢˋ
拖后腿	拖後腿	ㄊㄨㄛ-ㄏㄡˋ-ㄊㄨㄟˇ
拖挂	拖掛	ㄊㄨㄛ-ㄍㄨㄚˋ
拗郁	拗鬱	ㄋㄧㄡˋ-ㄩˋ
拙干	拙幹	ㄓㄨㄛˊ-ㄍㄢ
拙朴	拙樸	ㄓㄨㄛˊ-ㄆㄨˊ
拜几	拜幾	ㄅㄞˋ-ㄐㄧ
拳万	拳萬	ㄑㄩㄢˊ-ㄇㄛˋ
挂一漏万	掛一漏萬	ㄍㄨㄚˋ-ㄧ-ㄌㄡˋ-ㄇㄛˋ
挂件	掛件	ㄍㄨㄚˋ-ㄐㄧㄢˋ
挂住	掛住	ㄍㄨㄚˋ-ㄓㄨˋ
挂失	掛失	ㄍㄨㄚˋ-ㄕ
挂川	掛川	ㄍㄨㄚˋ-ㄔㄨㄢ
挂彩	掛彩	ㄍㄨㄚˋ-ㄘㄞˇ
挂意	掛意	ㄍㄨㄚˋ-ㄧˋ
挂拍	掛拍	ㄍㄨㄚˋ-ㄆㄞ
挂斗	掛斗	ㄍㄨㄚˋ-ㄉㄡˇ
挂果	掛果	ㄍㄨㄚˋ-ㄍㄨㄛˇ
挂欠	掛欠	ㄍㄨㄚˋ-ㄑㄧㄢˋ
挂毯	掛毯	ㄍㄨㄚˋ-ㄊㄢˇ
挂水	掛水	ㄍㄨㄚˋ-ㄕㄨㄟˇ
挂波	掛波	ㄍㄨㄚˋ-ㄆㄛ
挂漏	掛漏	ㄍㄨㄚˋ-ㄌㄡˋ
挂炮	掛炮	ㄍㄨㄚˋ-ㄆㄠˋ
挂科	掛科	ㄍㄨㄚˋ-ㄎㄜ
挂耳咖啡	掛耳咖啡	ㄍㄨㄚˋ-ㄦˇ-ㄎㄚ-ㄈㄟ
挂花	掛花	ㄍㄨㄚˋ-ㄏㄨㄚ
挂蛋	掛蛋	ㄍㄨㄚˋ-ㄉㄢˋ
挂表	掛錶	ㄍㄨㄚˋ-ㄅㄧㄠˇ
挂逼	掛逼	ㄍㄨㄚˋ-ㄅㄧ
挂雨	掛雨	ㄍㄨㄚˋ-ㄩˇ
挂靠	掛靠	ㄍㄨㄚˋ-ㄎㄠˋ
挂面	掛麵	ㄍㄨㄚˋ-ㄇㄧㄢˋ
挂靴	掛靴	ㄍㄨㄚˋ-ㄒㄩㄝ
挂鞋	掛鞋	ㄍㄨㄚˋ-ㄒㄧㄝˊ
挂黑板	掛黑板	ㄍㄨㄚˋ-ㄏㄟ-ㄅㄢˇ
指征	指徵	ㄓˇ-ㄓㄥ
挑斗	挑鬥	ㄊㄧㄠ-ㄉㄡˇ
挨斗	挨鬥	ㄞ-ㄉㄡˇ
挨痒	挨癢	ㄞ-ㄧㄤˇ
捃采	捃採	ㄐㄩㄣˋ-ㄘㄞˇ
捉奸在床	捉姦在床	ㄓㄨㄛ-ㄐㄧㄢ-ㄗㄞˋ-ㄔㄨㄤˊ
捉字虱	捉字蝨	ㄓㄨㄛ-ㄗˋ-ㄕ
捉虫	捉蟲	ㄓㄨㄛ-ㄏㄨㄟˇ
捕虫	捕蟲	ㄅㄨˇ-ㄏㄨㄟˇ
据在	據在	ㄐㄩˋ-ㄗㄞˋ
据守	據守	ㄐㄩˋ-ㄕㄡˇ
据悉	據悉	ㄐㄩˋ-ㄒㄧ
据我所知	據我所知	ㄐㄩˋ-ㄨㄛˇ-ㄙㄨㄛˇ-ㄓ
据指	據指	ㄐㄩˋ-ㄓˇ
据有	據有	ㄐㄩˋ-ㄧㄡˇ
掉价	掉價	ㄉㄧㄠˋ-ㄐㄧㄚˋ
掌柜	掌櫃	ㄓㄤˇ-ㄍㄨㄟˋ
掌柜的	掌櫃的	ㄓㄤˇ-ㄍㄨㄟˋ-ㄉㄜ˙
排云	排雲	ㄆㄞˊ-ㄩㄣˊ
掖种	掖種	ㄧˋ-ㄔㄨㄥˊ
掘墓鞭尸	掘墓鞭屍	ㄐㄩㄝˊ-ㄇㄨˋ-ㄅㄧㄢ-ㄕ
掠准	掠準	ㄌㄩㄝˋ-ㄓㄨㄣˇ
探胜	探勝	ㄊㄢˋ-ㄒㄧㄥ
掣后腿	掣後腿	ㄔㄜˋ-ㄏㄡˋ-ㄊㄨㄟˇ
接后	接後	ㄐㄧㄝ-ㄏㄡˋ
接后岫	接後岫	ㄐㄧㄝ-ㄏㄡˋ-ㄒㄧㄡˋ
接种	接種	ㄐㄧㄝ-ㄔㄨㄥˊ
推屎虫	推屎蟲	ㄊㄨㄟ-ㄕˇ-ㄏㄨㄟˇ
推广	推廣	ㄊㄨㄟ-ㄧㄢˇ
推而广之	推而廣之	ㄊㄨㄟ-ㄦˊ-ㄧㄢˇ-ㄓ
推荐信	推薦信	ㄊㄨㄟ-ㄐㄧㄢˋ-ㄒㄧㄣˋ
提价	提價	ㄊㄧˊ-ㄐㄧㄚˋ
提子干	提子乾	ㄊㄧˊ-ㄗˇ-ㄍㄢ
提干	提幹	ㄊㄧˊ-ㄍㄢ
插一杠子	插一槓子	ㄔㄚ-ㄧ-ㄍㄤ-ㄗˇ
插朴	插樸	ㄔㄚ-ㄆㄨˊ
插杠子	插槓子	ㄔㄚ-ㄍㄤ-ㄗˇ
揩台布	揩檯布	ㄎㄞ-ㄊㄞˊ-ㄅㄨˋ
揸庄	揸莊	ㄓㄚ-ㄓㄨㄤ
搏斗	搏鬥	ㄅㄛˊ-ㄉㄡˇ
搔痒	搔癢	ㄙㄠ-ㄧㄤˇ
搔痒棒	搔癢棒	ㄙㄠ-ㄧㄤˇ-ㄅㄤˋ
搿搭里	搿搭裡	ㄍㄜˊ-ㄉㄚ-ㄌㄧˇ
摒价	摒價	ㄅㄧㄥˋ-ㄐㄧㄚˋ
摔后炮	摔後炮	ㄕㄨㄞ-ㄏㄡˋ-ㄆㄠˋ
撒种	撒種	ㄙㄚ-ㄔㄨㄥˊ
撤柜	撤櫃	ㄔㄜˋ-ㄍㄨㄟˋ
撩事斗非	撩事鬥非	ㄌㄧㄠˊ-ㄕˋ-ㄉㄡˇ-ㄈㄟ
撩是斗非	撩是鬥非	ㄌㄧㄠˊ-ㄕˋ-ㄉㄡˇ-ㄈㄟ
撬杠	撬槓	ㄑㄧㄠ-ㄍㄤ
播种	播種	ㄅㄛ-ㄔㄨㄥˊ
擅于	擅於	ㄕㄢˋ-ㄩˊ
擘价	擘價	ㄅㄛˋ-ㄐㄧㄚˋ
擡杠	擡槓	ㄊㄞˊ-ㄍㄤ
擢价	擢價	ㄓㄨㄛˊ-ㄐㄧㄚˋ
擢后跤	擢後跤	ㄓㄨㄛˊ-ㄏㄡˋ-ㄐㄧㄠ
擦干	擦乾	ㄘㄚ-ㄍㄢ
收尸	收屍	ㄕㄡ-ㄕ
收据	收據	ㄕㄡ-ㄐㄩˋ
放价	放價	ㄈㄤˇ-ㄐㄧㄚˋ
放光虫	放光蟲	ㄈㄤˋ-ㄍㄨㄤ-ㄏㄨㄟˇ
放在眼里	放在眼裡	ㄈㄤˋ-ㄗㄞˋ-ㄧㄢˇ-ㄌㄧˇ
放射虫	放射蟲	ㄈㄤˋ-ㄕㄜˋ-ㄏㄨㄟˇ
放屁虫	放屁蟲	ㄈㄤˋ-ㄆㄧˋ-ㄏㄨㄟˇ
政党	政黨	ㄓㄥˋ-ㄉㄤˇ
政治正确	政治正確	ㄓㄥˋ-ㄓˋ-ㄓㄥˋ-ㄑㄩㄝˋ
政确	政確	ㄓㄥˋ-ㄑㄩㄝˋ
故地重游	故地重遊	ㄍㄨˋ-ㄉㄧˋ-ㄓㄨㄥˋ-ㄧㄡˊ
效价	效價	ㄒㄧㄠˋ-ㄐㄧㄚˋ
教范	教範	ㄐㄧㄠ-ㄈㄢˋ
敢于	敢於	ㄍㄢˇ-ㄩˊ
散凶	散兇	ㄙㄢˋ-ㄒㄩㄥ
散凶人	散兇人	ㄙㄢˋ-ㄒㄩㄥ-ㄖㄣˊ
敦朴	敦樸	ㄉㄨㄣ-ㄆㄨˊ
敲竹杠	敲竹槓	ㄑㄧㄠ-ㄓㄨˊ-ㄍㄤ
整党	整黨	ㄓㄥˇ-ㄉㄤˇ
文件柜	檔案櫃	ㄨㄣˊ-ㄐㄧㄢˋ-ㄍㄨㄟˋ
文种	文種	ㄨㄣˊ-ㄔㄨㄥˊ
斑斑云	斑斑雲	ㄅㄢ-ㄅㄢ-ㄩㄣˊ
斗伴	鬥伴	ㄉㄡˇ-ㄅㄢˋ
斗力	鬥力	ㄉㄡˇ-ㄌㄧˋ
斗勇	鬥勇	ㄉㄡˇ-ㄩㄥˇ
斗叶子	鬥葉子	ㄉㄡˇ-ㄒㄧㄝˊ-ㄗˇ
斗嘴	鬥嘴	ㄉㄡˇ-ㄗㄨㄟˇ
斗地主	鬥地主	ㄉㄡˇ-ㄉㄧˋ-ㄓㄨˇ
斗墟	鬥墟	ㄉㄡˇ-ㄒㄩ
斗士	鬥士	ㄉㄡˇ-ㄕˋ
斗志	鬥志	ㄉㄡˇ-ㄓˋ
斗手	鬥手	ㄉㄡˇ-ㄕㄡˇ
斗批改	鬥批改	ㄉㄡˇ-ㄆㄧ-ㄍㄞˇ
斗插	鬥插	ㄉㄡˇ-ㄔㄚ
斗插手	鬥插手	ㄉㄡˇ-ㄔㄚ-ㄕㄡˇ
斗搭	鬥搭	ㄉㄡˇ-ㄉㄚ
斗智	鬥智	ㄉㄡˇ-ㄓˋ
斗智斗勇	鬥智鬥勇	ㄉㄡˇ-ㄓˋ-ㄉㄡˇ-ㄩㄥˇ
斗木	鬥木	ㄉㄡˇ-ㄇㄨˋ
斗木佬	鬥木佬	ㄉㄡˇ-ㄇㄨˋ-ㄌㄠˇ
斗牛士	鬥牛士	ㄉㄡˇ-ㄋㄧㄡˊ-ㄕˋ
斗牛梗	鬥牛梗	ㄉㄡˇ-ㄋㄧㄡˊ-ㄍㄥˇ
斗牛犬	鬥牛犬	ㄉㄡˇ-ㄋㄧㄡˊ-ㄑㄩㄢˇ
斗狗	鬥狗	ㄉㄡˇ-ㄍㄡˇ
斗相共	鬥相共	ㄉㄡˇ-ㄒㄧㄤˋ-ㄍㄨㄥˋ
斗眼	鬥眼	ㄉㄡˇ-ㄧㄢˇ
斗私批修	鬥私批修	ㄉㄡˇ-ㄙ-ㄆㄧ-ㄒㄧㄡ
斗股	鬥股	ㄉㄡˇ-ㄍㄨˇ
斗蟋蟀	鬥蟋蟀	ㄉㄡˇ-ㄒㄧ-ㄕㄨㄞˋ
斗趣	鬥趣	ㄉㄡˇ-ㄑㄩˋ
斗跤手	鬥跤手	ㄉㄡˇ-ㄐㄧㄠ-ㄕㄡˇ
斗跤搭	鬥跤搭	ㄉㄡˇ-ㄐㄧㄠ-ㄉㄚ
斜杠	斜槓	ㄒㄧㄝˊ-ㄍㄤ
斜杠族	斜槓族	ㄒㄧㄝˊ-ㄍㄤ-ㄗㄨˊ
斜黝帘石	斜黝簾石	ㄒㄧㄝˊ-ㄧㄡˇ-ㄌㄧㄢˊ-ㄕˊ
新世界党	新世界黨	ㄒㄧㄣ-ㄕˋ-ㄐㄧㄝˋ-ㄉㄤˇ
新丰	新豐	ㄒㄧㄣ-ㄈㄥ
新党	新黨	ㄒㄧㄣ-ㄉㄤˇ
新厂	新廠	ㄒㄧㄣ-ㄏㄢˇ
新叶	新葉	ㄒㄧㄣ-ㄒㄧㄝˊ
新干	新幹	ㄒㄧㄣ-ㄍㄢ
新广武	新廣武	ㄒㄧㄣ-ㄧㄢˇ-ㄨˇ
新庄	新莊	ㄒㄧㄣ-ㄓㄨㄤ
新房厝里	新房厝裡	ㄒㄧㄣ-ㄈㄤˊ-ㄘㄨㄛˋ-ㄌㄧˇ
新民主党	新民主黨	ㄒㄧㄣ-ㄇㄧㄣˊ-ㄓㄨˇ-ㄉㄤˇ
新芬党	新芬黨	ㄒㄧㄣ-ㄈㄣ-ㄉㄤˇ
新霉素	新黴素	ㄒㄧㄣ-ㄇㄟˊ-ㄙㄨˋ
方丰	方豐	ㄈㄤ-ㄈㄥ
方广	方廣	ㄈㄤ-ㄧㄢˇ
旁征博引	旁徵博引	ㄆㄤˊ-ㄓㄥ-ㄅㄛˊ-ㄧㄣˇ
旅游	旅遊	ㄌㄩˇ-ㄧㄡˊ
旅游巴	旅遊巴	ㄌㄩˇ-ㄧㄡˊ-ㄅㄚ
旅游者	旅遊者	ㄌㄩˇ-ㄧㄡˊ-ㄓㄜˇ
旅游鞋	旅遊鞋	ㄌㄩˇ-ㄧㄡˊ-ㄒㄧㄝˊ
旋后	旋後	ㄒㄩㄢˊ-ㄏㄡˋ
旋毛虫	旋毛蟲	ㄒㄩㄢˊ-ㄇㄠˊ-ㄏㄨㄟˇ
旋毛虫病	旋毛蟲病	ㄒㄩㄢˊ-ㄇㄠˊ-ㄏㄨㄟˇ-ㄅㄧㄥˋ
日中心里	日中心裡	ㄖˋ-ㄓㄨㄥ-ㄒㄧㄣ-ㄌㄧˇ
日后	日後	ㄖˋ-ㄏㄡˋ
日影里	日影裡	ㄖˋ-ㄧㄥˇ-ㄌㄧˇ
日据	日據	ㄖˋ-ㄐㄩˋ
日晒床	日曬床	ㄖˋ-ㄕㄞˋ-ㄔㄨㄤˊ
昆虫	昆蟲	ㄎㄨㄣ-ㄏㄨㄟˇ
昊天罔极	昊天罔極	ㄏㄠˋ-ㄊㄧㄢ-ㄨㄤˇ-ㄐㄧˊ
明日叶	明日葉	ㄇㄧㄥˊ-ㄖˋ-ㄒㄧㄝˊ
明杠	明槓	ㄇㄧㄥˊ-ㄍㄤ
明知就里	明知就裡	ㄇㄧㄥˊ-ㄓ-ㄐㄧㄡˋ-ㄌㄧˇ
明确	明確	ㄇㄧㄥˊ-ㄑㄩㄝˋ
明落后日	明落後日	ㄇㄧㄥˊ-ㄌㄨㄛˋ-ㄏㄡˋ-ㄖˋ
明里	明裡	ㄇㄧㄥˊ-ㄌㄧˇ
明里暗里	明裡暗裡	ㄇㄧㄥˊ-ㄌㄧˇ-ㄢˋ-ㄌㄧˇ
易于	易於	ㄧˋ-ㄩˊ
星云	星雲	ㄒㄧㄥ-ㄩㄣˊ
星期几	星期幾	ㄒㄧㄥ-ㄑㄧˊ-ㄐㄧ
春叶	春葉	ㄔㄨㄣ-ㄒㄧㄝˊ
春天里	春天裡	ㄔㄨㄣ-ㄊㄧㄢ-ㄌㄧˇ
春游	春遊	ㄔㄨㄣ-ㄧㄡˊ
春种	春種	ㄔㄨㄣ-ㄔㄨㄥˊ
春里	春裡	ㄔㄨㄣ-ㄌㄧˇ
晃杠仔	晃槓仔	ㄏㄨㄤˋ-ㄍㄤ-ㄗˇ
晒冷	曬冷	ㄕㄞˋ-ㄌㄥˇ
晒台	曬台	ㄕㄞˋ-ㄊㄞˊ
晒命	曬命	ㄕㄞˋ-ㄇㄧㄥˋ
晒客	曬客	ㄕㄞˋ-ㄎㄜˋ
晒干	曬乾	ㄕㄞˋ-ㄍㄢ
晒暖	曬暖	ㄕㄞˋ-ㄋㄨㄢˇ
晒暖暖	曬暖暖	ㄕㄞˋ-ㄋㄨㄢˇ-ㄋㄨㄢˇ
晒棚	曬棚	ㄕㄞˋ-ㄆㄥˊ
晒照	曬照	ㄕㄞˋ-ㄓㄠˋ
晒牙	曬牙	ㄕㄞˋ-ㄧㄚˊ
晒痕	曬痕	ㄕㄞˋ-ㄏㄣˊ
晒相	曬相	ㄕㄞˋ-ㄒㄧㄤˋ
晒黑床	曬黑床	ㄕㄞˋ-ㄏㄟ-ㄔㄨㄤˊ
晒黑族	曬黑族	ㄕㄞˋ-ㄏㄟ-ㄗㄨˊ
普世价值	普世價值	ㄆㄨˇ-ㄕˋ-ㄐㄧㄚˋ-ㄓˊ
普确信	普確信	ㄆㄨˇ-ㄑㄩㄝˋ-ㄒㄧㄣˋ
普适	普適	ㄆㄨˇ-ㄍㄨㄚ
普适性	普適性	ㄆㄨˇ-ㄍㄨㄚ-ㄒㄧㄥˋ
普遍价值	普遍價值	ㄆㄨˇ-ㄅㄧㄢˋ-ㄐㄧㄚˋ-ㄓˊ
晴空万里	晴空萬里	ㄑㄧㄥˊ-ㄎㄨㄥ-ㄇㄛˋ-ㄌㄧˇ
智胜	智勝	ㄓˋ-ㄒㄧㄥ
晾干	晾乾	ㄌㄧㄤˋ-ㄍㄢ
晾晒	晾曬	ㄌㄧㄤˋ-ㄕㄞˋ
暖帘	暖簾	ㄋㄨㄢˇ-ㄌㄧㄢˊ
暗云	暗雲	ㄢˋ-ㄩㄣˊ
暗地里	暗地裡	ㄢˋ-ㄉㄧˋ-ㄌㄧˇ
暗斗	暗鬥	ㄢˋ-ㄉㄡˇ
暗杠	暗槓	ㄢˋ-ㄍㄤ
暗涌	暗湧	ㄢˋ-ㄩㄥˇ
暗里	暗裡	ㄢˋ-ㄌㄧˇ
暴凶	暴兇	ㄅㄠˋ-ㄒㄩㄥ
暴尸	暴屍	ㄅㄠˋ-ㄕ
暴尸于市	暴屍於市	ㄅㄠˋ-ㄕ-ㄩˊ-ㄕˋ
暴晒	暴曬	ㄅㄠˋ-ㄕㄞˋ
暴腌	暴醃	ㄅㄠˋ-ㄤ
曲痀虫	曲痀蟲	ㄑㄩˇ-ㄐㄩ-ㄏㄨㄟˇ
最后	最後	ㄗㄨㄟˋ-ㄏㄡˋ
最后通牒	最後通牒	ㄗㄨㄟˋ-ㄏㄡˋ-ㄊㄨㄥ-ㄉㄧㄝˊ
最适	最適	ㄗㄨㄟˋ-ㄍㄨㄚ
最适化	最適化	ㄗㄨㄟˋ-ㄍㄨㄚ-ㄏㄨㄚˋ
月子里	月子裡	ㄩㄝˋ-ㄗ˙-ㄌㄧˇ
月里	月裡	ㄩㄝˋ-ㄌㄧˇ
月里向	月裡向	ㄩㄝˋ-ㄌㄧˇ-ㄒㄧㄤˋ
月里囝	月裡囝	ㄩㄝˋ-ㄌㄧˇ-ㄋㄢ
有价	有價	ㄧㄡˇ-ㄐㄧㄚˋ
有价值	有價值	ㄧㄡˇ-ㄐㄧㄚˋ-ㄓˊ
有余	有餘	ㄧㄡˇ-ㄩˊ
有几何	有幾何	ㄧㄡˇ-ㄐㄧ-ㄏㄜˊ
有助于	有助於	ㄧㄡˇ-ㄓㄨˋ-ㄩˊ
有悖于	有悖於	ㄧㄡˇ-ㄅㄟˋ-ㄩˊ
有极	有極	ㄧㄡˇ-ㄐㄧˊ
有枝添叶	有枝添葉	ㄧㄡˇ-ㄓ-ㄊㄧㄢ-ㄒㄧㄝˊ
有理有据	有理有據	ㄧㄡˇ-ㄌㄧˇ-ㄧㄡˇ-ㄐㄩˋ
有种	有種	ㄧㄡˇ-ㄔㄨㄥˊ
有色人种	有色人種	ㄧㄡˇ-ㄙㄜˋ-ㄖㄣˊ-ㄔㄨㄥˊ
朋党	朋黨	ㄆㄥˊ-ㄉㄤˇ
朔庄	朔莊	ㄕㄨㄛˋ-ㄓㄨㄤ
朝后	朝後	ㄔㄠˊ-ㄏㄡˋ
木叶	木葉	ㄇㄨˋ-ㄒㄧㄝˊ
木村干	木村幹	ㄇㄨˋ-ㄘㄨㄣ-ㄍㄢ
木柜子	木櫃子	ㄇㄨˋ-ㄍㄨㄟˋ-ㄗˇ
木虱	木蝨	ㄇㄨˋ-ㄕ
未几	未幾	ㄨㄟˋ-ㄐㄧ
末叶	末葉	ㄇㄛˋ-ㄒㄧㄝˊ
末后	末後	ㄇㄛˋ-ㄏㄡˋ
末愿	末願	ㄇㄛˋ-ㄩㄢˋ
本党	本黨	ㄅㄣˇ-ㄉㄤˇ
本地种	本地種	ㄅㄣˇ-ㄉㄧˋ-ㄔㄨㄥˊ
本庄	本莊	ㄅㄣˇ-ㄓㄨㄤ
本征	本徵	ㄅㄣˇ-ㄓㄥ
本征值	本徵值	ㄅㄣˇ-ㄓㄥ-ㄓˊ
本征向量	本徵向量	ㄅㄣˇ-ㄓㄥ-ㄒㄧㄤˋ-ㄌㄧㄤˋ
本愿	本願	ㄅㄣˇ-ㄩㄢˋ
本杰明	本傑明	ㄅㄣˇ-ㄐㄧㄝˊ-ㄇㄧㄥˊ
朱子价	朱子價	ㄓㄨ-ㄗˇ-ㄐㄧㄚˋ
朱子庄	朱子莊	ㄓㄨ-ㄗˇ-ㄓㄨㄤ
朱子范	朱子範	ㄓㄨ-ㄗˇ-ㄈㄢˋ
朱明征	朱明徵	ㄓㄨ-ㄇㄧㄥˊ-ㄓㄥ
朴次茅斯	樸次茅斯	ㄆㄨˊ-ㄘˋ-ㄇㄠˊ-ㄙ
朴落	樸落	ㄆㄨˊ-ㄌㄨㄛˋ
朵云	朵雲	ㄉㄨㄛˇ-ㄩㄣˊ
李子万	李子萬	ㄌㄧˇ-ㄗ˙-ㄇㄛˋ
李子干	李子乾	ㄌㄧˇ-ㄗ˙-ㄍㄢ
李子胜	李子勝	ㄌㄧˇ-ㄗ˙-ㄒㄧㄥ
李子荐	李子薦	ㄌㄧˇ-ㄗ˙-ㄐㄧㄢˋ
李家杰	李家傑	ㄌㄧˇ-ㄐㄧㄚ-ㄐㄧㄝˊ
李富庄	李富莊	ㄌㄧˇ-ㄈㄨˋ-ㄓㄨㄤ
李德胜	李德勝	ㄌㄧˇ-ㄉㄜˊ-ㄒㄧㄥ
李白云	李白雲	ㄌㄧˇ-ㄅㄞˊ-ㄩㄣˊ
材干	材幹	ㄘㄞˊ-ㄍㄢ
材种	材種	ㄘㄞˊ-ㄔㄨㄥˊ
杠上了	槓上了	ㄍㄤ-ㄕㄤˋ-ㄌㄜ˙
杠仔	槓仔	ㄍㄤ-ㄗˇ
杠夫	槓夫	ㄍㄤ-ㄈㄨ
杠子	槓子	ㄍㄤ-ㄗˇ
杠杆	槓桿	ㄍㄤ-ㄍㄢ
杠杠	槓槓	ㄍㄤ-ㄍㄤ
杠杠疵	槓槓疵	ㄍㄤ-ㄍㄤ-ㄘ
杠杠的	槓槓的	ㄍㄤ-ㄍㄤ-ㄉㄜ˙
杠桿	槓桿	ㄍㄤ-ㄍㄢˇ
杠秤	槓秤	ㄍㄤ-ㄔㄥˋ
杠精	槓精	ㄍㄤ-ㄐㄧㄥ
杰伊	傑伊	ㄐㄧㄝˊ-ㄧ
杰作	傑作	ㄐㄧㄝˊ-ㄗㄨㄛˋ
杰克	傑克	ㄐㄧㄝˊ-ㄎㄜˋ
杰克曼	傑克曼	ㄐㄧㄝˊ-ㄎㄜˋ-ㄇㄢˋ
杰克森	傑克森	ㄐㄧㄝˊ-ㄎㄜˋ-ㄙㄣ
杰出	傑出	ㄐㄧㄝˊ-ㄔㄨ
杰奎琳	傑奎琳	ㄐㄧㄝˊ-ㄎㄨㄟˊ-ㄌㄧㄣˊ
杰拉德	傑拉德	ㄐㄧㄝˊ-ㄌㄚ-ㄉㄜˊ
杰茜卡	傑茜卡	ㄐㄧㄝˊ-ㄑㄧㄢˋ-ㄎㄚˇ
杰西卡	傑西卡	ㄐㄧㄝˊ-ㄒㄧ-ㄎㄚˇ
杰里科	傑里科	ㄐㄧㄝˊ-ㄌㄧˇ-ㄎㄜ
杰里米	傑里米	ㄐㄧㄝˊ-ㄌㄧˇ-ㄇㄧˇ
杵筑	杵築	ㄔㄨˇ-ㄓㄨˊ
松叶	松葉	ㄙㄨㄥ-ㄒㄧㄝˊ
松毛虫	松毛蟲	ㄙㄨㄥ-ㄇㄠˊ-ㄏㄨㄟˇ
板筑	板築	ㄅㄢˇ-ㄓㄨˊ
极之	極之	ㄐㄧˊ-ㄓ
极了	極了	ㄐㄧˊ-ㄌㄜ˙
极仔	極仔	ㄐㄧˊ-ㄗˇ
极值	極值	ㄐㄧˊ-ㄓˊ
极光	極光	ㄐㄧˊ-ㄍㄨㄤ
极其	極其	ㄐㄧˊ-ㄑㄧˊ
极其量	極其量	ㄐㄧˊ-ㄑㄧˊ-ㄌㄧㄤˊ
极具	極具	ㄐㄧˊ-ㄐㄩˋ
极冠	極冠	ㄐㄧˊ-ㄍㄨㄢˋ
极刑	極刑	ㄐㄧˊ-ㄒㄧㄥˊ
极力	極力	ㄐㄧˊ-ㄌㄧˋ
极力子	極力子	ㄐㄧˊ-ㄌㄧˋ-ㄗˇ
极加	極加	ㄐㄧˊ-ㄐㄧㄚ
极化	極化	ㄐㄧˊ-ㄏㄨㄚˋ
极化性	極化性	ㄐㄧˊ-ㄏㄨㄚˋ-ㄒㄧㄥˋ
极化率	極化率	ㄐㄧˊ-ㄏㄨㄚˋ-ㄌㄩˋ
极危	極危	ㄐㄧˊ-ㄨㄟˊ
极右	極右	ㄐㄧˊ-ㄧㄡˋ
极右派	極右派	ㄐㄧˊ-ㄧㄡˋ-ㄆㄞˋ
极右翼	極右翼	ㄐㄧˊ-ㄧㄡˋ-ㄧˋ
极品	極品	ㄐㄧˊ-ㄆㄧㄣˇ
极圈	極圈	ㄐㄧˊ-ㄑㄩㄢ
极地	極地	ㄐㄧˊ-ㄉㄧˋ
极夜	極夜	ㄐㄧˊ-ㄧㄝˋ
极大	極大	ㄐㄧˊ-ㄉㄚˋ
极大值	極大值	ㄐㄧˊ-ㄉㄚˋ-ㄓˊ
极好	極好	ㄐㄧˊ-ㄏㄠˇ
极子	極子	ㄐㄧˊ-ㄗˇ
极客	極客	ㄐㄧˊ-ㄎㄜˋ
极小	極小	ㄐㄧˊ-ㄒㄧㄠˇ
极小值	極小值	ㄐㄧˊ-ㄒㄧㄠˇ-ㄓˊ
极少	極少	ㄐㄧˊ-ㄕㄠˇ
极左	極左	ㄐㄧˊ-ㄗㄨㄛˇ
极左派	極左派	ㄐㄧˊ-ㄗㄨㄛˇ-ㄆㄞˋ
极左翼	極左翼	ㄐㄧˊ-ㄗㄨㄛˇ-ㄧˋ
极差	極差	ㄐㄧˊ-ㄔㄚ
极帽	極帽	ㄐㄧˊ-ㄇㄠˋ
极年	極年	ㄐㄧˊ-ㄋㄧㄢˊ
极度	極度	ㄐㄧˊ-ㄉㄨˋ
极性	極性	ㄐㄧˊ-ㄒㄧㄥˋ
极意	極意	ㄐㄧˊ-ㄧˋ
极是	極是	ㄐㄧˊ-ㄕˋ
极板	極板	ㄐㄧˊ-ㄅㄢˇ
极核	極核	ㄐㄧˊ-ㄏㄜˊ
极步	極步	ㄐㄧˊ-ㄅㄨˋ
极死	極死	ㄐㄧˊ-ㄙˇ
极盛	極盛	ㄐㄧˊ-ㄕㄥˋ
极目	極目	ㄐㄧˊ-ㄇㄨˋ
极端	極端	ㄐㄧˊ-ㄉㄨㄢ
极端分子	極端分子	ㄐㄧˊ-ㄉㄨㄢ-ㄈㄣ-ㄗˇ
极端化	極端化	ㄐㄧˊ-ㄉㄨㄢ-ㄏㄨㄚˋ
极致	極致	ㄐㄧˊ-ㄓˋ
极超新星	極超新星	ㄐㄧˊ-ㄔㄠ-ㄒㄧㄣ-ㄒㄧㄥ
极距	極距	ㄐㄧˊ-ㄐㄩˋ
极速	極速	ㄐㄧˊ-ㄙㄨˋ
极道	極道	ㄐㄧˊ-ㄉㄠˋ
极量	極量	ㄐㄧˊ-ㄌㄧㄤˊ
极限	極限	ㄐㄧˊ-ㄒㄧㄢˋ
极音速	極音速	ㄐㄧˊ-ㄧㄣ-ㄙㄨˋ
极高	極高	ㄐㄧˊ-ㄍㄠ
枕叶	枕葉	ㄓㄣˇ-ㄒㄧㄝˊ
果干	果乾	ㄍㄨㄛˇ-ㄍㄢ
果庄	果莊	ㄍㄨㄛˇ-ㄓㄨㄤ
枝厘	枝釐	ㄓ-ㄌㄧˊ
枝叶	枝葉	ㄓ-ㄒㄧㄝˊ
枝干	枝幹	ㄓ-ㄍㄢ
枝繁叶茂	枝繁葉茂	ㄓ-ㄈㄢˊ-ㄒㄧㄝˊ-ㄇㄠˋ
枯叶	枯葉	ㄎㄨ-ㄒㄧㄝˊ
枯叶蛾	枯葉蛾	ㄎㄨ-ㄒㄧㄝˊ-ㄜˊ
枯干	枯乾	ㄎㄨ-ㄍㄢ
某种	某種	ㄇㄡˇ-ㄔㄨㄥˊ
柜位	櫃位	ㄍㄨㄟˋ-ㄨㄟˋ
柜台	櫃檯	ㄍㄨㄟˋ-ㄊㄞˊ
柜姐	櫃姐	ㄍㄨㄟˋ-ㄐㄧㄝˇ
柜子	櫃子	ㄍㄨㄟˋ-ㄗˇ
柜桶	櫃桶	ㄍㄨㄟˋ-ㄊㄨㄥˇ
查价	查價	ㄔㄚˊ-ㄐㄧㄚˋ
柳叶刀	柳葉刀	ㄌㄧㄡˇ-ㄒㄧㄝˊ-ㄉㄠ
校准	校準	ㄒㄧㄠˋ-ㄓㄨㄣˇ
核心价值	核心價值	ㄏㄜˊ-ㄒㄧㄣ-ㄐㄧㄚˋ-ㄓˊ
核种	核種	ㄏㄜˊ-ㄔㄨㄥˊ
根干	根幹	ㄍㄣ-ㄍㄢ
根据	根據	ㄍㄣ-ㄐㄩˋ
根据地	根據地	ㄍㄣ-ㄐㄩˋ-ㄉㄧˋ
根霉菌	根黴菌	ㄍㄣ-ㄇㄟˊ-ㄐㄩㄣˋ
格斗	格鬥	ㄍㄜˊ-ㄉㄡˇ
栽培种	栽培種	ㄗㄞ-ㄆㄟˊ-ㄔㄨㄥˊ
栽种	栽種	ㄗㄞ-ㄔㄨㄥˊ
桃叶	桃葉	ㄊㄠˊ-ㄒㄧㄝˊ
案据	案據	ㄢˋ-ㄐㄩˋ
桌游	桌遊	ㄓㄨㄛ-ㄧㄡˊ
桑仔叶	桑仔葉	ㄙㄤ-ㄗˇ-ㄒㄧㄝˊ
桑叶	桑葉	ㄙㄤ-ㄒㄧㄝˊ
桑叶它它	桑葉它它	ㄙㄤ-ㄒㄧㄝˊ-ㄊㄚ-ㄊㄚ
桑干河	桑乾河	ㄙㄤ-ㄍㄢ-ㄏㄜˊ
梅干菜	梅乾菜	ㄇㄟˊ-ㄍㄢ-ㄘㄞˋ
械斗	械鬥	ㄒㄧㄝˋ-ㄉㄡˇ
棕种	棕種	ㄗㄨㄥ-ㄔㄨㄥˊ
棚厂	棚廠	ㄆㄥˊ-ㄏㄢˇ
椰子干	椰子乾	ㄧㄝˊ-ㄗ˙-ㄍㄢ
楔后手	楔後手	ㄒㄧㄝˋ-ㄏㄡˋ-ㄕㄡˇ
楔后空	楔後空	ㄒㄧㄝˋ-ㄏㄡˋ-ㄎㄨㄥ
榨干	榨乾	ㄓㄚˋ-ㄍㄢ
模式种	模式種	ㄇㄛˊ-ㄕˋ-ㄔㄨㄥˊ
模范	模範	ㄇㄛˊ-ㄈㄢˋ
欠据	欠據	ㄑㄧㄢˋ-ㄐㄩˋ
次于	次於	ㄘˋ-ㄩˊ
次后	次後	ㄘˋ-ㄏㄡˋ
次干路	次幹路	ㄘˋ-ㄍㄢ-ㄌㄨˋ
欱价	欱價	ㄒㄧㄚˋ-ㄐㄧㄚˋ
止于至善	止於至善	ㄓˇ-ㄩˊ-ㄓˋ-ㄕㄢˋ
止叶老	止葉老	ㄓˇ-ㄒㄧㄝˊ-ㄌㄠˇ
止痒	止癢	ㄓˇ-ㄧㄤˇ
正山小种	正山小種	ㄓㄥˋ-ㄕㄢ-ㄒㄧㄠˇ-ㄔㄨㄥˊ
正极	正極	ㄓㄥˋ-ㄐㄧˊ
正涂	正塗	ㄓㄥˋ-ㄊㄨˊ
正确	正確	ㄓㄥˋ-ㄑㄩㄝˋ
此后	此後	ㄘˇ-ㄏㄡˋ
步行虫	步行蟲	ㄅㄨˋ-ㄒㄧㄥˊ-ㄏㄨㄟˇ
武斗	武鬥	ㄨˇ-ㄉㄡˇ
歹价	歹價	ㄉㄞˇ-ㄐㄧㄚˋ
歹斗	歹鬥	ㄉㄞˇ-ㄉㄡˇ
歹种	歹種	ㄉㄞˇ-ㄔㄨㄥˊ
歹虫	歹蟲	ㄉㄞˇ-ㄏㄨㄟˇ
死么泥	死麼泥	ㄙˇ-ㄧㄠ-ㄋㄧˊ
死于非命	死於非命	ㄙˇ-ㄩˊ-ㄈㄟ-ㄇㄧㄥˋ
死党	死黨	ㄙˇ-ㄉㄤˇ
死剩种	死剩種	ㄙˇ-ㄕㄥˋ-ㄔㄨㄥˊ
死后	死後	ㄙˇ-ㄏㄡˋ
死尸	死屍	ㄙˇ-ㄕ
死愿	死願	ㄙˇ-ㄩㄢˋ
死有余辜	死有餘辜	ㄙˇ-ㄧㄡˇ-ㄩˊ-ㄍㄨ
死而后已	死而後已	ㄙˇ-ㄦˊ-ㄏㄡˋ-ㄧˇ
殊胜	殊勝	ㄕㄨ-ㄒㄧㄥ
殿后	殿後	ㄉㄧㄢˋ-ㄏㄡˋ
母范	母範	ㄇㄨˇ-ㄈㄢˋ
毒虫	毒蟲	ㄉㄨˊ-ㄏㄨㄟˇ
比价	比價	ㄅㄧˇ-ㄐㄧㄚˋ
比划	比劃	ㄅㄧˇ-ㄏㄨㄚˊ
比范	比範	ㄅㄧˇ-ㄈㄢˋ
毛叶木瓜	毛葉木瓜	ㄇㄠˊ-ㄒㄧㄝˊ-ㄇㄨˋ-ㄍㄨㄚ
毛坦厂	毛坦廠	ㄇㄠˊ-ㄊㄢˇ-ㄏㄢˇ
毛毛虫	毛毛蟲	ㄇㄠˊ-ㄇㄠˊ-ㄏㄨㄟˇ
毛狗仔虫	毛狗仔蟲	ㄇㄠˊ-ㄍㄡˇ-ㄗˇ-ㄏㄨㄟˇ
毛腊肉	毛臘肉	ㄇㄠˊ-ㄌㄚˋ-ㄖㄡˋ
毛虫	毛蟲	ㄇㄠˊ-ㄏㄨㄟˇ
毛虫子	毛蟲子	ㄇㄠˊ-ㄏㄨㄟˇ-ㄗˇ
毛虱	毛蝨	ㄇㄠˊ-ㄕ
毛蜡	毛蠟	ㄇㄠˊ-ㄓㄚˋ
毛辣虫	毛辣蟲	ㄇㄠˊ-ㄌㄚˋ-ㄏㄨㄟˇ
毫厘	毫釐	ㄏㄠˊ-ㄌㄧˊ
民丰	民豐	ㄇㄧㄣˊ-ㄈㄥ
民主党	民主黨	ㄇㄧㄣˊ-ㄓㄨˇ-ㄉㄤˇ
民主党人	民主黨人	ㄇㄧㄣˊ-ㄓㄨˇ-ㄉㄤˇ-ㄖㄣˊ
民主党派	民主黨派	ㄇㄧㄣˊ-ㄓㄨˇ-ㄉㄤˇ-ㄆㄞˋ
民政党	民政黨	ㄇㄧㄣˊ-ㄓㄥˋ-ㄉㄤˇ
氯霉素	氯黴素	ㄌㄩˋ-ㄇㄟˊ-ㄙㄨˋ
水准	水準	ㄕㄨㄟˇ-ㄓㄨㄣˇ
水准器	水準器	ㄕㄨㄟˇ-ㄓㄨㄣˇ-ㄑㄧˋ
水准面	水準面	ㄕㄨㄟˇ-ㄓㄨㄣˇ-ㄇㄧㄢˋ
水柜	水櫃	ㄕㄨㄟˇ-ㄍㄨㄟˋ
水流尸	水流屍	ㄕㄨㄟˇ-ㄌㄧㄡˊ-ㄕ
水涌	水湧	ㄕㄨㄟˇ-ㄩㄥˇ
水熊虫	水熊蟲	ㄕㄨㄟˇ-ㄒㄩㄥˊ-ㄏㄨㄟˇ
水老虫	水老蟲	ㄕㄨㄟˇ-ㄌㄠˇ-ㄏㄨㄟˇ
水霉病	水黴病	ㄕㄨㄟˇ-ㄇㄟˊ-ㄅㄧㄥˋ
永丰	永豐	ㄩㄥˇ-ㄈㄥ
永丰沙	永豐沙	ㄩㄥˇ-ㄈㄥ-ㄕㄚ
永胜	永勝	ㄩㄥˇ-ㄒㄧㄥ
求胜	求勝	ㄑㄧㄡˊ-ㄒㄧㄥ
江西腊	江西臘	ㄐㄧㄤ-ㄒㄧ-ㄌㄚˋ
江西蜡	江西蠟	ㄐㄧㄤ-ㄒㄧ-ㄓㄚˋ
沈淀	沈澱	ㄔㄣˊ-ㄉㄧㄢˋ
沈郁	沈鬱	ㄔㄣˊ-ㄩˋ
沉淀	沉澱	ㄔㄣˊ-ㄉㄧㄢˋ
沉淀物	沉澱物	ㄔㄣˊ-ㄉㄧㄢˋ-ㄨˋ
沉郁	沉鬱	ㄔㄣˊ-ㄩˋ
沖晒	沖曬	ㄔㄨㄥ-ㄕㄞˋ
沙地云杉	沙地雲杉	ㄕㄚ-ㄉㄧˋ-ㄩㄣˊ-ㄕㄢ
沙涂	沙塗	ㄕㄚ-ㄊㄨˊ
沙漠蝗虫	沙漠蝗蟲	ㄕㄚ-ㄇㄛˋ-ㄏㄨㄤˊ-ㄏㄨㄟˇ
沙种	沙種	ㄕㄚ-ㄔㄨㄥˊ
沙虫	沙蟲	ㄕㄚ-ㄏㄨㄟˇ
沙虫子	沙蟲子	ㄕㄚ-ㄏㄨㄟˇ-ㄗˇ
沰价	沰價	ㄊㄨㄛ-ㄐㄧㄚˋ
河云	河雲	ㄏㄜˊ-ㄩㄣˊ
河岳	河嶽	ㄏㄜˊ-ㄩㄝˋ
油价	油價	ㄧㄡˊ-ㄐㄧㄚˋ
油柜	油櫃	ㄧㄡˊ-ㄍㄨㄟˋ
油虫	油蟲	ㄧㄡˊ-ㄏㄨㄟˇ
治党	治黨	ㄓˋ-ㄉㄤˇ
泅游	泅遊	ㄑㄧㄡˊ-ㄧㄡˊ
法式咸派	法式鹹派	ㄈㄚˇ-ㄕˋ-ㄒㄧㄢˊ-ㄆㄞˋ
法治党	法治黨	ㄈㄚˇ-ㄓˋ-ㄉㄤˇ
泣虫	泣蟲	ㄑㄧˋ-ㄏㄨㄟˇ
泥虫子	泥蟲子	ㄋㄧˊ-ㄏㄨㄟˇ-ㄗˇ
泰佣	泰傭	ㄊㄞˋ-ㄩㄥˋ
洋洋洒洒	洋洋灑灑	ㄧㄤˊ-ㄧㄤˊ-ㄙㄚˇ-ㄙㄚˇ
洋火虫	洋火蟲	ㄧㄤˊ-ㄏㄨㄛˇ-ㄏㄨㄟˇ
洋老虫	洋老蟲	ㄧㄤˊ-ㄌㄠˇ-ㄏㄨㄟˇ
洋蜡	洋蠟	ㄧㄤˊ-ㄓㄚˋ
洒凊水	灑凊水	ㄙㄚˇ-ㄐㄧㄥˋ-ㄕㄨㄟˇ
洒埽	灑埽	ㄙㄚˇ-ㄙㄠˇ
洒洒	灑灑	ㄙㄚˇ-ㄙㄚˇ
洒洒水	灑灑水	ㄙㄚˇ-ㄙㄚˇ-ㄕㄨㄟˇ
洒狗血	灑狗血	ㄙㄚˇ-ㄍㄡˇ-ㄒㄧㄝˇ
洒胡椒面	灑胡椒麵	ㄙㄚˇ-ㄏㄨˊ-ㄐㄧㄠ-ㄇㄧㄢˋ
洒落	灑落	ㄙㄚˇ-ㄌㄨㄛˋ
洪范	洪範	ㄏㄨㄥˊ-ㄈㄢˋ
流水行云	流水行雲	ㄌㄧㄡˊ-ㄕㄨㄟˇ-ㄒㄧㄥˊ-ㄩㄣˊ
浪游	浪遊	ㄌㄤˋ-ㄧㄡˊ
浮云	浮雲	ㄈㄨˊ-ㄩㄣˊ
浮云朝露	浮雲朝露	ㄈㄨˊ-ㄩㄣˊ-ㄓㄠ-ㄌㄨˋ
浮夸	浮誇	ㄈㄨˊ-ㄎㄨㄚ
浮尸	浮屍	ㄈㄨˊ-ㄕ
浴帘	浴簾	ㄩˋ-ㄌㄧㄢˊ
海丰	海豐	ㄏㄞˇ-ㄈㄥ
海涂	海塗	ㄏㄞˇ-ㄊㄨˊ
海涌	海湧	ㄏㄞˇ-ㄩㄥˇ
浸咸水	浸鹹水	ㄐㄧㄣˋ-ㄒㄧㄢˊ-ㄕㄨㄟˇ
浸种	浸種	ㄐㄧㄣˋ-ㄔㄨㄥˊ
涂下	塗下	ㄊㄨˊ-ㄒㄧㄚˋ
涂丸	塗丸	ㄊㄨˊ-ㄨㄢˊ
涂丸仔	塗丸仔	ㄊㄨˊ-ㄨㄢˊ-ㄗˇ
涂乙	塗乙	ㄊㄨˊ-ㄧˇ
涂人	塗人	ㄊㄨˊ-ㄖㄣˊ
涂刀	塗刀	ㄊㄨˊ-ㄉㄠ
涂地公	塗地公	ㄊㄨˊ-ㄉㄧˋ-ㄍㄨㄥ
涂坑	塗坑	ㄊㄨˊ-ㄎㄥ
涂坯	塗坯	ㄊㄨˊ-ㄆㄧ
涂垢	塗垢	ㄊㄨˊ-ㄍㄡˋ
涂埕	塗埕	ㄊㄨˊ-ㄔㄥˊ
涂墼	塗墼	ㄊㄨˊ-ㄐㄧˊ
涂尪仔	塗尪仔	ㄊㄨˊ-ㄨㄤ-ㄗˇ
涂山	塗山	ㄊㄨˊ-ㄕㄢ
涂州	塗州	ㄊㄨˊ-ㄓㄡ
涂工	塗工	ㄊㄨˊ-ㄍㄨㄥ
涂巷	塗巷	ㄊㄨˊ-ㄒㄧㄤˋ
涂布	塗布	ㄊㄨˊ-ㄅㄨˋ
涂徛	塗徛	ㄊㄨˊ-ㄑㄧ
涂必蜂	塗必蜂	ㄊㄨˊ-ㄅㄧˋ-ㄈㄥ
涂抹	塗抹	ㄊㄨˊ-ㄇㄛˇ
涂挑	塗挑	ㄊㄨˊ-ㄊㄧㄠ
涂擦	塗擦	ㄊㄨˊ-ㄘㄚ
涂改	塗改	ㄊㄨˊ-ㄍㄞˇ
涂改液	塗改液	ㄊㄨˊ-ㄍㄞˇ-ㄧˋ
涂料	塗料	ㄊㄨˊ-ㄌㄧㄠˋ
涂方	塗方	ㄊㄨˊ-ㄈㄤ
涂板	塗板	ㄊㄨˊ-ㄅㄢˇ
涂水	塗水	ㄊㄨˊ-ㄕㄨㄟˇ
涂水工	塗水工	ㄊㄨˊ-ㄕㄨㄟˇ-ㄍㄨㄥ
涂污	塗污	ㄊㄨˊ-ㄨ
涂沙	塗沙	ㄊㄨˊ-ㄕㄚ
涂沙米粉	塗沙米粉	ㄊㄨˊ-ㄕㄚ-ㄇㄧˇ-ㄈㄣˇ
涂沙粉	塗沙粉	ㄊㄨˊ-ㄕㄚ-ㄈㄣˇ
涂沫	塗沫	ㄊㄨˊ-ㄇㄛˋ
涂油	塗油	ㄊㄨˊ-ㄧㄡˊ
涂涂	塗塗	ㄊㄨˊ-ㄊㄨˊ
涂溜	塗溜	ㄊㄨˊ-ㄌㄧㄡ
涂漆	塗漆	ㄊㄨˊ-ㄑㄧ
涂炭	塗炭	ㄊㄨˊ-ㄊㄢˋ
涂炭屎	塗炭屎	ㄊㄨˊ-ㄊㄢˋ-ㄕˇ
涂片	塗片	ㄊㄨˊ-ㄆㄧㄢˋ
涂牛	塗牛	ㄊㄨˊ-ㄋㄧㄡˊ
涂猴	塗猴	ㄊㄨˊ-ㄏㄡˊ
涂窟	塗窟	ㄊㄨˊ-ㄎㄨ
涂米沙	塗米沙	ㄊㄨˊ-ㄇㄧˇ-ㄕㄚ
涂粉	塗粉	ㄊㄨˊ-ㄈㄣˇ
涂糜	塗糜	ㄊㄨˊ-ㄇㄧˊ
涂糜胿	塗糜胿	ㄊㄨˊ-ㄇㄧˊ-ㄍㄨㄟ
涂糜膏	塗糜膏	ㄊㄨˊ-ㄇㄧˊ-ㄍㄠ
涂肥	塗肥	ㄊㄨˊ-ㄈㄟˊ
涂膏	塗膏	ㄊㄨˊ-ㄍㄠ
涂色	塗色	ㄊㄨˊ-ㄙㄜˋ
涂虫	塗蟲	ㄊㄨˊ-ㄏㄨㄟˇ
涂虱	塗蝨	ㄊㄨˊ-ㄕ
涂蚓	塗蚓	ㄊㄨˊ-ㄧㄣˇ
涂蚯	塗蚯	ㄊㄨˊ-ㄑㄧㄡ
涂蝛仔	塗蝛仔	ㄊㄨˊ-ㄨㄟ-ㄗˇ
涂豆	塗豆	ㄊㄨˊ-ㄉㄡˋ
涂豆仁	塗豆仁	ㄊㄨˊ-ㄉㄡˋ-ㄖㄣˊ
涂豆油	塗豆油	ㄊㄨˊ-ㄉㄡˋ-ㄧㄡˊ
涂豆糖	塗豆糖	ㄊㄨˊ-ㄉㄡˋ-ㄊㄤˊ
涂跤	塗跤	ㄊㄨˊ-ㄐㄧㄠ
涂跤巾	塗跤巾	ㄊㄨˊ-ㄐㄧㄠ-ㄐㄧㄣ
涂跤布	塗跤布	ㄊㄨˊ-ㄐㄧㄠ-ㄅㄨˋ
涂陷	塗陷	ㄊㄨˊ-ㄒㄧㄢˋ
涂香	塗香	ㄊㄨˊ-ㄒㄧㄤ
涂香子	塗香子	ㄊㄨˊ-ㄒㄧㄤ-ㄗˇ
涂骹	塗骹	ㄊㄨˊ-ㄑㄧㄠ
涂鬼仔	塗鬼仔	ㄊㄨˊ-ㄍㄨㄟˇ-ㄗˇ
消极	消極	ㄒㄧㄠ-ㄐㄧˊ
消毒柜	消毒櫃	ㄒㄧㄠ-ㄉㄨˊ-ㄍㄨㄟˋ
涌入	湧入	ㄩㄥˇ-ㄖㄨˋ
涌出	湧出	ㄩㄥˇ-ㄔㄨ
涌浪	湧浪	ㄩㄥˇ-ㄌㄤˋ
涌潮	湧潮	ㄩㄥˇ-ㄔㄠˊ
淀粉	澱粉	ㄉㄧㄢˋ-ㄈㄣˇ
淀粉糖	澱粉糖	ㄉㄧㄢˋ-ㄈㄣˇ-ㄊㄤˊ
淀粉酶	澱粉酶	ㄉㄧㄢˋ-ㄈㄣˇ-ㄇㄟˊ
淡竹叶	淡竹葉	ㄉㄢˋ-ㄓㄨˊ-ㄒㄧㄝˊ
深山林里	深山林裡	ㄕㄣ-ㄕㄢ-ㄌㄧㄣˊ-ㄌㄧˇ
深广	深廣	ㄕㄣ-ㄧㄢˇ
深柜	深櫃	ㄕㄣ-ㄍㄨㄟˋ
淳朴	淳樸	ㄔㄨㄣˊ-ㄆㄨˊ
添枝加叶	添枝加葉	ㄊㄧㄢ-ㄓ-ㄐㄧㄚ-ㄒㄧㄝˊ
清党	清黨	ㄑㄧㄥ-ㄉㄤˇ
游人	遊人	ㄧㄡˊ-ㄖㄣˊ
游伴	遊伴	ㄧㄡˊ-ㄅㄢˋ
游刃有余	遊刃有餘	ㄧㄡˊ-ㄖㄣˋ-ㄧㄡˇ-ㄩˊ
游埠	遊埠	ㄧㄡˊ-ㄅㄨˋ
游嫽	遊嫽	ㄧㄡˊ-ㄌㄧㄠˊ
游客	遊客	ㄧㄡˊ-ㄎㄜˋ
游尞	遊尞	ㄧㄡˊ-ㄌㄧㄠˇ
游尺	遊尺	ㄧㄡˊ-ㄔˇ
游憩	遊憩	ㄧㄡˊ-ㄑㄧˋ
游手好閑	遊手好閑	ㄧㄡˊ-ㄕㄡˇ-ㄏㄠˇ-ㄒㄧㄢˊ
游技	遊技	ㄧㄡˊ-ㄐㄧˋ
游撃	遊撃	ㄧㄡˊ-ㄐㄧˊ
游方	遊方	ㄧㄡˊ-ㄈㄤ
游星	遊星	ㄧㄡˊ-ㄒㄧㄥ
游玩	遊玩	ㄧㄡˊ-ㄨㄢˊ
游神	遊神	ㄧㄡˊ-ㄕㄣˊ
游船	遊船	ㄧㄡˊ-ㄔㄨㄢˊ
游船河	遊船河	ㄧㄡˊ-ㄔㄨㄢˊ-ㄏㄜˊ
游艇	遊艇	ㄧㄡˊ-ㄊㄧㄥˇ
游艇仔	遊艇仔	ㄧㄡˊ-ㄊㄧㄥˇ-ㄗˇ
游行	遊行	ㄧㄡˊ-ㄒㄧㄥˊ
游街	遊街	ㄧㄡˊ-ㄐㄧㄝ
游説	遊說	ㄧㄡˊ-ㄕㄨㄛ
游豫	遊豫	ㄧㄡˊ-ㄩˋ
游逛	遊逛	ㄧㄡˊ-ㄍㄨㄤˋ
游逸	遊逸	ㄧㄡˊ-ㄧˋ
游隼	遊隼	ㄧㄡˊ-ㄓㄨㄣˇ
游香	遊香	ㄧㄡˊ-ㄒㄧㄤ
湖广	湖廣	ㄏㄨˊ-ㄧㄢˇ
湖里	湖裡	ㄏㄨˊ-ㄌㄧˇ
源于	源於	ㄩㄢˊ-ㄩˊ
溜后	溜後	ㄌㄧㄡ-ㄏㄡˋ
溢于言表	溢於言表	ㄧˋ-ㄩˊ-ㄧㄢˊ-ㄅㄧㄠˇ
溢价	溢價	ㄧˋ-ㄐㄧㄚˋ
滴虫	滴蟲	ㄉㄧ-ㄏㄨㄟˇ
滴蜡	滴蠟	ㄉㄧ-ㄓㄚˋ
漂白厂	漂白廠	ㄆㄧㄠˇ-ㄅㄞˊ-ㄏㄢˇ
漤涂	漤塗	ㄌㄢˇ-ㄊㄨˊ
漫游生物	漫遊生物	ㄇㄢˋ-ㄧㄡˊ-ㄕㄥ-ㄨˋ
潮涌	潮湧	ㄔㄠˊ-ㄩㄥˇ
潮虫	潮蟲	ㄔㄠˊ-ㄏㄨㄟˇ
激大范	激大範	ㄐㄧ-ㄉㄚˋ-ㄈㄢˋ
火划仔	火劃仔	ㄏㄨㄛˇ-ㄏㄨㄚˊ-ㄗˇ
火暝虫	火暝蟲	ㄏㄨㄛˇ-ㄇㄧㄥˊ-ㄏㄨㄟˇ
火炎虫	火炎蟲	ㄏㄨㄛˇ-ㄧㄢˊ-ㄏㄨㄟˇ
火焰虫	火焰蟲	ㄏㄨㄛˇ-ㄧㄢˋ-ㄏㄨㄟˇ
火种	火種	ㄏㄨㄛˇ-ㄔㄨㄥˊ
灰涂	灰塗	ㄏㄨㄟ-ㄊㄨˊ
炸柜	炸櫃	ㄓㄚˋ-ㄍㄨㄟˋ
烘云托月	烘雲托月	ㄏㄨㄥ-ㄩㄣˊ-ㄊㄨㄛ-ㄩㄝˋ
烘干	烘乾	ㄏㄨㄥ-ㄍㄢ
焦家庄	焦家莊	ㄐㄧㄠ-ㄐㄧㄚ-ㄓㄨㄤ
焦尸	焦屍	ㄐㄧㄠ-ㄕ
焦干	焦乾	ㄐㄧㄠ-ㄍㄢ
焦涂	焦塗	ㄐㄧㄠ-ㄊㄨˊ
然之后	然之後	ㄖㄢˊ-ㄓ-ㄏㄡˋ
然后	然後	ㄖㄢˊ-ㄏㄡˋ
然后呢	然後呢	ㄖㄢˊ-ㄏㄡˋ-ㄋㄜ
煞痒	煞癢	ㄕㄚˋ-ㄧㄤˇ
照准器	照準器	ㄓㄠˋ-ㄓㄨㄣˇ-ㄑㄧˋ
煲蜡	煲蠟	ㄅㄠ-ㄓㄚˋ
熊虫	熊蟲	ㄒㄩㄥˊ-ㄏㄨㄟˇ
熏制	熏製	ㄒㄩㄣ-ㄓˋ
熏毒法	燻毒法	ㄒㄩㄣ-ㄉㄨˊ-ㄈㄚˇ
熏肉	燻肉	ㄒㄩㄣ-ㄖㄡˋ
熏衣草	薰衣草	ㄒㄩㄣ-ㄧ-ㄘㄠˇ
熏黑	燻黑	ㄒㄩㄣ-ㄏㄟ
燕么虎	燕麼虎	ㄧㄢˋ-ㄧㄠ-ㄏㄨ
爆腌	爆醃	ㄅㄠˋ-ㄤ
爆腌咸菜	爆醃鹹菜	ㄅㄠˋ-ㄤ-ㄒㄧㄢˊ-ㄘㄞˋ
爪痒	爪癢	ㄓㄨㄚˇ-ㄧㄤˇ
爬虫	爬蟲	ㄆㄚˊ-ㄏㄨㄟˇ
父干	父幹	ㄈㄨˋ-ㄍㄢ
爽适	爽適	ㄕㄨㄤˇ-ㄍㄨㄚ
片厂	片廠	ㄆㄧㄢˋ-ㄏㄢˇ
版筑	版築	ㄅㄢˇ-ㄓㄨˊ
牌价	牌價	ㄆㄞˊ-ㄐㄧㄚˋ
牙虫	牙蟲	ㄧㄚˊ-ㄏㄨㄟˇ
牛壁虱	牛壁蝨	ㄋㄧㄡˊ-ㄅㄧˋ-ㄕ
牛屎虫	牛屎蟲	ㄋㄧㄡˊ-ㄕˇ-ㄏㄨㄟˇ
牛庄	牛莊	ㄋㄧㄡˊ-ㄓㄨㄤ
牛百叶	牛百葉	ㄋㄧㄡˊ-ㄅㄞˇ-ㄒㄧㄝˊ
牛眼干	牛眼乾	ㄋㄧㄡˊ-ㄧㄢˇ-ㄍㄢ
牛种	牛種	ㄋㄧㄡˊ-ㄔㄨㄥˊ
牛种仔	牛種仔	ㄋㄧㄡˊ-ㄔㄨㄥˊ-ㄗˇ
牛肉干	牛肉乾	ㄋㄧㄡˊ-ㄖㄡˋ-ㄍㄢ
牛虱	牛蝨	ㄋㄧㄡˊ-ㄕ
物价	物價	ㄨˋ-ㄐㄧㄚˋ
物极必反	物極必反	ㄨˋ-ㄐㄧˊ-ㄅㄧˋ-ㄈㄢˇ
物种	物種	ㄨˋ-ㄔㄨㄥˊ
物美价廉	物美價廉	ㄨˋ-ㄇㄟˇ-ㄐㄧㄚˋ-ㄌㄧㄢˊ
物腐虫生	物腐蟲生	ㄨˋ-ㄈㄨˇ-ㄏㄨㄟˇ-ㄕㄥ
物阜民丰	物阜民豐	ㄨˋ-ㄈㄨˋ-ㄇㄧㄣˊ-ㄈㄥ
特么	特麼	ㄊㄜˋ-ㄧㄠ
特价	特價	ㄊㄜˋ-ㄐㄧㄚˋ
特征	特徵	ㄊㄜˋ-ㄓㄥ
特征值	特徵值	ㄊㄜˋ-ㄓㄥ-ㄓˊ
特征向量	特徵向量	ㄊㄜˋ-ㄓㄥ-ㄒㄧㄤˋ-ㄌㄧㄤˋ
特有种	特有種	ㄊㄜˋ-ㄧㄡˇ-ㄔㄨㄥˊ
特种	特種	ㄊㄜˋ-ㄔㄨㄥˊ
特种兵	特種兵	ㄊㄜˋ-ㄔㄨㄥˊ-ㄅㄧㄥ
特种警察	特種警察	ㄊㄜˋ-ㄔㄨㄥˊ-ㄐㄧㄥˇ-ㄔㄚˊ
犬种	犬種	ㄑㄩㄢˇ-ㄔㄨㄥˊ
狂游	狂遊	ㄎㄨㄤˊ-ㄧㄡˊ
狐群狗党	狐群狗黨	ㄏㄨˊ-ㄑㄩㄣˊ-ㄍㄡˇ-ㄉㄤˇ
狗仔虫	狗仔蟲	ㄍㄡˇ-ㄗˇ-ㄏㄨㄟˇ
狗母虫	狗母蟲	ㄍㄡˇ-ㄇㄨˇ-ㄏㄨㄟˇ
狗毛仔虫	狗毛仔蟲	ㄍㄡˇ-ㄇㄠˊ-ㄗˇ-ㄏㄨㄟˇ
狗毛虫	狗毛蟲	ㄍㄡˇ-ㄇㄠˊ-ㄏㄨㄟˇ
狗虱	狗蝨	ㄍㄡˇ-ㄕ
玉汝于成	玉汝於成	ㄩˋ-ㄖㄨˇ-ㄩˊ-ㄔㄥˊ
玉米淀粉	玉米澱粉	ㄩˋ-ㄇㄧˇ-ㄉㄧㄢˋ-ㄈㄣˇ
玉虫	玉蟲	ㄩˋ-ㄏㄨㄟˇ
王人杰	王人傑	ㄨㄤˊ-ㄖㄣˊ-ㄐㄧㄝˊ
王余	王餘	ㄨㄤˊ-ㄩˊ
王党	王黨	ㄨㄤˊ-ㄉㄤˇ
王子极	王子極	ㄨㄤˊ-ㄗˇ-ㄐㄧˊ
王子荐	王子薦	ㄨㄤˊ-ㄗˇ-ㄐㄧㄢˋ
王庄	王莊	ㄨㄤˊ-ㄓㄨㄤ
王老庄	王老莊	ㄨㄤˊ-ㄌㄠˇ-ㄓㄨㄤ
珊瑚虫	珊瑚蟲	ㄕㄢ-ㄏㄨˊ-ㄏㄨㄟˇ
珍肴	珍餚	ㄓㄣ-ㄧㄠˊ
珠母云	珠母雲	ㄓㄨ-ㄇㄨˇ-ㄩㄣˊ
理据	理據	ㄌㄧˇ-ㄐㄩˋ
琉璃厂	琉璃廠	ㄌㄧㄡˊ-ㄌㄧˊ-ㄏㄢˇ
琵琶虫	琵琶蟲	ㄆㄧˊ-ㄆㄚˊ-ㄏㄨㄟˇ
瓢虫	瓢蟲	ㄆㄧㄠˊ-ㄏㄨㄟˇ
瓦虫	瓦蟲	ㄨㄚˇ-ㄏㄨㄟˇ
瓦虫仔	瓦蟲仔	ㄨㄚˇ-ㄏㄨㄟˇ-ㄗˇ
瓶筑子	瓶築子	ㄆㄧㄥˊ-ㄓㄨˊ-ㄗˇ
瓷涂	瓷塗	ㄘˊ-ㄊㄨˊ
甘于	甘於	ㄍㄢ-ㄩˊ
甘党	甘黨	ㄍㄢ-ㄉㄤˇ
甘家厂	甘家廠	ㄍㄢ-ㄐㄧㄚ-ㄏㄢˇ
甘居人后	甘居人後	ㄍㄢ-ㄐㄩ-ㄖㄣˊ-ㄏㄡˋ
甘愿	甘願	ㄍㄢ-ㄩㄢˋ
甚么	甚麼	ㄕㄣˋ-ㄧㄠ
甚而至于	甚而至於	ㄕㄣˋ-ㄦˊ-ㄓˋ-ㄩˊ
甚至于	甚至於	ㄕㄣˋ-ㄓˋ-ㄩˊ
生后	生後	ㄕㄥ-ㄏㄡˋ
生命征象	生命徵象	ㄕㄥ-ㄇㄧㄥˋ-ㄓㄥ-ㄒㄧㄤˋ
生死搏斗	生死搏鬥	ㄕㄥ-ㄙˇ-ㄅㄛˊ-ㄉㄡˇ
生毛虫	生毛蟲	ㄕㄥ-ㄇㄠˊ-ㄏㄨㄟˇ
生活党	生活黨	ㄕㄥ-ㄏㄨㄛˊ-ㄉㄤˇ
生活水准	生活水準	ㄕㄥ-ㄏㄨㄛˊ-ㄕㄨㄟˇ-ㄓㄨㄣˇ
生腌	生醃	ㄕㄥ-ㄤ
生虫	生蟲	ㄕㄥ-ㄏㄨㄟˇ
生蚝	生蠔	ㄕㄥ-ㄘˋ
用于	用於	ㄩㄥˋ-ㄩˊ
甪价	甪價	ㄌㄨˋ-ㄐㄧㄚˋ
田庄台	田莊台	ㄊㄧㄢˊ-ㄓㄨㄤ-ㄊㄞˊ
田涂	田塗	ㄊㄧㄢˊ-ㄊㄨˊ
田涂糜	田塗糜	ㄊㄧㄢˊ-ㄊㄨˊ-ㄇㄧˊ
田老虫	田老蟲	ㄊㄧㄢˊ-ㄌㄠˇ-ㄏㄨㄟˇ
田螺虫	田螺蟲	ㄊㄧㄢˊ-ㄌㄨㄛˊ-ㄏㄨㄟˇ
田里心	田裡心	ㄊㄧㄢˊ-ㄌㄧˇ-ㄒㄧㄣ
由于	由於	ㄧㄡˊ-ㄩˊ
由利本庄	由利本莊	ㄧㄡˊ-ㄌㄧˋ-ㄅㄣˇ-ㄓㄨㄤ
由表及里	由表及裡	ㄧㄡˊ-ㄅㄧㄠˇ-ㄐㄧˊ-ㄌㄧˇ
甲万	甲萬	ㄐㄧㄚˇ-ㄇㄛˋ
甲万那端	甲萬那端	ㄐㄧㄚˇ-ㄇㄛˋ-ㄋㄚˋ-ㄉㄨㄢ
甲虫	甲蟲	ㄐㄧㄚˇ-ㄏㄨㄟˇ
男仆	男僕	ㄋㄢˊ-ㄆㄨ
畏涂	畏塗	ㄨㄟˋ-ㄊㄨˊ
留党	留黨	ㄌㄧㄡˊ-ㄉㄤˇ
留种	留種	ㄌㄧㄡˊ-ㄔㄨㄥˊ
番薯叶	番薯葉	ㄈㄢ-ㄕㄨˇ-ㄒㄧㄝˊ
疏于	疏於	ㄕㄨ-ㄩˊ
疑云	疑雲	ㄧˊ-ㄩㄣˊ
疲于奔命	疲於奔命	ㄆㄧˊ-ㄩˊ-ㄅㄣ-ㄇㄧㄥˋ
病原虫	病原蟲	ㄅㄧㄥˋ-ㄩㄢˊ-ㄏㄨㄟˇ
病征	病徵	ㄅㄧㄥˋ-ㄓㄥ
病理征	病理徵	ㄅㄧㄥˋ-ㄌㄧˇ-ㄓㄥ
病种	病種	ㄅㄧㄥˋ-ㄔㄨㄥˊ
病虫害	病蟲害	ㄅㄧㄥˋ-ㄏㄨㄟˇ-ㄏㄞˋ
痒抓子	癢抓子	ㄧㄤˇ-ㄓㄨㄚ-ㄗˇ
痕痒	痕癢	ㄏㄣˊ-ㄧㄤˇ
痛痒	痛癢	ㄊㄨㄥˋ-ㄧㄤˇ
痟狗涌	痟狗湧	ㄒㄧㄠ-ㄍㄡˇ-ㄩㄥˇ
瘙痒	瘙癢	ㄙㄠˋ-ㄧㄤˇ
登峰造极	登峰造極	ㄉㄥ-ㄈㄥ-ㄗㄠˋ-ㄐㄧˊ
登极	登極	ㄉㄥ-ㄐㄧˊ
白云	白雲	ㄅㄞˊ-ㄩㄣˊ
白云山	白雲山	ㄅㄞˊ-ㄩㄣˊ-ㄕㄢ
白云岩	白雲岩	ㄅㄞˊ-ㄩㄣˊ-ㄧㄢˊ
白云母	白雲母	ㄅㄞˊ-ㄩㄣˊ-ㄇㄨˇ
白云石	白雲石	ㄅㄞˊ-ㄩㄣˊ-ㄕˊ
白云鄂博	白雲鄂博	ㄅㄞˊ-ㄩㄣˊ-ㄜˋ-ㄅㄛˊ
白党	白黨	ㄅㄞˊ-ㄉㄤˇ
白善涂	白善塗	ㄅㄞˊ-ㄕㄢˋ-ㄊㄨˊ
白嫖党	白嫖黨	ㄅㄞˊ-ㄆㄧㄠˊ-ㄉㄤˇ
白干酪	白乾酪	ㄅㄞˊ-ㄍㄢ-ㄌㄠˋ
白种	白種	ㄅㄞˊ-ㄔㄨㄥˊ
白种人	白種人	ㄅㄞˊ-ㄔㄨㄥˊ-ㄖㄣˊ
白色人种	白色人種	ㄅㄞˊ-ㄙㄜˋ-ㄖㄣˊ-ㄔㄨㄥˊ
白菜价	白菜價	ㄅㄞˊ-ㄘㄞˋ-ㄐㄧㄚˋ
白虱	白蝨	ㄅㄞˊ-ㄕ
白蜡	白蠟	ㄅㄞˊ-ㄓㄚˋ
白蜡虫	白蠟蟲	ㄅㄞˊ-ㄓㄚˋ-ㄏㄨㄟˇ
白霉	白黴	ㄅㄞˊ-ㄇㄟˊ
百万	百萬	ㄅㄞˇ-ㄇㄛˋ
百万富翁	百萬富翁	ㄅㄞˇ-ㄇㄛˋ-ㄈㄨˋ-ㄨㄥ
百叶	百葉	ㄅㄞˇ-ㄒㄧㄝˊ
百叶窗	百葉窗	ㄅㄞˇ-ㄒㄧㄝˊ-ㄔㄨㄤ
百叶箱	百葉箱	ㄅㄞˇ-ㄒㄧㄝˊ-ㄒㄧㄤ
百子柜	百子櫃	ㄅㄞˇ-ㄗˇ-ㄍㄨㄟˋ
百年之后	百年之後	ㄅㄞˇ-ㄋㄧㄢˊ-ㄓ-ㄏㄡˋ
百年虫	百年蟲	ㄅㄞˇ-ㄋㄧㄢˊ-ㄏㄨㄟˇ
百胜	百勝	ㄅㄞˇ-ㄒㄧㄥ
百足之虫	百足之蟲	ㄅㄞˇ-ㄗㄨˊ-ㄓ-ㄏㄨㄟˇ
百足虫	百足蟲	ㄅㄞˇ-ㄗㄨˊ-ㄏㄨㄟˇ
百里挑一	百裡挑一	ㄅㄞˇ-ㄌㄧˇ-ㄊㄧㄠ-ㄧ
的确	的確	ㄉㄜ˙-ㄑㄩㄝˋ
的确良	的確良	ㄉㄜ˙-ㄑㄩㄝˋ-ㄌㄧㄤˊ
的而且确	的而且確	ㄉㄜ˙-ㄦˊ-ㄑㄧㄝˇ-ㄑㄩㄝˋ
皇太极	皇太極	ㄏㄨㄤˊ-ㄊㄞˋ-ㄐㄧˊ
皮虫	皮蟲	ㄆㄧˊ-ㄏㄨㄟˇ
皮里春秋	皮裡春秋	ㄆㄧˊ-ㄌㄧˇ-ㄔㄨㄣ-ㄑㄧㄡ
盈余	盈餘	ㄧㄥˊ-ㄩˊ
盈千累万	盈千累萬	ㄧㄥˊ-ㄑㄧㄢ-ㄌㄟˋ-ㄇㄛˋ
益虫	益蟲	ㄧˋ-ㄏㄨㄟˇ
盲干	盲幹	ㄇㄤˊ-ㄍㄢ
直后	直後	ㄓˊ-ㄏㄡˋ
相于	相於	ㄒㄧㄤˋ-ㄩˊ
相斗	相鬥	ㄒㄧㄤˋ-ㄉㄡˇ
省可里	省可裡	ㄕㄥˇ-ㄎㄜˇ-ㄌㄧˇ
看准	看準	ㄎㄢˋ-ㄓㄨㄣˇ
看庄	看莊	ㄎㄢˋ-ㄓㄨㄤ
真主党	真主黨	ㄓㄣ-ㄓㄨˇ-ㄉㄤˇ
真凶	真兇	ㄓㄣ-ㄒㄩㄥ
真叶珊瑚	真葉珊瑚	ㄓㄣ-ㄒㄧㄝˊ-ㄕㄢ-ㄏㄨˊ
真理党	真理黨	ㄓㄣ-ㄌㄧˇ-ㄉㄤˇ
真确	真確	ㄓㄣ-ㄑㄩㄝˋ
真腊	真臘	ㄓㄣ-ㄌㄚˋ
眼痒	眼癢	ㄧㄢˇ-ㄧㄤˇ
眼里	眼裡	ㄧㄢˇ-ㄌㄧˇ
眾人党	眾人黨	ㄓㄨㄥˋ-ㄖㄣˊ-ㄉㄤˇ
着床	著床	ㄓㄜ˙-ㄔㄨㄤˊ
着虫	著蟲	ㄓㄜ˙-ㄏㄨㄟˇ
着陌生里	著陌生裡	ㄓㄜ˙-ㄇㄛˋ-ㄕㄥ-ㄌㄧˇ
睡后收入	睡後收入	ㄕㄨㄟˋ-ㄏㄡˋ-ㄕㄡ-ㄖㄨˋ
瞄准	瞄準	ㄇㄧㄠˊ-ㄓㄨㄣˇ
瞌睡虫	瞌睡蟲	ㄎㄜ-ㄕㄨㄟˋ-ㄏㄨㄟˇ
瞑子里	瞑子裡	ㄇㄧㄥˊ-ㄗˇ-ㄌㄧˇ
瞠乎其后	瞠乎其後	ㄔㄥ-ㄏㄨ-ㄑㄧˊ-ㄏㄡˋ
矜夸	矜誇	ㄍㄨㄢ-ㄎㄨㄚ
知丑	知醜	ㄓ-ㄔㄡˇ
知几	知幾	ㄓ-ㄐㄧ
石城里	石城裡	ㄕˊ-ㄔㄥˊ-ㄌㄧˇ
石家庄	石家莊	ㄕˊ-ㄐㄧㄚ-ㄓㄨㄤ
石庄	石莊	ㄕˊ-ㄓㄨㄤ
石蜡	石蠟	ㄕˊ-ㄓㄚˋ
砍价	砍價	ㄎㄢˇ-ㄐㄧㄚˋ
砍手党	砍手黨	ㄎㄢˇ-ㄕㄡˇ-ㄉㄤˇ
硬干	硬幹	ㄧㄥˋ-ㄍㄢ
确乎	確乎	ㄑㄩㄝˋ-ㄏㄨ
确例	確例	ㄑㄩㄝˋ-ㄌㄧˋ
确保	確保	ㄑㄩㄝˋ-ㄅㄠˇ
确信	確信	ㄑㄩㄝˋ-ㄒㄧㄣˋ
确切	確切	ㄑㄩㄝˋ-ㄑㄧㄝ
确定	確定	ㄑㄩㄝˋ-ㄉㄧㄥˋ
确定性	確定性	ㄑㄩㄝˋ-ㄉㄧㄥˋ-ㄒㄧㄥˋ
确是	確是	ㄑㄩㄝˋ-ㄕˋ
确有其事	確有其事	ㄑㄩㄝˋ-ㄧㄡˇ-ㄑㄧˊ-ㄕˋ
确有其人	確有其人	ㄑㄩㄝˋ-ㄧㄡˇ-ㄑㄧˊ-ㄖㄣˊ
确率	確率	ㄑㄩㄝˋ-ㄌㄩˋ
确立	確立	ㄑㄩㄝˋ-ㄌㄧˋ
碎叶	碎葉	ㄙㄨㄟˋ-ㄒㄧㄝˊ
碎尸	碎屍	ㄙㄨㄟˋ-ㄕ
碎尸万段	碎屍萬段	ㄙㄨㄟˋ-ㄕ-ㄇㄛˋ-ㄉㄨㄢˋ
碗柜	碗櫃	ㄨㄢˇ-ㄍㄨㄟˋ
碧云	碧雲	ㄅㄧˋ-ㄩㄣˊ
碧云寺	碧雲寺	ㄅㄧˋ-ㄩㄣˊ-ㄙˋ
碳价	碳價	ㄊㄢˋ-ㄐㄧㄚˋ
碳青霉烯	碳青黴烯	ㄊㄢˋ-ㄑㄧㄥ-ㄇㄟˊ-ㄒㄧ
磁偶极子	磁偶極子	ㄘˊ-ㄡˇ-ㄐㄧˊ-ㄗˇ
磁极	磁極	ㄘˊ-ㄐㄧˊ
磔尸	磔屍	ㄓㄜˊ-ㄕ
示范	示範	ㄕˋ-ㄈㄢˋ
社民党	社民黨	ㄕㄜˋ-ㄇㄧㄣˊ-ㄉㄤˇ
社里	社裡	ㄕㄜˋ-ㄌㄧˇ
祈愿	祈願	ㄑㄧˊ-ㄩㄢˋ
祈福党	祈福黨	ㄑㄧˊ-ㄈㄨˊ-ㄉㄤˇ
祝愿	祝願	ㄓㄨˋ-ㄩㄢˋ
神准	神準	ㄕㄣˊ-ㄓㄨㄣˇ
神游	神遊	ㄕㄣˊ-ㄧㄡˊ
神秘感	神祕感	ㄕㄣˊ-ㄇㄧˋ-ㄍㄢˇ
神秘果	神祕果	ㄕㄣˊ-ㄇㄧˋ-ㄍㄨㄛˇ
神通广大	神通廣大	ㄕㄣˊ-ㄊㄨㄥ-ㄧㄢˇ-ㄉㄚˋ
祥云	祥雲	ㄒㄧㄤˊ-ㄩㄣˊ
祥云瑞彩	祥雲瑞彩	ㄒㄧㄤˊ-ㄩㄣˊ-ㄖㄨㄟˋ-ㄘㄞˇ
票价	票價	ㄆㄧㄠˋ-ㄐㄧㄚˋ
票庄	票莊	ㄆㄧㄠˋ-ㄓㄨㄤ
票据	票據	ㄆㄧㄠˋ-ㄐㄩˋ
福本丰	福本豐	ㄈㄨˊ-ㄅㄣˇ-ㄈㄥ
禾叶	禾葉	ㄏㄜˊ-ㄒㄧㄝˊ
禾老虫	禾老蟲	ㄏㄜˊ-ㄌㄠˇ-ㄏㄨㄟˇ
禾虫	禾蟲	ㄏㄜˊ-ㄏㄨㄟˇ
私下里	私下裡	ㄙ-ㄒㄧㄚˋ-ㄌㄧˇ
私党	私黨	ㄙ-ㄉㄤˇ
私占	私佔	ㄙ-ㄓㄢˋ
秋叶	秋葉	ㄑㄧㄡ-ㄒㄧㄝˊ
秋叶原	秋葉原	ㄑㄧㄡ-ㄒㄧㄝˊ-ㄩㄢˊ
秋山准	秋山準	ㄑㄧㄡ-ㄕㄢ-ㄓㄨㄣˇ
秋庄稼	秋莊稼	ㄑㄧㄡ-ㄓㄨㄤ-ㄐㄧㄚˋ
种仁	種仁	ㄔㄨㄥˊ-ㄖㄣˊ
种仔米	種仔米	ㄔㄨㄥˊ-ㄗˇ-ㄇㄧˇ
种作	種作	ㄔㄨㄥˊ-ㄗㄨㄛˋ
种地	種地	ㄔㄨㄥˊ-ㄉㄧˋ
种塍	種塍	ㄔㄨㄥˊ-ㄔㄥˊ
种姓	種姓	ㄔㄨㄥˊ-ㄒㄧㄥˋ
种子	種子	ㄔㄨㄥˊ-ㄗˇ
种小名	種小名	ㄔㄨㄥˊ-ㄒㄧㄠˇ-ㄇㄧㄥˊ
种德	種德	ㄔㄨㄥˊ-ㄉㄜˊ
种教	種教	ㄔㄨㄥˊ-ㄐㄧㄠ
种族	種族	ㄔㄨㄥˊ-ㄗㄨˊ
种族定性	種族定性	ㄔㄨㄥˊ-ㄗㄨˊ-ㄉㄧㄥˋ-ㄒㄧㄥˋ
种族混合	種族混合	ㄔㄨㄥˊ-ㄗㄨˊ-ㄏㄨㄣˋ-ㄏㄜˊ
种族清洗	種族清洗	ㄔㄨㄥˊ-ㄗㄨˊ-ㄑㄧㄥ-ㄒㄧˇ
种族貌相	種族貌相	ㄔㄨㄥˊ-ㄗㄨˊ-ㄇㄠˋ-ㄒㄧㄤˋ
种本名	種本名	ㄔㄨㄥˊ-ㄅㄣˇ-ㄇㄧㄥˊ
种植	種植	ㄔㄨㄥˊ-ㄓˊ
种植牙	種植牙	ㄔㄨㄥˊ-ㄓˊ-ㄧㄚˊ
种歧	種歧	ㄔㄨㄥˊ-ㄑㄧˊ
种毒	種毒	ㄔㄨㄥˊ-ㄉㄨˊ
种汞	種汞	ㄔㄨㄥˊ-ㄍㄨㄥˇ
种牙	種牙	ㄔㄨㄥˊ-ㄧㄚˊ
种牛	種牛	ㄔㄨㄥˊ-ㄋㄧㄡˊ
种牛痘	種牛痘	ㄔㄨㄥˊ-ㄋㄧㄡˊ-ㄉㄡˋ
种珠	種珠	ㄔㄨㄥˊ-ㄓㄨ
种瓜得瓜	種瓜得瓜	ㄔㄨㄥˊ-ㄍㄨㄚ-ㄉㄜˊ-ㄍㄨㄚ
种田	種田	ㄔㄨㄥˊ-ㄊㄧㄢˊ
种畜	種畜	ㄔㄨㄥˊ-ㄔㄨˋ
种痘	種痘	ㄔㄨㄥˊ-ㄉㄡˋ
种皮	種皮	ㄔㄨㄥˊ-ㄆㄧˊ
种种	種種	ㄔㄨㄥˊ-ㄔㄨㄥˊ
种秧	種秧	ㄔㄨㄥˊ-ㄧㄤ
种群	種群	ㄔㄨㄥˊ-ㄑㄩㄣˊ
种花	種花	ㄔㄨㄥˊ-ㄏㄨㄚ
种花家	種花家	ㄔㄨㄥˊ-ㄏㄨㄚ-ㄐㄧㄚ
种苗	種苗	ㄔㄨㄥˊ-ㄇㄧㄠˊ
种草	種草	ㄔㄨㄥˊ-ㄘㄠˇ
种草莓	種草莓	ㄔㄨㄥˊ-ㄘㄠˇ-ㄇㄟˊ
种菌	種菌	ㄔㄨㄥˊ-ㄐㄩㄣˋ
种菜	種菜	ㄔㄨㄥˊ-ㄘㄞˋ
种觔斗	種觔斗	ㄔㄨㄥˊ-ㄐㄧㄣ-ㄉㄡˇ
秘制	秘製	ㄇㄧˋ-ㄓˋ
秘密投票	祕密投票	ㄇㄧˋ-ㄇㄧˋ-ㄊㄡˊ-ㄆㄧㄠˋ
秘密警察	祕密警察	ㄇㄧˋ-ㄇㄧˋ-ㄐㄧㄥˇ-ㄔㄚˊ
租价	租價	ㄗㄨ-ㄐㄧㄚˋ
秤杆虫	秤桿蟲	ㄔㄥˋ-ㄍㄢ-ㄏㄨㄟˇ
移居种	移居種	ㄧˊ-ㄐㄩ-ㄔㄨㄥˊ
移民种	移民種	ㄧˊ-ㄇㄧㄣˊ-ㄔㄨㄥˊ
程子极	程子極	ㄔㄥˊ-ㄗ˙-ㄐㄧˊ
稍后	稍後	ㄕㄠ-ㄏㄡˋ
稚虫	稚蟲	ㄓˋ-ㄏㄨㄟˇ
稠人广坐	稠人廣坐	ㄔㄡˊ-ㄖㄣˊ-ㄧㄢˇ-ㄗㄨㄛˋ
稻种	稻種	ㄉㄠˋ-ㄔㄨㄥˊ
稻虱	稻蝨	ㄉㄠˋ-ㄕ
稿荐	稿薦	ㄍㄠˇ-ㄐㄧㄢˋ
究极	究極	ㄐㄧㄡˋ-ㄐㄧˊ
穿云裂石	穿雲裂石	ㄔㄨㄢ-ㄩㄣˊ-ㄌㄧㄝˋ-ㄕˊ
穿柜桶底	穿櫃桶底	ㄔㄨㄢ-ㄍㄨㄟˋ-ㄊㄨㄥˇ-ㄉㄧˇ
窗仔帘	窗仔簾	ㄔㄨㄤ-ㄗˇ-ㄌㄧㄢˊ
窗帘子	窗簾子	ㄔㄨㄤ-ㄌㄧㄢˊ-ㄗˇ
立后	立後	ㄌㄧˋ-ㄏㄡˋ
立山小种	立山小種	ㄌㄧˋ-ㄕㄢ-ㄒㄧㄠˇ-ㄔㄨㄥˊ
立柜	立櫃	ㄌㄧˋ-ㄍㄨㄟˋ
站柜台	站櫃檯	ㄓㄢˋ-ㄍㄨㄟˋ-ㄊㄞˊ
童仆	童僕	ㄊㄨㄥˊ-ㄆㄨ
童党	童黨	ㄊㄨㄥˊ-ㄉㄤˇ
竹叶	竹葉	ㄓㄨˊ-ㄒㄧㄝˊ
竹叶叶	竹葉葉	ㄓㄨˊ-ㄒㄧㄝˊ-ㄒㄧㄝˊ
竹叶子	竹葉子	ㄓㄨˊ-ㄒㄧㄝˊ-ㄗˇ
竹叶青	竹葉青	ㄓㄨˊ-ㄒㄧㄝˊ-ㄑㄧㄥ
竹子叶叶	竹子葉葉	ㄓㄨˊ-ㄗ˙-ㄒㄧㄝˊ-ㄒㄧㄝˊ
竹子叶子	竹子葉子	ㄓㄨˊ-ㄗ˙-ㄒㄧㄝˊ-ㄗˇ
竹杠	竹槓	ㄓㄨˊ-ㄍㄤ
笑里藏刀	笑裡藏刀	ㄒㄧㄠˋ-ㄌㄧˇ-ㄘㄤˊ-ㄉㄠ
第一志愿	第一志願	ㄉㄧˋ-ㄧ-ㄓˋ-ㄩㄢˋ
第一性征	第一性徵	ㄉㄧˋ-ㄧ-ㄒㄧㄥˋ-ㄓㄥ
第二性征	第二性徵	ㄉㄧˋ-ㄦˋ-ㄒㄧㄥˋ-ㄓㄥ
第五种	第五種	ㄉㄧˋ-ㄨˇ-ㄔㄨㄥˊ
第几	第幾	ㄉㄧˋ-ㄐㄧ
等于	等於	ㄉㄥˇ-ㄩˊ
等价	等價	ㄉㄥˇ-ㄐㄧㄚˋ
筑后	筑後	ㄓㄨˊ-ㄏㄡˋ
筑地	築地	ㄓㄨˊ-ㄉㄧˋ
筑城	築城	ㄓㄨˊ-ㄔㄥˊ
筑堤	築堤	ㄓㄨˊ-ㄊㄧˊ
筑子	築子	ㄓㄨˊ-ㄗˇ
筑巢	築巢	ㄓㄨˊ-ㄔㄠˊ
筑底	築底	ㄓㄨˊ-ㄉㄧˇ
筑方城	築方城	ㄓㄨˊ-ㄈㄤ-ㄔㄥˊ
筑路	築路	ㄓㄨˊ-ㄌㄨˋ
筑造	築造	ㄓㄨˊ-ㄗㄠˋ
答巴租腊	答巴租臘	ㄉㄚˊ-ㄅㄚ-ㄗㄨ-ㄌㄚˋ
答愿	答願	ㄉㄚˊ-ㄩㄢˋ
答腊鼓	答臘鼓	ㄉㄚˊ-ㄌㄚˋ-ㄍㄨˇ
策划	策劃	ㄘㄜˋ-ㄏㄨㄚˊ
箇里	箇裡	ㄍㄜˋ-ㄌㄧˇ
管柜	管櫃	ㄍㄨㄢˇ-ㄍㄨㄟˋ
篾帘	篾簾	ㄇㄧㄝˋ-ㄌㄧㄢˊ
米价	米價	ㄇㄧˇ-ㄐㄧㄚˋ
米厘	米釐	ㄇㄧˇ-ㄌㄧˊ
米虫	米蟲	ㄇㄧˇ-ㄏㄨㄟˇ
米虫子	米蟲子	ㄇㄧˇ-ㄏㄨㄟˇ-ㄗˇ
米蛀虫	米蛀蟲	ㄇㄧˇ-ㄓㄨˋ-ㄏㄨㄟˇ
籽种	籽種	ㄗˇ-ㄔㄨㄥˊ
粗枝大叶	粗枝大葉	ㄘㄨ-ㄓ-ㄉㄚˋ-ㄒㄧㄝˊ
粟种	粟種	ㄙㄨˋ-ㄔㄨㄥˊ
精于	精於	ㄐㄧㄥ-ㄩˊ
精准	精準	ㄐㄧㄥ-ㄓㄨㄣˇ
精干	精幹	ㄐㄧㄥ-ㄍㄢ
精确	精確	ㄐㄧㄥ-ㄑㄩㄝˋ
精虫	精蟲	ㄐㄧㄥ-ㄏㄨㄟˇ
精辟	精闢	ㄐㄧㄥ-ㄆㄧˋ
糊涂	糊塗	ㄏㄨ-ㄊㄨˊ
糊涂虫	糊塗蟲	ㄏㄨ-ㄊㄨˊ-ㄏㄨㄟˇ
糊涂蛋	糊塗蛋	ㄏㄨ-ㄊㄨˊ-ㄉㄢˋ
糊里糊涂	糊里糊塗	ㄏㄨ-ㄌㄧˇ-ㄏㄨ-ㄊㄨˊ
糋豆干	糋豆乾	ㄐㄧㄢˋ-ㄉㄡˋ-ㄍㄢ
糕干	糕乾	ㄍㄠ-ㄍㄢ
糕干粉	糕乾粉	ㄍㄠ-ㄍㄢ-ㄈㄣˇ
糖厂	糖廠	ㄊㄤˊ-ㄏㄢˇ
糜棱岩	糜稜岩	ㄇㄧˊ-ㄌㄥˊ-ㄧㄢˊ
素愿	素願	ㄙㄨˋ-ㄩㄢˋ
紫云	紫雲	ㄗˇ-ㄩㄣˊ
紫云英	紫雲英	ㄗˇ-ㄩㄣˊ-ㄧㄥ
罔极	罔極	ㄨㄤˇ-ㄐㄧˊ
置物柜	置物櫃	ㄓˋ-ㄨˋ-ㄍㄨㄟˋ
羊蝎子	羊蠍子	ㄧㄤˊ-ㄏㄜˊ-ㄗˇ
美不胜收	美不勝收	ㄇㄟˇ-ㄅㄨˋ-ㄒㄧㄥ-ㄕㄡ
美分党	美分黨	ㄇㄟˇ-ㄈㄣ-ㄉㄤˇ
羚羊挂角	羚羊掛角	ㄌㄧㄥˊ-ㄧㄤˊ-ㄍㄨㄚˋ-ㄐㄧㄠˇ
群眾路綫	群眾路線	ㄑㄩㄣˊ-ㄓㄨㄥˋ-ㄌㄨˋ-ㄒㄧㄢˋ
群而不党	群而不黨	ㄑㄩㄣˊ-ㄦˊ-ㄅㄨˋ-ㄉㄤˇ
羽毛未丰	羽毛未豐	ㄩˇ-ㄇㄠˊ-ㄨㄟˋ-ㄈㄥ
翕种	翕種	ㄒㄧˋ-ㄔㄨㄥˊ
翻云覆雨	翻雲覆雨	ㄈㄢ-ㄩㄣˊ-ㄈㄨˋ-ㄩˇ
翻涌	翻湧	ㄈㄢ-ㄩㄥˇ
翻箱倒柜	翻箱倒櫃	ㄈㄢ-ㄒㄧㄤ-ㄉㄠˇ-ㄍㄨㄟˋ
老于世故	老於世故	ㄌㄠˇ-ㄩˊ-ㄕˋ-ㄍㄨˋ
老仆	老僕	ㄌㄠˇ-ㄆㄨ
老傢伙	老傢夥	ㄌㄠˇ-ㄐㄧㄚ-ㄏㄨㄛ
老几	老幾	ㄌㄠˇ-ㄐㄧ
老后年	老後年	ㄌㄠˇ-ㄏㄡˋ-ㄋㄧㄢˊ
老后日	老後日	ㄌㄠˇ-ㄏㄡˋ-ㄖˋ
老家伙	老傢夥	ㄌㄠˇ-ㄐㄧㄚ-ㄏㄨㄛˇ
老干部	老幹部	ㄌㄠˇ-ㄍㄢ-ㄅㄨˋ
老广	老廣	ㄌㄠˇ-ㄧㄢˇ
老庄	老莊	ㄌㄠˇ-ㄓㄨㄤ
老白虱	老白蝨	ㄌㄠˇ-ㄅㄞˊ-ㄕ
老糊涂	老糊塗	ㄌㄠˇ-ㄏㄨ-ㄊㄨˊ
老虫	老蟲	ㄌㄠˇ-ㄏㄨㄟˇ
老里八早	老裡八早	ㄌㄠˇ-ㄌㄧˇ-ㄅㄚ-ㄗㄠˇ
考后	考後	ㄎㄠˇ-ㄏㄡˋ
考据	考據	ㄎㄠˇ-ㄐㄩˋ
而后	而後	ㄦˊ-ㄏㄡˋ
耍太极	耍太極	ㄕㄨㄚˇ-ㄊㄞˋ-ㄐㄧˊ
耕种	耕種	ㄍㄥ-ㄔㄨㄥˊ
耕种人	耕種人	ㄍㄥ-ㄔㄨㄥˊ-ㄖㄣˊ
耳后	耳後	ㄦˇ-ㄏㄡˋ
耶烈万	耶烈萬	ㄧㄝˊ-ㄌㄧㄝˋ-ㄇㄛˋ
肉厂	肉廠	ㄖㄡˋ-ㄏㄢˇ
肉干	肉乾	ㄖㄡˋ-ㄍㄢ
肉庄	肉莊	ㄖㄡˋ-ㄓㄨㄤ
肉杠子	肉槓子	ㄖㄡˋ-ㄍㄤ-ㄗˇ
肉里分	肉裡分	ㄖㄡˋ-ㄌㄧˇ-ㄈㄣ
肖庄	肖莊	ㄒㄧㄠˋ-ㄓㄨㄤ
肚里	肚裡	ㄉㄨˋ-ㄌㄧˇ
肚里惹	肚裡惹	ㄉㄨˋ-ㄌㄧˇ-ㄖㄜˇ
肚里背	肚裡背	ㄉㄨˋ-ㄌㄧˇ-ㄅㄟˋ
肝叶	肝葉	ㄍㄢ-ㄒㄧㄝˊ
肝小叶	肝小葉	ㄍㄢ-ㄒㄧㄠˇ-ㄒㄧㄝˊ
股价	股價	ㄍㄨˇ-ㄐㄧㄚˋ
肥尸大只	肥屍大隻	ㄈㄟˊ-ㄕ-ㄉㄚˋ-ㄓˇ
肥涂	肥塗	ㄈㄟˊ-ㄊㄨˊ
育种	育種	ㄩˋ-ㄔㄨㄥˊ
育种者	育種者	ㄩˋ-ㄔㄨㄥˊ-ㄓㄜˇ
肴核	餚核	ㄧㄠˊ-ㄏㄜˊ
肺叶	肺葉	ㄈㄟˋ-ㄒㄧㄝˊ
肺吸虫	肺吸蟲	ㄈㄟˋ-ㄒㄧ-ㄏㄨㄟˇ
肺囊虫	肺囊蟲	ㄈㄟˋ-ㄋㄤˊ-ㄏㄨㄟˇ
背后	背後	ㄅㄟˋ-ㄏㄡˋ
背地里	背地裡	ㄅㄟˋ-ㄉㄧˋ-ㄌㄧˇ
胛脊后	胛脊後	ㄐㄧㄚˇ-ㄐㄧˇ-ㄏㄡˋ
胜之不武	勝之不武	ㄒㄧㄥ-ㄓ-ㄅㄨˋ-ㄨˇ
胜于	勝於	ㄒㄧㄥ-ㄩˊ
胜仗	勝仗	ㄒㄧㄥ-ㄓㄤˋ
胜任	勝任	ㄒㄧㄥ-ㄖㄣˋ
胜似	勝似	ㄒㄧㄥ-ㄙˋ
胜出	勝出	ㄒㄧㄥ-ㄔㄨ
胜利	勝利	ㄒㄧㄥ-ㄌㄧˋ
胜利球迷	勝利球迷	ㄒㄧㄥ-ㄌㄧˋ-ㄑㄧㄡˊ-ㄇㄧˊ
胜利者	勝利者	ㄒㄧㄥ-ㄌㄧˋ-ㄓㄜˇ
胜券	勝券	ㄒㄧㄥ-ㄑㄩㄢˋ
胜哥	勝哥	ㄒㄧㄥ-ㄍㄜ
胜因	勝因	ㄒㄧㄥ-ㄧㄣ
胜在	勝在	ㄒㄧㄥ-ㄗㄞˋ
胜地	勝地	ㄒㄧㄥ-ㄉㄧˋ
胜境	勝境	ㄒㄧㄥ-ㄐㄧㄥˋ
胜如	勝如	ㄒㄧㄥ-ㄖㄨˊ
胜局	勝局	ㄒㄧㄥ-ㄐㄩˊ
胜山	勝山	ㄒㄧㄥ-ㄕㄢ
胜捷	勝捷	ㄒㄧㄥ-ㄐㄧㄝˊ
胜景	勝景	ㄒㄧㄥ-ㄐㄧㄥˇ
胜杯	勝杯	ㄒㄧㄥ-ㄅㄟ
胜果	勝果	ㄒㄧㄥ-ㄍㄨㄛˇ
胜概	勝概	ㄒㄧㄥ-ㄍㄞˋ
胜浦	勝浦	ㄒㄧㄥ-ㄆㄨˇ
胜游	勝遊	ㄒㄧㄥ-ㄧㄡˊ
胜瓜	勝瓜	ㄒㄧㄥ-ㄍㄨㄚ
胜算	勝算	ㄒㄧㄥ-ㄙㄨㄢˋ
胜者	勝者	ㄒㄧㄥ-ㄓㄜˇ
胜英	勝英	ㄒㄧㄥ-ㄧㄥ
胡涂	胡塗	ㄏㄨˊ-ㄊㄨˊ
胡里抹搭	胡裡抹搭	ㄏㄨˊ-ㄌㄧˇ-ㄇㄛˇ-ㄉㄚ
胭脂虫	胭脂蟲	ㄧㄢ-ㄓ-ㄏㄨㄟˇ
胸挂骨	胸掛骨	ㄒㄩㄥ-ㄍㄨㄚˋ-ㄍㄨˇ
能干	能幹	ㄋㄥˊ-ㄍㄢ
腊克	臘克	ㄌㄚˋ-ㄎㄜˋ
腊八	臘八	ㄌㄚˋ-ㄅㄚ
腊八粥	臘八粥	ㄌㄚˋ-ㄅㄚ-ㄓㄡ
腊味	臘味	ㄌㄚˋ-ㄨㄟˋ
腊子口	臘子口	ㄌㄚˋ-ㄗˇ-ㄎㄡˇ
腊戌	臘戌	ㄌㄚˋ-ㄒㄩ
腊戍	臘戍	ㄌㄚˋ-ㄕㄨˋ
腊月	臘月	ㄌㄚˋ-ㄩㄝˋ
腊月里	臘月裡	ㄌㄚˋ-ㄩㄝˋ-ㄌㄧˇ
腊梅	臘梅	ㄌㄚˋ-ㄇㄟˊ
腊梅花	臘梅花	ㄌㄚˋ-ㄇㄟˊ-ㄏㄨㄚ
腊汁	臘汁	ㄌㄚˋ-ㄓ
腊肉	臘肉	ㄌㄚˋ-ㄖㄡˋ
腊酒	臘酒	ㄌㄚˋ-ㄐㄧㄡˇ
腊雪	臘雪	ㄌㄚˋ-ㄒㄩㄝˇ
腌制	醃製	ㄤ-ㄓˋ
腌牛肉	醃牛肉	ㄤ-ㄋㄧㄡˊ-ㄖㄡˋ
腌瓜	醃瓜	ㄤ-ㄍㄨㄚ
腌菜	醃菜	ㄤ-ㄘㄞˋ
腌製	醃製	ㄤ-ㄓˋ
腐尸	腐屍	ㄈㄨˇ-ㄕ
腥膻	腥羶	ㄒㄧㄥ-ㄊㄢˇ
腹腔干	腹腔幹	ㄈㄨˋ-ㄑㄧㄤ-ㄍㄢ
腹里	腹裡	ㄈㄨˋ-ㄌㄧˇ
膻味	羶味	ㄊㄢˇ-ㄨㄟˋ
臣仆	臣僕	ㄔㄣˊ-ㄆㄨ
自助游	自助遊	ㄗˋ-ㄓㄨˋ-ㄧㄡˊ
自后	自後	ㄗˋ-ㄏㄡˋ
自夸	自誇	ㄗˋ-ㄎㄨㄚ
自干五	自乾五	ㄗˋ-ㄍㄢ-ㄨˇ
自愿	自願	ㄗˋ-ㄩㄢˋ
自民党	自民黨	ㄗˋ-ㄇㄧㄣˊ-ㄉㄤˇ
自由价格	自由價格	ㄗˋ-ㄧㄡˊ-ㄐㄧㄚˋ-ㄍㄜˊ
自由党	自由黨	ㄗˋ-ㄧㄡˊ-ㄉㄤˇ
自由斗士	自由鬥士	ㄗˋ-ㄧㄡˊ-ㄉㄡˇ-ㄕˋ
自胜	自勝	ㄗˋ-ㄒㄧㄥ
自荐	自薦	ㄗˋ-ㄐㄧㄢˋ
自适	自適	ㄗˋ-ㄍㄨㄚ
自雇	自僱	ㄗˋ-ㄍㄨˋ
臭屁虫	臭屁蟲	ㄔㄡˋ-ㄆㄧˋ-ㄏㄨㄟˇ
臭涂	臭塗	ㄔㄡˋ-ㄊㄨˊ
臭涂味	臭塗味	ㄔㄡˋ-ㄊㄨˊ-ㄨㄟˋ
臭虫	臭蟲	ㄔㄡˋ-ㄏㄨㄟˇ
至于	至於	ㄓˋ-ㄩˊ
至极	至極	ㄓˋ-ㄐㄧˊ
致公党	致公黨	ㄓˋ-ㄍㄨㄥ-ㄉㄤˇ
致郁	致鬱	ㄓˋ-ㄩˋ
舅舅党	舅舅黨	ㄐㄧㄡˋ-ㄐㄧㄡˋ-ㄉㄤˇ
舌叶	舌葉	ㄕㄜˊ-ㄒㄧㄝˊ
舌叶音	舌葉音	ㄕㄜˊ-ㄒㄧㄝˊ-ㄧㄣ
舍姆里	舍姆裡	ㄕㄜˋ-ㄇㄨˇ-ㄌㄧˇ
舒适	舒適	ㄕㄨ-ㄍㄨㄚ
舒适圈	舒適圈	ㄕㄨ-ㄍㄨㄚ-ㄑㄩㄢ
舒适度	舒適度	ㄕㄨ-ㄍㄨㄚ-ㄉㄨˋ
船厂	船廠	ㄔㄨㄢˊ-ㄏㄢˇ
良种	良種	ㄌㄧㄤˊ-ㄔㄨㄥˊ
艾叶	艾葉	ㄞˋ-ㄒㄧㄝˊ
艾叶子	艾葉子	ㄞˋ-ㄒㄧㄝˊ-ㄗˇ
艾叶豹	艾葉豹	ㄞˋ-ㄒㄧㄝˊ-ㄅㄠˋ
芒果干	芒果乾	ㄇㄤˊ-ㄍㄨㄛˇ-ㄍㄢ
芒种	芒種	ㄇㄤˊ-ㄔㄨㄥˊ
花叶病	花葉病	ㄏㄨㄚ-ㄒㄧㄝˊ-ㄅㄧㄥˋ
花洒	花灑	ㄏㄨㄚ-ㄙㄚˇ
花瓶党	花瓶黨	ㄏㄨㄚ-ㄆㄧㄥˊ-ㄉㄤˇ
花里胡哨	花裡胡哨	ㄏㄨㄚ-ㄌㄧˇ-ㄏㄨˊ-ㄕㄠˋ
芽庄	芽莊	ㄧㄚˊ-ㄓㄨㄤ
苄青霉素	苄青黴素	ㄅㄧㄢˋ-ㄑㄧㄥ-ㄇㄟˊ-ㄙㄨˋ
苑里	苑裡	ㄩㄢˋ-ㄌㄧˇ
苞叶	苞葉	ㄅㄠ-ㄒㄧㄝˊ
若准	若準	ㄖㄨㄛˋ-ㄓㄨㄣˇ
若干云	若干雲	ㄖㄨㄛˋ-ㄍㄢ-ㄩㄣˊ
若虫	若蟲	ㄖㄨㄛˋ-ㄏㄨㄟˇ
苦于	苦於	ㄎㄨˇ-ㄩˊ
苦叶叶	苦葉葉	ㄎㄨˇ-ㄒㄧㄝˊ-ㄒㄧㄝˊ
苦干	苦幹	ㄎㄨˇ-ㄍㄢ
英杰	英傑	ㄧㄥ-ㄐㄧㄝˊ
英雄豪杰	英雄豪傑	ㄧㄥ-ㄒㄩㄥˊ-ㄏㄠˊ-ㄐㄧㄝˊ
苹婆	蘋婆	ㄆㄧㄥˊ-ㄆㄛˊ
苹果	蘋果	ㄆㄧㄥˊ-ㄍㄨㄛˇ
苹果卷	蘋果卷	ㄆㄧㄥˊ-ㄍㄨㄛˇ-ㄐㄩㄢˇ
苹果批	蘋果批	ㄆㄧㄥˊ-ㄍㄨㄛˇ-ㄆㄧ
苹果梨	蘋果梨	ㄆㄧㄥˊ-ㄍㄨㄛˇ-ㄌㄧˊ
苹果棋	蘋果棋	ㄆㄧㄥˊ-ㄍㄨㄛˇ-ㄑㄧˊ
苹果汁	蘋果汁	ㄆㄧㄥˊ-ㄍㄨㄛˇ-ㄓ
苹果派	蘋果派	ㄆㄧㄥˊ-ㄍㄨㄛˇ-ㄆㄞˋ
苹果皮	蘋果皮	ㄆㄧㄥˊ-ㄍㄨㄛˇ-ㄆㄧˊ
苹果肌	蘋果肌	ㄆㄧㄥˊ-ㄍㄨㄛˇ-ㄐㄧ
苹果超市	蘋果超市	ㄆㄧㄥˊ-ㄍㄨㄛˇ-ㄔㄠ-ㄕˋ
苹果酒	蘋果酒	ㄆㄧㄥˊ-ㄍㄨㄛˇ-ㄐㄧㄡˇ
苹果酸	蘋果酸	ㄆㄧㄥˊ-ㄍㄨㄛˇ-ㄙㄨㄢ
苹果醋	蘋果醋	ㄆㄧㄥˊ-ㄍㄨㄛˇ-ㄘㄨˋ
苹果餐	蘋果餐	ㄆㄧㄥˊ-ㄍㄨㄛˇ-ㄘㄢ
范例	範例	ㄈㄢˋ-ㄌㄧˋ
范式	範式	ㄈㄢˋ-ㄕˋ
范文	範文	ㄈㄢˋ-ㄨㄣˊ
范本	範本	ㄈㄢˋ-ㄅㄣˇ
范河	範河	ㄈㄢˋ-ㄏㄜˊ
茶余酒后	茶餘酒後	ㄔㄚˊ-ㄩˊ-ㄐㄧㄡˇ-ㄏㄡˋ
茶叶	茶葉	ㄔㄚˊ-ㄒㄧㄝˊ
茶叶子	茶葉子	ㄔㄚˊ-ㄒㄧㄝˊ-ㄗˇ
茶叶茶	茶葉茶	ㄔㄚˊ-ㄒㄧㄝˊ-ㄔㄚˊ
茶叶蛋	茶葉蛋	ㄔㄚˊ-ㄒㄧㄝˊ-ㄉㄢˋ
茶庄	茶莊	ㄔㄚˊ-ㄓㄨㄤ
草履虫	草履蟲	ㄘㄠˇ-ㄌㄩˇ-ㄏㄨㄟˇ
草帘子	草簾子	ㄘㄠˇ-ㄌㄧㄢˊ-ㄗ˙
草虫	草蟲	ㄘㄠˇ-ㄏㄨㄟˇ
草鞋虫	草鞋蟲	ㄘㄠˇ-ㄒㄧㄝˊ-ㄏㄨㄟˇ
荐椎	薦椎	ㄐㄧㄢˋ-ㄓㄨㄟ
荐褥	薦褥	ㄐㄧㄢˋ-ㄖㄨˋ
荐骨	薦骨	ㄐㄧㄢˋ-ㄍㄨˇ
荔枝庄	荔枝莊	ㄌㄧˋ-ㄓ-ㄓㄨㄤ
荖叶	荖葉	ㄌㄠˇ-ㄒㄧㄝˊ
荷叶	荷葉	ㄏㄜˊ-ㄒㄧㄝˊ
荷叶包	荷葉包	ㄏㄜˊ-ㄒㄧㄝˊ-ㄅㄠ
莘庄	莘莊	ㄒㄧㄣ-ㄓㄨㄤ
菊厂	菊廠	ㄐㄩˊ-ㄏㄢˇ
菜叶	菜葉	ㄘㄞˋ-ㄒㄧㄝˊ
菜干	菜乾	ㄘㄞˋ-ㄍㄢ
菜种	菜種	ㄘㄞˋ-ㄔㄨㄥˊ
菜虫	菜蟲	ㄘㄞˋ-ㄏㄨㄟˇ
菲佣	菲傭	ㄈㄟ-ㄩㄥˋ
落价	落價	ㄌㄨㄛˋ-ㄐㄧㄚˋ
落叶	落葉	ㄌㄨㄛˋ-ㄒㄧㄝˊ
落叶松	落葉松	ㄌㄨㄛˋ-ㄒㄧㄝˊ-ㄙㄨㄥ
落后	落後	ㄌㄨㄛˋ-ㄏㄡˋ
落后年	落後年	ㄌㄨㄛˋ-ㄏㄡˋ-ㄋㄧㄢˊ
落后日	落後日	ㄌㄨㄛˋ-ㄏㄡˋ-ㄖˋ
落后者	落後者	ㄌㄨㄛˋ-ㄏㄡˋ-ㄓㄜˇ
落尸鬼	落屍鬼	ㄌㄨㄛˋ-ㄕ-ㄍㄨㄟˇ
落愿	落願	ㄌㄨㄛˋ-ㄩㄢˋ
落洒	落灑	ㄌㄨㄛˋ-ㄙㄚˇ
落涂	落塗	ㄌㄨㄛˋ-ㄊㄨˊ
落种	落種	ㄌㄨㄛˋ-ㄔㄨㄥˊ
著虫	著蟲	ㄓㄜ˙-ㄏㄨㄟˇ
葡提子干	葡提子乾	ㄆㄨˊ-ㄊㄧˊ-ㄗˇ-ㄍㄢ
葡萄干	葡萄乾	ㄆㄨˊ-ㄊㄠˊ-ㄍㄢ
蒂杰利多	蒂傑利多	ㄉㄧˋ-ㄐㄧㄝˊ-ㄌㄧˋ-ㄉㄨㄛ
蒙古人种	蒙古人種	ㄇㄥˊ-ㄍㄨˇ-ㄖㄣˊ-ㄔㄨㄥˊ
蒙哲腊	蒙哲臘	ㄇㄥˊ-ㄓㄜˊ-ㄌㄚˋ
蓑衣虫	蓑衣蟲	ㄙㄨㄛ-ㄧ-ㄏㄨㄟˇ
蓬厂	蓬廠	ㄆㄥˊ-ㄏㄢˇ
蕉叶	蕉葉	ㄐㄧㄠ-ㄒㄧㄝˊ
蕙肴	蕙餚	ㄏㄨㄟˋ-ㄧㄠˊ
薄厘厘	薄釐釐	ㄅㄛˊ-ㄌㄧˊ-ㄌㄧˊ
薰涂	薰塗	ㄒㄩㄣ-ㄊㄨˊ
薰虫	薰蟲	ㄒㄩㄣ-ㄏㄨㄟˇ
藏富于民	藏富於民	ㄘㄤˊ-ㄈㄨˋ-ㄩˊ-ㄇㄧㄣˊ
蘑菇云	蘑菇雲	ㄇㄛˊ-ㄍㄨ-ㄩㄣˊ
虎口余生	虎口餘生	ㄏㄨˇ-ㄎㄡˇ-ㄩˊ-ㄕㄥ
虎甲虫	虎甲蟲	ㄏㄨ-ㄐㄧㄚˇ-ㄏㄨㄟˇ
虐毛虫	虐毛蟲	ㄋㄩㄝˋ-ㄇㄠˊ-ㄏㄨㄟˇ
虫仔	蟲仔	ㄏㄨㄟˇ-ㄗˇ
虫卵	蟲卵	ㄏㄨㄟˇ-ㄌㄨㄢˇ
虫口	蟲口	ㄏㄨㄟˇ-ㄎㄡˇ
虫吃牙	蟲吃牙	ㄏㄨㄟˇ-ㄔ-ㄧㄚˊ
虫咬咬	蟲咬咬	ㄏㄨㄟˇ-ㄧㄠˇ-ㄧㄠˇ
虫囝	蟲囝	ㄏㄨㄟˇ-ㄋㄢ
虫垂	蟲垂	ㄏㄨㄟˇ-ㄔㄨㄟˊ
虫垂炎	蟲垂炎	ㄏㄨㄟˇ-ㄔㄨㄟˊ-ㄧㄢˊ
虫子	蟲子	ㄏㄨㄟˇ-ㄗˇ
虫害	蟲害	ㄏㄨㄟˇ-ㄏㄞˋ
虫情	蟲情	ㄏㄨㄟˇ-ㄑㄧㄥˊ
虫洞	蟲洞	ㄏㄨㄟˇ-ㄉㄨㄥˋ
虫牙	蟲牙	ㄏㄨㄟˇ-ㄧㄚˊ
虫眼	蟲眼	ㄏㄨㄟˇ-ㄧㄢˇ
虫眼眼	蟲眼眼	ㄏㄨㄟˇ-ㄧㄢˇ-ㄧㄢˇ
虫篆	蟲篆	ㄏㄨㄟˇ-ㄓㄨㄢˋ
虫臂鼠肝	蟲臂鼠肝	ㄏㄨㄟˇ-ㄅㄟˋ-ㄕㄨˇ-ㄍㄢ
虫草	蟲草	ㄏㄨㄟˇ-ㄘㄠˇ
虫草花	蟲草花	ㄏㄨㄟˇ-ㄘㄠˇ-ㄏㄨㄚ
虫虫	蟲蟲	ㄏㄨㄟˇ-ㄏㄨㄟˇ
虫蛀牙	蟲蛀牙	ㄏㄨㄟˇ-ㄓㄨˋ-ㄧㄚˊ
虫豸	蟲豸	ㄏㄨㄟˇ-ㄓˋ
虱仔	蝨仔	ㄕ-ㄗˇ
虱婆	蝨婆	ㄕ-ㄆㄛˊ
虱母	蝨母	ㄕ-ㄇㄨˇ
虱母仔	蝨母仔	ㄕ-ㄇㄨˇ-ㄗˇ
虱目	蝨目	ㄕ-ㄇㄨˋ
虱篦	蝨篦	ㄕ-ㄅㄧˋ
虱篦鬍	蝨篦鬍	ㄕ-ㄅㄧˋ-ㄏㄨˊ
蚊虫	蚊蟲	ㄨㄣˊ-ㄏㄨㄟˇ
蚊虫香	蚊蟲香	ㄨㄣˊ-ㄏㄨㄟˇ-ㄒㄧㄤ
蚜虫	蚜蟲	ㄧㄚˊ-ㄏㄨㄟˇ
蚝子	蠔子	ㄘˋ-ㄗˇ
蚝民	蠔民	ㄘˋ-ㄇㄧㄣˊ
蚝油	蠔油	ㄘˋ-ㄧㄡˊ
蚝烙	蠔烙	ㄘˋ-ㄌㄠˋ
蚝煎	蠔煎	ㄘˋ-ㄐㄧㄢ
蚝爽	蠔爽	ㄘˋ-ㄕㄨㄤˇ
蚝田	蠔田	ㄘˋ-ㄊㄧㄢˊ
蚝菇	蠔菇	ㄘˋ-ㄍㄨ
蚝豉	蠔豉	ㄘˋ-ㄔˇ
蚤虱	蚤蝨	ㄗㄠˇ-ㄕ
蛀米大虫	蛀米大蟲	ㄓㄨˋ-ㄇㄧˇ-ㄉㄚˋ-ㄏㄨㄟˇ
蛀虫	蛀蟲	ㄓㄨˋ-ㄏㄨㄟˇ
蛆虫	蛆蟲	ㄑㄩ-ㄏㄨㄟˇ
蛇蝎	蛇蠍	ㄕㄜˊ-ㄏㄜˊ
蛇蝎美人	蛇蠍美人	ㄕㄜˊ-ㄏㄜˊ-ㄇㄟˇ-ㄖㄣˊ
蛔虫	蛔蟲	ㄏㄨㄟˊ-ㄏㄨㄟˇ
蛔虫病	蛔蟲病	ㄏㄨㄟˊ-ㄏㄨㄟˇ-ㄅㄧㄥˋ
蜂蜡	蜂蠟	ㄈㄥ-ㄓㄚˋ
蜂蝎	蜂蠍	ㄈㄥ-ㄏㄜˊ
蜈蚣虫	蜈蚣蟲	ㄨˊ-ㄍㄨㄥ-ㄏㄨㄟˇ
蜜虫	蜜蟲	ㄇㄧˋ-ㄏㄨㄟˇ
蜜蜡	蜜蠟	ㄇㄧˋ-ㄓㄚˋ
蜡像	蠟像	ㄓㄚˋ-ㄒㄧㄤˋ
蜡克	蠟克	ㄓㄚˋ-ㄎㄜˋ
蜡台	蠟台	ㄓㄚˋ-ㄊㄞˊ
蜡叶	蠟葉	ㄓㄚˋ-ㄒㄧㄝˊ
蜡扦	蠟扦	ㄓㄚˋ-ㄑㄧㄢ
蜡染	蠟染	ㄓㄚˋ-ㄖㄢˇ
蜡梅	蠟梅	ㄓㄚˋ-ㄇㄟˊ
蜡梅花	蠟梅花	ㄓㄚˋ-ㄇㄟˊ-ㄏㄨㄚ
蜡油	蠟油	ㄓㄚˋ-ㄧㄡˊ
蜡炬	蠟炬	ㄓㄚˋ-ㄐㄩˋ
蜡蔗	蠟蔗	ㄓㄚˋ-ㄓㄜˋ
蜡蜂	蠟蜂	ㄓㄚˋ-ㄈㄥ
蜡螟	蠟螟	ㄓㄚˋ-ㄇㄧㄥˊ
蜡青	蠟青	ㄓㄚˋ-ㄑㄧㄥ
蜰虫	蜰蟲	ㄈㄟˊ-ㄏㄨㄟˇ
蜱虫	蜱蟲	ㄆㄧˊ-ㄏㄨㄟˇ
蝌蝌啃蜡	蝌蝌啃蠟	ㄎㄜ-ㄎㄜ-ㄎㄣˇ-ㄓㄚˋ
蝎了虎子	蠍了虎子	ㄏㄜˊ-ㄌㄜ˙-ㄏㄨˇ-ㄗˇ
蝎仔	蠍仔	ㄏㄜˊ-ㄗˇ
蝎仔虫	蠍仔蟲	ㄏㄜˊ-ㄗˇ-ㄏㄨㄟˇ
蝎子	蠍子	ㄏㄜˊ-ㄗˇ
蝎拉虎子	蠍拉虎子	ㄏㄜˊ-ㄌㄚ-ㄏㄨˇ-ㄗˇ
蝎虎	蠍虎	ㄏㄜˊ-ㄏㄨ
蝎虎子	蠍虎子	ㄏㄜˊ-ㄏㄨˇ-ㄗˇ
蝎虎座	蠍虎座	ㄏㄜˊ-ㄏㄨ-ㄗㄨㄛˋ
蝒虫	蝒蟲	ㄇㄧㄢˊ-ㄏㄨㄟˇ
蝗虫	蝗蟲	ㄏㄨㄤˊ-ㄏㄨㄟˇ
螬虫	螬蟲	ㄘㄠˊ-ㄏㄨㄟˇ
蟠据	蟠據	ㄆㄢˊ-ㄐㄩˋ
蟮虫	蟮蟲	ㄔㄢˊ-ㄏㄨㄟˇ
蟮虫仔	蟮蟲仔	ㄔㄢˊ-ㄏㄨㄟˇ-ㄗˇ
蠓虫	蠓蟲	ㄇㄥˇ-ㄏㄨㄟˇ
蠕屎虫	蠕屎蟲	ㄖㄨˊ-ㄕˇ-ㄏㄨㄟˇ
蠕虫	蠕蟲	ㄖㄨˊ-ㄏㄨㄟˇ
蠹虫	蠹蟲	ㄉㄨˋ-ㄏㄨㄟˇ
血余炭	血餘炭	ㄒㄧㄝˇ-ㄩˊ-ㄊㄢˋ
血吸虫	血吸蟲	ㄒㄧㄝˇ-ㄒㄧ-ㄏㄨㄟˇ
血吸虫病	血吸蟲病	ㄒㄧㄝˇ-ㄒㄧ-ㄏㄨㄟˇ-ㄅㄧㄥˋ
血汗工厂	血汗工廠	ㄒㄧㄝˇ-ㄏㄢˋ-ㄍㄨㄥ-ㄏㄢˇ
行云	行雲	ㄒㄧㄥˊ-ㄩㄣˊ
行云流水	行雲流水	ㄒㄧㄥˊ-ㄩㄣˊ-ㄌㄧㄡˊ-ㄕㄨㄟˇ
行家里手	行家裡手	ㄏㄤˊ-ㄐㄧㄚ-ㄌㄧˇ-ㄕㄡˇ
行有余力	行有餘力	ㄒㄧㄥˊ-ㄧㄡˇ-ㄩˊ-ㄌㄧˋ
街采	街採	ㄐㄧㄝ-ㄘㄞˇ
衢涂	衢塗	ㄑㄩˊ-ㄊㄨˊ
衣挂	衣掛	ㄧ-ㄍㄨㄚˋ
衣柜	衣櫃	ㄧ-ㄍㄨㄟˋ
衣虫	衣蟲	ㄧ-ㄏㄨㄟˇ
衣虱	衣蝨	ㄧ-ㄕ
表征	表徵	ㄅㄧㄠˇ-ㄓㄥ
表荐	表薦	ㄅㄧㄠˇ-ㄐㄧㄢˋ
表里	表裡	ㄅㄧㄠˇ-ㄌㄧˇ
表里一致	表裡一致	ㄅㄧㄠˇ-ㄌㄧˇ-ㄧ-ㄓˋ
表里不一	表裡不一	ㄅㄧㄠˇ-ㄌㄧˇ-ㄅㄨˋ-ㄧ
表里如一	表裡如一	ㄅㄧㄠˇ-ㄌㄧˇ-ㄖㄨˊ-ㄧ
衫柜	衫櫃	ㄕㄢ-ㄍㄨㄟˋ
被里	被裡	ㄅㄟˋ-ㄌㄧˇ
裡里	裡裡	ㄌㄧˇ-ㄌㄧˇ
裸虫	裸蟲	ㄌㄨㄛˇ-ㄏㄨㄟˇ
裹尸	裹屍	ㄍㄨㄛˇ-ㄕ
製造厂	製造廠	ㄓˋ-ㄗㄠˋ-ㄏㄢˇ
西厂	西廠	ㄒㄧ-ㄏㄢˇ
西岳	西嶽	ㄒㄧ-ㄩㄝˋ
西朱范	西朱範	ㄒㄧ-ㄓㄨ-ㄈㄢˋ
西瓜虫	西瓜蟲	ㄒㄧ-ㄍㄨㄚ-ㄏㄨㄟˇ
要么	要麼	ㄧㄠˋ-ㄧㄠ
要价	要價	ㄧㄠˋ-ㄐㄧㄚˋ
覆雨翻云	覆雨翻雲	ㄈㄨˋ-ㄩˇ-ㄈㄢ-ㄩㄣˊ
角斗	角鬥	ㄐㄧㄠˇ-ㄉㄡˇ
角斗士	角鬥士	ㄐㄧㄠˇ-ㄉㄡˇ-ㄕˋ
角柜	角櫃	ㄐㄧㄠˇ-ㄍㄨㄟˋ
解党	解黨	ㄐㄧㄝˇ-ㄉㄤˇ
解几	解幾	ㄐㄧㄝˇ-ㄐㄧ
解析几何	解析幾何	ㄐㄧㄝˇ-ㄒㄧ-ㄐㄧ-ㄏㄜˊ
言之有据	言之有據	ㄧㄢˊ-ㄓ-ㄧㄡˇ-ㄐㄩˋ
詹姆斯党	詹姆斯黨	ㄓㄢ-ㄇㄨˇ-ㄙ-ㄉㄤˇ
誓愿	誓願	ㄕˋ-ㄩㄢˋ
謷丑	謷醜	ㄠˊ-ㄔㄡˇ
警种	警種	ㄐㄧㄥˇ-ㄔㄨㄥˊ
豆干糋	豆乾糋	ㄉㄡˋ-ㄍㄢ-ㄐㄧㄢˋ
象党	象黨	ㄒㄧㄤˋ-ㄉㄤˇ
象征	象徵	ㄒㄧㄤˋ-ㄓㄥ
象征性	象徵性	ㄒㄧㄤˋ-ㄓㄥ-ㄒㄧㄥˋ
象虫	象蟲	ㄒㄧㄤˋ-ㄏㄨㄟˇ
象鼻虫	象鼻蟲	ㄒㄧㄤˋ-ㄅㄧˊ-ㄏㄨㄟˇ
豪杰	豪傑	ㄏㄠˊ-ㄐㄧㄝˊ
豺虫	豺蟲	ㄔㄞˊ-ㄏㄨㄟˇ
赤党	赤黨	ㄔˋ-ㄉㄤˇ
赤几	赤幾	ㄔˋ-ㄐㄧ
赤涂	赤塗	ㄔˋ-ㄊㄨˊ
走极端	走極端	ㄗㄡˇ-ㄐㄧˊ-ㄉㄨㄢ
走肉行尸	走肉行屍	ㄗㄡˇ-ㄖㄡˋ-ㄒㄧㄥˊ-ㄕ
起价	起價	ㄑㄧˇ-ㄐㄧㄚˋ
起步价	起步價	ㄑㄧˇ-ㄅㄨˋ-ㄐㄧㄚˋ
超极化	超極化	ㄔㄠ-ㄐㄧˊ-ㄏㄨㄚˋ
超极本	超極本	ㄔㄠ-ㄐㄧˊ-ㄅㄣˇ
足愿	足願	ㄗㄨˊ-ㄩㄢˋ
足范	足範	ㄗㄨˊ-ㄈㄢˋ
跋万六	跋萬六	ㄅㄚˊ-ㄇㄛˋ-ㄌㄧㄡˋ
跋价	跋價	ㄅㄚˊ-ㄐㄧㄚˋ
跋前疐后	跋前疐後	ㄅㄚˊ-ㄑㄧㄢˊ-ㄓˋ-ㄏㄡˋ
跌价	跌價	ㄉㄧㄝˊ-ㄐㄧㄚˋ
跖骨	蹠骨	ㄓ-ㄍㄨˇ
跟屁虫	跟屁蟲	ㄍㄣ-ㄆㄧˋ-ㄏㄨㄟˇ
跤后卵	跤後卵	ㄐㄧㄠ-ㄏㄡˋ-ㄌㄨㄢˇ
跤后肚	跤後肚	ㄐㄧㄠ-ㄏㄡˋ-ㄉㄨˋ
跤后肚肉	跤後肚肉	ㄐㄧㄠ-ㄏㄡˋ-ㄉㄨˋ-ㄖㄡˋ
跤后腹	跤後腹	ㄐㄧㄠ-ㄏㄡˋ-ㄈㄨˋ
跤后蹬	跤後蹬	ㄐㄧㄠ-ㄏㄡˋ-ㄉㄥˋ
跳虫	跳蟲	ㄊㄧㄠˋ-ㄏㄨㄟˇ
跳虱	跳蝨	ㄊㄧㄠˋ-ㄕ
蹦极	高空彈跳	ㄅㄥˋ-ㄐㄧˊ
躁郁	躁鬱	ㄗㄠˋ-ㄩˋ
躁郁症	躁鬱症	ㄗㄠˋ-ㄩˋ-ㄓㄥˋ
身价	身價	ㄕㄣ-ㄐㄧㄚˋ
身后	身後	ㄕㄣ-ㄏㄡˋ
身后事	身後事	ㄕㄣ-ㄏㄡˋ-ㄕˋ
身尸	身屍	ㄕㄣ-ㄕ
躺尸	躺屍	ㄊㄤˇ-ㄕ
辛党	辛黨	ㄒㄧㄣ-ㄉㄤˇ
辛几何	辛幾何	ㄒㄧㄣ-ㄐㄧ-ㄏㄜˊ
辟谷	辟穀	ㄆㄧˋ-ㄍㄨˇ
辣么	辣麼	ㄌㄚˋ-ㄧㄠ
返厂	返廠	ㄈㄢˇ-ㄏㄢˇ
返朴	返樸	ㄈㄢˇ-ㄆㄨˊ
迦叶	迦葉	ㄐㄧㄚ-ㄒㄧㄝˊ
迦叶佛	迦葉佛	ㄐㄧㄚ-ㄒㄧㄝˊ-ㄈㄛˊ
迫于	迫於	ㄆㄛˋ-ㄩˊ
迭搭里	迭搭裡	ㄉㄧㄝˊ-ㄉㄚ-ㄌㄧˇ
退党	退黨	ㄊㄨㄟˋ-ㄉㄤˇ
退后	退後	ㄊㄨㄟˋ-ㄏㄡˋ
适中	適中	ㄍㄨㄚ-ㄓㄨㄥ
适于	適於	ㄍㄨㄚ-ㄩˊ
适人握持	適人握持	ㄍㄨㄚ-ㄖㄣˊ-ㄨㄛˋ-ㄔˊ
适任	適任	ㄍㄨㄚ-ㄖㄣˋ
适例	適例	ㄍㄨㄚ-ㄌㄧˋ
适值	適值	ㄍㄨㄚ-ㄓˊ
适切	適切	ㄍㄨㄚ-ㄑㄧㄝ
适可而止	適可而止	ㄍㄨㄚ-ㄎㄜˇ-ㄦˊ-ㄓˇ
适合	適合	ㄍㄨㄚ-ㄏㄜˊ
适合性	適合性	ㄍㄨㄚ-ㄏㄜˊ-ㄒㄧㄥˋ
适婚	適婚	ㄍㄨㄚ-ㄏㄨㄣ
适宜	適宜	ㄍㄨㄚ-ㄧˊ
适度	適度	ㄍㄨㄚ-ㄉㄨˋ
适得其反	適得其反	ㄍㄨㄚ-ㄉㄜˊ-ㄑㄧˊ-ㄈㄢˇ
适得其所	適得其所	ㄍㄨㄚ-ㄉㄜˊ-ㄑㄧˊ-ㄙㄨㄛˇ
适性	適性	ㄍㄨㄚ-ㄒㄧㄥˋ
适意	適意	ㄍㄨㄚ-ㄧˋ
适才	適才	ㄍㄨㄚ-ㄘㄞˊ
适格	適格	ㄍㄨㄚ-ㄍㄜˊ
适法	適法	ㄍㄨㄚ-ㄈㄚˇ
适用	適用	ㄍㄨㄚ-ㄩㄥˋ
适箬	適箬	ㄍㄨㄚ-ㄖㄨㄛˋ
适老	適老	ㄍㄨㄚ-ㄌㄠˇ
适老化	適老化	ㄍㄨㄚ-ㄌㄠˇ-ㄏㄨㄚˋ
适者	適者	ㄍㄨㄚ-ㄓㄜˇ
适者生存	適者生存	ㄍㄨㄚ-ㄓㄜˇ-ㄕㄥ-ㄘㄨㄣˊ
适耕庄	適耕莊	ㄍㄨㄚ-ㄍㄥ-ㄓㄨㄤ
适航	適航	ㄍㄨㄚ-ㄏㄤˊ
适航指令	適航指令	ㄍㄨㄚ-ㄏㄤˊ-ㄓˇ-ㄌㄧㄥˋ
适逢	適逢	ㄍㄨㄚ-ㄈㄥˊ
适配	適配	ㄍㄨㄚ-ㄆㄟˋ
适配器	介面卡	ㄍㄨㄚ-ㄆㄟˋ-ㄑㄧˋ
适量	適量	ㄍㄨㄚ-ㄌㄧㄤˊ
逆党	逆黨	ㄋㄧˋ-ㄉㄤˇ
透种	透種	ㄊㄡˋ-ㄔㄨㄥˊ
透辟	透闢	ㄊㄡˋ-ㄆㄧˋ
通柜	通櫃	ㄊㄨㄥ-ㄍㄨㄟˋ
通胜	通勝	ㄊㄨㄥ-ㄒㄧㄥ
速胜	速勝	ㄙㄨˋ-ㄒㄧㄥ
造价	造價	ㄗㄠˋ-ㄐㄧㄚˋ
造船厂	造船廠	ㄗㄠˋ-ㄔㄨㄢˊ-ㄏㄢˇ
遂愿	遂願	ㄙㄨㄟˋ-ㄩㄢˋ
遍于	遍於	ㄅㄧㄢˋ-ㄩˊ
遏云	遏雲	ㄜˋ-ㄩㄣˊ
遨游	遨遊	ㄠˊ-ㄧㄡˊ
遮丑	遮醜	ㄓㄜ-ㄔㄡˇ
那么	那麼	ㄋㄚˋ-ㄧㄠ
那么些	那麼些	ㄋㄚˋ-ㄧㄠ-ㄒㄧㄝ
那么着	那麼著	ㄋㄚˋ-ㄧㄠ-ㄓㄜ˙
那里	那裡	ㄋㄚˋ-ㄌㄧˇ
邪不胜正	邪不勝正	ㄒㄧㄝˊ-ㄅㄨˋ-ㄒㄧㄥ-ㄓㄥˋ
郁伊	鬱伊	ㄩˋ-ㄧ
郁勃	鬱勃	ㄩˋ-ㄅㄛˊ
郁卒	鬱卒	ㄩˋ-ㄗㄨˊ
郁南	鬱南	ㄩˋ-ㄋㄢˊ
郁屈	鬱屈	ㄩˋ-ㄑㄩ
郁抑	鬱抑	ㄩˋ-ㄧˋ
郁拗	鬱拗	ㄩˋ-ㄋㄧㄡˋ
郁期	鬱期	ㄩˋ-ㄑㄧˊ
郁林	鬱林	ㄩˋ-ㄌㄧㄣˊ
郁江	鬱江	ㄩˋ-ㄐㄧㄤ
郁然	鬱然	ㄩˋ-ㄖㄢˊ
郁症	鬱症	ㄩˋ-ㄓㄥˋ
郁着	鬱著	ㄩˋ-ㄓㄜ˙
郁血	鬱血	ㄩˋ-ㄒㄧㄝˇ
郁酸	鬱酸	ㄩˋ-ㄙㄨㄢ
郁酺	鬱酺	ㄩˋ-ㄆㄨˊ
郁金	鬱金	ㄩˋ-ㄐㄧㄣ
郁金香	鬱金香	ㄩˋ-ㄐㄧㄣ-ㄒㄧㄤ
郁陵	鬱陵	ㄩˋ-ㄌㄧㄥˊ
郁陶	鬱陶	ㄩˋ-ㄊㄠˊ
郁雨	鬱雨	ㄩˋ-ㄩˇ
郊游	郊遊	ㄐㄧㄠ-ㄧㄡˊ
郭端庄	郭端莊	ㄍㄨㄛ-ㄉㄨㄢ-ㄓㄨㄤ
鄙厘	鄙釐	ㄅㄧˇ-ㄌㄧˊ
配件厂	配件廠	ㄆㄟˋ-ㄐㄧㄢˋ-ㄏㄢˇ
配价	配價	ㄆㄟˋ-ㄐㄧㄚˋ
配种	配種	ㄆㄟˋ-ㄔㄨㄥˊ
酒厂	酒廠	ㄐㄧㄡˇ-ㄏㄢˇ
酒庄	酒莊	ㄐㄧㄡˇ-ㄓㄨㄤ
酣斗	酣鬥	ㄏㄢ-ㄉㄡˇ
酵种	酵種	ㄒㄧㄠˋ-ㄔㄨㄥˊ
醪确确	醪確確	ㄌㄠˊ-ㄑㄩㄝˋ-ㄑㄩㄝˋ
采伐	採伐	ㄘㄞˇ-ㄈㄚˊ
采信	採信	ㄘㄞˇ-ㄒㄧㄣˋ
采光	採光	ㄘㄞˇ-ㄍㄨㄤ
采制	採製	ㄘㄞˇ-ㄓˋ
采取	採取	ㄘㄞˇ-ㄑㄩˇ
采拾	採拾	ㄘㄞˇ-ㄕˊ
采掘	採掘	ㄘㄞˇ-ㄐㄩㄝˊ
采摘	採摘	ㄘㄞˇ-ㄓㄞ
采摭	採摭	ㄘㄞˇ-ㄓˊ
采收	採收	ㄘㄞˇ-ㄕㄡ
采收率	採收率	ㄘㄞˇ-ㄕㄡ-ㄌㄩˋ
采景	採景	ㄘㄞˇ-ㄐㄧㄥˇ
采暖	採暖	ㄘㄞˇ-ㄋㄨㄢˇ
采桃花	採桃花	ㄘㄞˇ-ㄊㄠˊ-ㄏㄨㄚ
采桑	採桑	ㄘㄞˇ-ㄙㄤ
采樵	採樵	ㄘㄞˇ-ㄑㄧㄠˊ
采油	採油	ㄘㄞˇ-ㄧㄡˊ
采物	採物	ㄘㄞˇ-ㄨˋ
采珠	採珠	ㄘㄞˇ-ㄓㄨ
采用	採用	ㄘㄞˇ-ㄩㄥˋ
采石	採石	ㄘㄞˇ-ㄕˊ
采石山	採石山	ㄘㄞˇ-ㄕˊ-ㄕㄢ
采种	採種	ㄘㄞˇ-ㄔㄨㄥˊ
采耳	採耳	ㄘㄞˇ-ㄦˇ
采花	採花	ㄘㄞˇ-ㄏㄨㄚ
采花蜂	採花蜂	ㄘㄞˇ-ㄏㄨㄚ-ㄈㄥ
采茶	採茶	ㄘㄞˇ-ㄔㄚˊ
采蜜	採蜜	ㄘㄞˇ-ㄇㄧˋ
采血	採血	ㄘㄞˇ-ㄒㄧㄝˇ
采行	採行	ㄘㄞˇ-ㄒㄧㄥˊ
采金船	採金船	ㄘㄞˇ-ㄐㄧㄣ-ㄔㄨㄢˊ
采集	採集	ㄘㄞˇ-ㄐㄧˊ
里便	裡便	ㄌㄧˇ-ㄅㄧㄢˋ
里向	裡向	ㄌㄧˇ-ㄒㄧㄤˋ
里外	裡外	ㄌㄧˇ-ㄨㄞˋ
里外里	裡外裡	ㄌㄧˇ-ㄨㄞˋ-ㄌㄧˇ
里子	裡子	ㄌㄧˇ-ㄗˇ
里家	裡家	ㄌㄧˇ-ㄐㄧㄚ
里屋	裡屋	ㄌㄧˇ-ㄨ
里急	裡急	ㄌㄧˇ-ㄐㄧˊ
里急后重	裡急後重	ㄌㄧˇ-ㄐㄧˊ-ㄏㄡˋ-ㄓㄨㄥˋ
里手	裡手	ㄌㄧˇ-ㄕㄡˇ
里扯火	裡扯火	ㄌㄧˇ-ㄔㄜˇ-ㄏㄨㄛˇ
里日本	裡日本	ㄌㄧˇ-ㄖˋ-ㄅㄣˇ
里栗	裡栗	ㄌㄧˇ-ㄌㄧˋ
里沙	裡沙	ㄌㄧˇ-ㄕㄚ
里海	裡海	ㄌㄧˇ-ㄏㄞˇ
里海虎	裡海虎	ㄌㄧˇ-ㄏㄞˇ-ㄏㄨ
里番	裡番	ㄌㄧˇ-ㄈㄢ
里肚	裡肚	ㄌㄧˇ-ㄉㄨˋ
里背	裡背	ㄌㄧˇ-ㄅㄟˋ
里脊	裡脊	ㄌㄧˇ-ㄐㄧˇ
里脊肉	裡脊肉	ㄌㄧˇ-ㄐㄧˇ-ㄖㄡˋ
里里	裡裡	ㄌㄧˇ-ㄌㄧˇ
里面	裡面	ㄌㄧˇ-ㄇㄧㄢˋ
里首	裡首	ㄌㄧˇ-ㄕㄡˇ
重于泰山	重於泰山	ㄓㄨㄥˋ-ㄩˊ-ㄊㄞˋ-ㄕㄢ
重价	重價	ㄓㄨㄥˋ-ㄐㄧㄚˋ
重郁症	重鬱症	ㄓㄨㄥˋ-ㄩˋ-ㄓㄥˋ
野党	野黨	ㄧㄝˇ-ㄉㄤˇ
野游	野遊	ㄧㄝˇ-ㄧㄡˊ
野种	野種	ㄧㄝˇ-ㄔㄨㄥˊ
野苹果	野蘋果	ㄧㄝˇ-ㄆㄧㄥˊ-ㄍㄨㄛˇ
金价	金價	ㄐㄧㄣ-ㄐㄧㄚˋ
金光党	金光黨	ㄐㄧㄣ-ㄍㄨㄤ-ㄉㄤˇ
金山云	金山雲	ㄐㄧㄣ-ㄕㄢ-ㄩㄣˊ
金山庄	金山莊	ㄐㄧㄣ-ㄕㄢ-ㄓㄨㄤ
金文荐	金文薦	ㄐㄧㄣ-ㄨㄣˊ-ㄐㄧㄢˋ
金枝玉叶	金枝玉葉	ㄐㄧㄣ-ㄓ-ㄩˋ-ㄒㄧㄝˊ
金胡虫	金胡蟲	ㄐㄧㄣ-ㄏㄨˊ-ㄏㄨㄟˇ
金花虫	金花蟲	ㄐㄧㄣ-ㄏㄨㄚ-ㄏㄨㄟˇ
金霉素	金黴素	ㄐㄧㄣ-ㄇㄟˊ-ㄙㄨˋ
防不胜防	防不勝防	ㄈㄤˊ-ㄅㄨˋ-ㄒㄧㄥ-ㄈㄤˊ
防晒乳	防曬乳	ㄈㄤˊ-ㄕㄞˋ-ㄖㄨˇ
防晒霜	防曬霜	ㄈㄤˊ-ㄕㄞˋ-ㄕㄨㄤ
防范	防範	ㄈㄤˊ-ㄈㄢˋ
防虫	防蟲	ㄈㄤˊ-ㄏㄨㄟˇ
阿保阿胜	阿保阿勝	ㄚ-ㄅㄠˇ-ㄚ-ㄒㄧㄥ
阿奇霉素	阿奇黴素	ㄚ-ㄑㄧˊ-ㄇㄟˊ-ㄙㄨˋ
阿里云	阿里雲	ㄚ-ㄌㄧˇ-ㄩㄣˊ
阿霉素	阿黴素	ㄚ-ㄇㄟˊ-ㄙㄨˋ
降价	降價	ㄐㄧㄤˋ-ㄐㄧㄚˋ
降准	降準	ㄐㄧㄤˋ-ㄓㄨㄣˇ
限于	限於	ㄒㄧㄢˋ-ㄩˊ
除虫菊	除蟲菊	ㄔㄨˊ-ㄏㄨㄟˇ-ㄐㄩˊ
陵游	陵遊	ㄌㄧㄥˊ-ㄧㄡˊ
隆准	隆準	ㄌㄨㄥˊ-ㄓㄨㄣˇ
雅万	雅萬	ㄧㄚˇ-ㄇㄛˋ
集思广益	集思廣益	ㄐㄧˊ-ㄙ-ㄧㄢˇ-ㄧˋ
集采	集採	ㄐㄧˊ-ㄘㄞˇ
雇佣兵	僱傭兵	ㄍㄨˋ-ㄩㄥˋ-ㄅㄧㄥ
雇凶	僱兇	ㄍㄨˋ-ㄒㄩㄥ
雇用合同	僱用合同	ㄍㄨˋ-ㄩㄥˋ-ㄏㄜˊ-ㄊㄨㄥˊ
雕虫小技	雕蟲小技	ㄉㄧㄠ-ㄏㄨㄟˇ-ㄒㄧㄠˇ-ㄐㄧˋ
雨云	雨雲	ㄩˇ-ㄩㄣˊ
雨后	雨後	ㄩˇ-ㄏㄡˋ
雨帘	雨簾	ㄩˇ-ㄌㄧㄢˊ
雨帘子	雨簾子	ㄩˇ-ㄌㄧㄢˊ-ㄗ˙
雪云	雪雲	ㄒㄩㄝˇ-ㄩㄣˊ
雪柜	雪櫃	ㄒㄩㄝˇ-ㄍㄨㄟˋ
雪种	雪種	ㄒㄩㄝˇ-ㄔㄨㄥˊ
雪里蕻	雪裡蕻	ㄒㄩㄝˇ-ㄌㄧˇ-ㄏㄨㄥˋ
零售价	零售價	ㄌㄧㄥˊ-ㄕㄡˋ-ㄐㄧㄚˋ
雷云	雷雲	ㄌㄟˊ-ㄩㄣˊ
雷帕霉素	雷帕黴素	ㄌㄟˊ-ㄆㄚˋ-ㄇㄟˊ-ㄙㄨˋ
雷蚣虫	雷蚣蟲	ㄌㄟˊ-ㄍㄨㄥ-ㄏㄨㄟˇ
雷雨云	雷雨雲	ㄌㄟˊ-ㄩˇ-ㄩㄣˊ
霉干菜	黴乾菜	ㄇㄟˊ-ㄍㄢ-ㄘㄞˋ
霉素	黴素	ㄇㄟˊ-ㄙㄨˋ
霉菌病	黴菌病	ㄇㄟˊ-ㄐㄩㄣˋ-ㄅㄧㄥˋ
霜叶	霜葉	ㄕㄨㄤ-ㄒㄧㄝˊ
霜柜	霜櫃	ㄕㄨㄤ-ㄍㄨㄟˋ
霞庄	霞莊	ㄒㄧㄚˊ-ㄓㄨㄤ
霸涂	霸塗	ㄅㄚˋ-ㄊㄨˊ
青云	青雲	ㄑㄧㄥ-ㄩㄣˊ
青云直上	青雲直上	ㄑㄧㄥ-ㄩㄣˊ-ㄓˊ-ㄕㄤˋ
青春斗	青春鬥	ㄑㄧㄥ-ㄔㄨㄣ-ㄉㄡˇ
青盲虫	青盲蟲	ㄑㄧㄥ-ㄇㄤˊ-ㄏㄨㄟˇ
青虫	青蟲	ㄑㄧㄥ-ㄏㄨㄟˇ
青霉	青黴	ㄑㄧㄥ-ㄇㄟˊ
青霉菌	青黴菌	ㄑㄧㄥ-ㄇㄟˊ-ㄐㄩㄣˋ
非党	非黨	ㄈㄟ-ㄉㄤˇ
非党人士	非黨人士	ㄈㄟ-ㄉㄤˇ-ㄖㄣˊ-ㄕˋ
非极性	非極性	ㄈㄟ-ㄐㄧˊ-ㄒㄧㄥˋ
面包价	麵包價	ㄇㄧㄢˋ-ㄅㄠ-ㄐㄧㄚˋ
面粉价	麵粉價	ㄇㄧㄢˋ-ㄈㄣˇ-ㄐㄧㄚˋ
面粉厂	麵粉廠	ㄇㄧㄢˋ-ㄈㄣˇ-ㄏㄢˇ
革命党	革命黨	ㄍㄜˊ-ㄇㄧㄥˋ-ㄉㄤˇ
鞋厂	鞋廠	ㄒㄧㄝˊ-ㄏㄢˇ
鞋柜	鞋櫃	ㄒㄧㄝˊ-ㄍㄨㄟˋ
鞋荐	鞋薦	ㄒㄧㄝˊ-ㄐㄧㄢˋ
鞋里	鞋裡	ㄒㄧㄝˊ-ㄌㄧˇ
鞋里搭	鞋裡搭	ㄒㄧㄝˊ-ㄌㄧˇ-ㄉㄚ
鞭毛虫	鞭毛蟲	ㄅㄧㄢ-ㄇㄠˊ-ㄏㄨㄟˇ
鞭蝎	鞭蠍	ㄅㄧㄢ-ㄏㄜˊ
鞭辟入里	鞭辟入裡	ㄅㄧㄢ-ㄆㄧˋ-ㄖㄨˋ-ㄌㄧˇ
音柜	音櫃	ㄧㄣ-ㄍㄨㄟˋ
音游	音遊	ㄧㄣ-ㄧㄡˊ
食虫	食蟲	ㄕˊ-ㄏㄨㄟˇ
食虫植物	食蟲植物	ㄕˊ-ㄏㄨㄟˇ-ㄓˊ-ㄨˋ
食虫虻	食蟲虻	ㄕˊ-ㄏㄨㄟˇ-ㄇㄥˊ
餐具柜	餐具櫃	ㄘㄢ-ㄐㄩˋ-ㄍㄨㄟˋ
餐台	餐檯	ㄘㄢ-ㄊㄞˊ
首划	首劃	ㄕㄡˇ-ㄏㄨㄚˊ
香山庄	香山莊	ㄒㄧㄤ-ㄕㄢ-ㄓㄨㄤ
香干	香乾	ㄒㄧㄤ-ㄍㄢ
香干子	香乾子	ㄒㄧㄤ-ㄍㄢ-ㄗˇ
香油虫	香油蟲	ㄒㄧㄤ-ㄧㄡˊ-ㄏㄨㄟˇ
香熏	香薰	ㄒㄧㄤ-ㄒㄩㄣ
香蕉厂	香蕉廠	ㄒㄧㄤ-ㄐㄧㄠ-ㄏㄢˇ
香豆腐干	香豆腐乾	ㄒㄧㄤ-ㄉㄡˋ-ㄈㄨˇ-ㄍㄢ
骨利干	骨利幹	ㄍㄨˇ-ㄌㄧˋ-ㄍㄢ
骨子里	骨子裡	ㄍㄨˇ-ㄗ˙-ㄌㄧˇ
骨干	骨幹	ㄍㄨˇ-ㄍㄢ
高三党	高三黨	ㄍㄠ-ㄙㄢ-ㄉㄤˇ
高二适	高二適	ㄍㄠ-ㄦˋ-ㄍㄨㄚ
高于	高於	ㄍㄠ-ㄩˊ
高价	高價	ㄍㄠ-ㄐㄧㄚˋ
高低杠	高低槓	ㄍㄠ-ㄉㄧ-ㄍㄤ
高干	高幹	ㄍㄠ-ㄍㄢ
高手如云	高手如雲	ㄍㄠ-ㄕㄡˇ-ㄖㄨˊ-ㄩㄣˊ
鹿角虫	鹿角蟲	ㄌㄨˋ-ㄐㄧㄠˇ-ㄏㄨㄟˇ
麻虱目	麻蝨目	ㄇㄚˊ-ㄕ-ㄇㄨˋ
麻虱目仔	麻蝨目仔	ㄇㄚˊ-ㄕ-ㄇㄨˋ-ㄗˇ
黎曼几何	黎曼幾何	ㄌㄧˊ-ㄇㄢˋ-ㄐㄧ-ㄏㄜˊ
黎民范	黎民範	ㄌㄧˊ-ㄇㄧㄣˊ-ㄈㄢˋ
黏涂	黏塗	ㄋㄧㄢˊ-ㄊㄨˊ
黏虫	黏蟲	ㄋㄧㄢˊ-ㄏㄨㄟˇ
黏黏虫	黏黏蟲	ㄋㄧㄢˊ-ㄋㄧㄢˊ-ㄏㄨㄟˇ
黑云	黑雲	ㄏㄟ-ㄩㄣˊ
黑手党	黑手黨	ㄏㄟ-ㄕㄡˇ-ㄉㄤˇ
黑曲霉	黑麴黴	ㄏㄟ-ㄑㄩˇ-ㄇㄟˊ
黑种	黑種	ㄏㄟ-ㄔㄨㄥˊ
黑种人	黑種人	ㄏㄟ-ㄔㄨㄥˊ-ㄖㄣˊ
黑种草	黑種草	ㄏㄟ-ㄔㄨㄥˊ-ㄘㄠˇ
黑里	黑裡	ㄏㄟ-ㄌㄧˇ
黑霉	黑黴	ㄏㄟ-ㄇㄟˊ
黝帘石	黝簾石	ㄧㄡˇ-ㄌㄧㄢˊ-ㄕˊ
鼠肝虫臂	鼠肝蟲臂	ㄕㄨˇ-ㄍㄢ-ㄏㄨㄟˇ-ㄅㄟˋ
鼻准	鼻準	ㄅㄧˊ-ㄓㄨㄣˇ
鼻涕虫	鼻涕蟲	ㄅㄧˊ-ㄊㄧˋ-ㄏㄨㄟˇ
鼻蚝	鼻蠔	ㄅㄧˊ-ㄘˋ
齆丑	齆醜	ㄨㄥˋ-ㄔㄡˇ
